drill,hole,mse,adaptive_threshold,prediction,label,drill_lead_time
drill_4mm_04_batch_00_collet_1_30-01-2025,1,0.00019361211,0.011528861,0.0,0,36
drill_4mm_04_batch_00_collet_1_30-01-2025,2,5.806734e-05,0.011528861,0.0,0,36
drill_4mm_04_batch_00_collet_1_30-01-2025,3,0.010578783,0.011528861,0.0,0,36
drill_4mm_04_batch_00_collet_1_30-01-2025,4,0.01154825,0.011528861,0.0,0,36
drill_4mm_04_batch_00_collet_1_30-01-2025,5,0.00021411052,0.011528861,0.0,0,36
drill_4mm_04_batch_00_collet_1_30-01-2025,6,1.3740798,0.011528861,0.0,0,36
drill_4mm_04_batch_00_collet_1_30-01-2025,7,2.2863042,0.011528861,0.0,0,36
drill_4mm_04_batch_00_collet_1_30-01-2025,8,4.7734747,0.011528861,0.0,0,36
drill_4mm_04_batch_00_collet_1_30-01-2025,9,3.5505834,0.011528861,0.0,0,36
drill_4mm_04_batch_00_collet_1_30-01-2025,10,4.1079993,0.011528861,0.0,0,36
drill_4mm_04_batch_00_collet_1_30-01-2025,11,5.1723576,0.011528861,0.0,0,36
drill_4mm_04_batch_00_collet_1_30-01-2025,12,6.536004,0.011528861,0.0,0,36
drill_4mm_04_batch_00_collet_1_30-01-2025,13,9.445425,0.011528861,0.0,0,36
drill_4mm_04_batch_00_collet_1_30-01-2025,14,7.7515635,0.011528861,0.0,0,36
drill_4mm_04_batch_00_collet_1_30-01-2025,15,8.153028,0.011528861,1.0,0,36
drill_4mm_04_batch_00_collet_1_30-01-2025,16,14.047579,0.011528861,1.0,0,36
drill_4mm_04_batch_00_collet_1_30-01-2025,17,16.595148,0.011528861,1.0,0,36
drill_4mm_04_batch_00_collet_1_30-01-2025,18,18.946316,0.011528861,1.0,0,36
drill_4mm_04_batch_00_collet_1_30-01-2025,19,20.210363,0.011528861,1.0,0,36
drill_4mm_04_batch_00_collet_1_30-01-2025,20,15.191566,0.011528861,1.0,0,36
drill_4mm_04_batch_00_collet_1_30-01-2025,21,17.563917,0.011528861,1.0,0,36
drill_4mm_04_batch_00_collet_1_30-01-2025,22,14.254658,0.011528861,1.0,0,36
drill_4mm_04_batch_00_collet_1_30-01-2025,23,13.056895,0.011528861,1.0,0,36
drill_4mm_04_batch_00_collet_1_30-01-2025,24,11.944,0.011528861,1.0,0,36
drill_4mm_04_batch_00_collet_1_30-01-2025,25,12.8908,0.011528861,1.0,0,36
drill_4mm_04_batch_00_collet_1_30-01-2025,26,11.060451,0.011528861,1.0,0,36
drill_4mm_04_batch_00_collet_1_30-01-2025,27,13.769856,0.011528861,1.0,0,36
drill_4mm_04_batch_00_collet_1_30-01-2025,28,15.118975,0.011528861,1.0,0,36
drill_4mm_04_batch_00_collet_1_30-01-2025,29,14.275251,0.011528861,1.0,0,36
drill_4mm_04_batch_00_collet_1_30-01-2025,30,12.454521,0.011528861,1.0,0,36
drill_4mm_04_batch_00_collet_1_30-01-2025,31,2.8651538,0.011528861,1.0,0,36
drill_4mm_04_batch_00_collet_1_30-01-2025,32,1.6724895,0.011528861,1.0,0,36
drill_4mm_04_batch_00_collet_1_30-01-2025,33,2.6276102,0.011528861,1.0,0,36
drill_4mm_04_batch_00_collet_1_30-01-2025,34,1.1764975,0.011528861,1.0,0,36
drill_4mm_04_batch_00_collet_1_30-01-2025,35,2.419588,0.011528861,1.0,0,36
drill_4mm_04_batch_00_collet_1_30-01-2025,36,2.2112317,0.011528861,1.0,0,36
drill_4mm_04_batch_00_collet_1_30-01-2025,37,5.917071,0.011528861,1.0,0,36
drill_4mm_04_batch_00_collet_1_30-01-2025,38,6.3212433,0.011528861,1.0,0,36
drill_4mm_04_batch_00_collet_1_30-01-2025,39,16.974926,0.011528861,1.0,0,36
drill_4mm_04_batch_00_collet_1_30-01-2025,40,5.8029494,0.011528861,1.0,0,36
drill_4mm_04_batch_00_collet_1_30-01-2025,41,7.2836647,0.011528861,1.0,0,36
drill_4mm_04_batch_00_collet_1_30-01-2025,42,9.316383,0.011528861,1.0,1,36
drill_4mm_04_batch_00_collet_1_30-01-2025,43,8.952245,0.011528861,1.0,1,36
drill_4mm_04_batch_00_collet_1_30-01-2025,44,12.004953,0.011528861,1.0,1,36
drill_4mm_04_batch_00_collet_1_30-01-2025,45,13.216855,0.011528861,1.0,1,36
drill_4mm_04_batch_00_collet_1_30-01-2025,46,14.290011,0.011528861,1.0,1,36
drill_4mm_04_batch_00_collet_1_30-01-2025,47,21.756348,0.011528861,1.0,1,36
drill_4mm_04_batch_00_collet_1_30-01-2025,48,24.430359,0.011528861,1.0,1,36
drill_4mm_04_batch_00_collet_1_30-01-2025,49,34.359337,0.011528861,1.0,1,36
drill_4mm_04_batch_00_collet_1_30-01-2025,50,24.250996,0.011528861,1.0,1,36
drill_4mm_04_batch_00_collet_1_30-01-2025,51,20.449606,0.011528861,1.0,1,36
drill_4mm_05_batch_00_collet_1_30-01-2025,1,0.00037312793,0.006043321,0.0,0,91
drill_4mm_05_batch_00_collet_1_30-01-2025,2,0.0009173619,0.006043321,0.0,0,91
drill_4mm_05_batch_00_collet_1_30-01-2025,3,0.005295793,0.006043321,0.0,0,91
drill_4mm_05_batch_00_collet_1_30-01-2025,4,0.0060585765,0.006043321,0.0,0,91
drill_4mm_05_batch_00_collet_1_30-01-2025,5,8.809114e-05,0.006043321,0.0,0,91
drill_4mm_05_batch_00_collet_1_30-01-2025,6,0.85937536,0.006043321,0.0,0,91
drill_4mm_05_batch_00_collet_1_30-01-2025,7,0.85187787,0.006043321,0.0,0,91
drill_4mm_05_batch_00_collet_1_30-01-2025,8,1.5239438,0.006043321,0.0,0,91
drill_4mm_05_batch_00_collet_1_30-01-2025,9,2.6783993,0.006043321,0.0,0,91
drill_4mm_05_batch_00_collet_1_30-01-2025,10,4.526793,0.006043321,0.0,0,91
drill_4mm_05_batch_00_collet_1_30-01-2025,11,3.081477,0.006043321,0.0,0,91
drill_4mm_05_batch_00_collet_1_30-01-2025,12,4.701283,0.006043321,0.0,0,91
drill_4mm_05_batch_00_collet_1_30-01-2025,13,4.432012,0.006043321,0.0,0,91
drill_4mm_05_batch_00_collet_1_30-01-2025,14,5.077402,0.006043321,0.0,0,91
drill_4mm_05_batch_00_collet_1_30-01-2025,15,4.6775184,0.006043321,1.0,0,91
drill_4mm_05_batch_00_collet_1_30-01-2025,16,6.7161202,0.006043321,1.0,0,91
drill_4mm_05_batch_00_collet_1_30-01-2025,17,8.097812,0.006043321,1.0,0,91
drill_4mm_05_batch_00_collet_1_30-01-2025,18,5.726218,0.006043321,1.0,0,91
drill_4mm_05_batch_00_collet_1_30-01-2025,19,6.334105,0.006043321,1.0,0,91
drill_4mm_05_batch_00_collet_1_30-01-2025,20,6.462698,0.006043321,1.0,0,91
drill_4mm_05_batch_00_collet_1_30-01-2025,21,6.912226,0.006043321,1.0,0,91
drill_4mm_05_batch_00_collet_1_30-01-2025,22,8.192311,0.006043321,1.0,0,91
drill_4mm_05_batch_00_collet_1_30-01-2025,23,3.8053684,0.006043321,1.0,0,91
drill_4mm_05_batch_00_collet_1_30-01-2025,24,8.091531,0.006043321,1.0,0,91
drill_4mm_05_batch_00_collet_1_30-01-2025,25,6.663391,0.006043321,1.0,0,91
drill_4mm_05_batch_00_collet_1_30-01-2025,26,4.2070475,0.006043321,1.0,0,91
drill_4mm_05_batch_00_collet_1_30-01-2025,27,6.53981,0.006043321,1.0,0,91
drill_4mm_05_batch_00_collet_1_30-01-2025,28,5.2828197,0.006043321,1.0,0,91
drill_4mm_05_batch_00_collet_1_30-01-2025,29,9.557085,0.006043321,1.0,0,91
drill_4mm_05_batch_00_collet_1_30-01-2025,30,7.2327538,0.006043321,1.0,0,91
drill_4mm_05_batch_00_collet_1_30-01-2025,31,4.0899262,0.006043321,1.0,0,91
drill_4mm_05_batch_00_collet_1_30-01-2025,32,4.187646,0.006043321,1.0,0,91
drill_4mm_05_batch_00_collet_1_30-01-2025,33,8.550417,0.006043321,1.0,0,91
drill_4mm_05_batch_00_collet_1_30-01-2025,34,4.44974,0.006043321,1.0,0,91
drill_4mm_05_batch_00_collet_1_30-01-2025,35,4.5574865,0.006043321,1.0,0,91
drill_4mm_05_batch_00_collet_1_30-01-2025,36,3.1970673,0.006043321,1.0,0,91
drill_4mm_05_batch_00_collet_1_30-01-2025,37,3.3457925,0.006043321,1.0,0,91
drill_4mm_05_batch_00_collet_1_30-01-2025,38,4.588288,0.006043321,1.0,0,91
drill_4mm_05_batch_00_collet_1_30-01-2025,39,9.77873,0.006043321,1.0,0,91
drill_4mm_05_batch_00_collet_1_30-01-2025,40,15.019703,0.006043321,1.0,0,91
drill_4mm_05_batch_00_collet_1_30-01-2025,41,7.6964364,0.006043321,1.0,0,91
drill_4mm_05_batch_00_collet_1_30-01-2025,42,16.784111,0.006043321,1.0,0,91
drill_4mm_05_batch_00_collet_1_30-01-2025,43,13.709471,0.006043321,1.0,0,91
drill_4mm_05_batch_00_collet_1_30-01-2025,44,9.887221,0.006043321,1.0,0,91
drill_4mm_05_batch_00_collet_1_30-01-2025,45,9.475757,0.006043321,1.0,0,91
drill_4mm_05_batch_00_collet_1_30-01-2025,46,8.648821,0.006043321,1.0,0,91
drill_4mm_05_batch_00_collet_1_30-01-2025,47,13.390035,0.006043321,1.0,0,91
drill_4mm_05_batch_00_collet_1_30-01-2025,48,11.1032505,0.006043321,1.0,0,91
drill_4mm_05_batch_00_collet_1_30-01-2025,49,13.64823,0.006043321,1.0,0,91
drill_4mm_05_batch_00_collet_1_30-01-2025,50,23.345396,0.006043321,1.0,0,91
drill_4mm_05_batch_00_collet_1_30-01-2025,51,10.392243,0.006043321,1.0,0,91
drill_4mm_05_batch_00_collet_1_30-01-2025,52,22.59758,0.006043321,1.0,0,91
drill_4mm_05_batch_00_collet_1_30-01-2025,53,6.7782187,0.006043321,1.0,0,91
drill_4mm_05_batch_00_collet_1_30-01-2025,54,8.193815,0.006043321,1.0,0,91
drill_4mm_05_batch_00_collet_1_30-01-2025,55,17.976105,0.006043321,1.0,0,91
drill_4mm_05_batch_00_collet_1_30-01-2025,56,22.065062,0.006043321,1.0,0,91
drill_4mm_05_batch_00_collet_1_30-01-2025,57,15.806834,0.006043321,1.0,0,91
drill_4mm_05_batch_00_collet_1_30-01-2025,58,19.728918,0.006043321,1.0,0,91
drill_4mm_05_batch_00_collet_1_30-01-2025,59,16.009823,0.006043321,1.0,0,91
drill_4mm_05_batch_00_collet_1_30-01-2025,60,13.23719,0.006043321,1.0,0,91
drill_4mm_05_batch_00_collet_1_30-01-2025,61,13.667503,0.006043321,1.0,0,91
drill_4mm_05_batch_00_collet_1_30-01-2025,62,29.293114,0.006043321,1.0,0,91
drill_4mm_05_batch_00_collet_1_30-01-2025,63,14.383016,0.006043321,1.0,0,91
drill_4mm_05_batch_00_collet_1_30-01-2025,64,19.368351,0.006043321,1.0,0,91
drill_4mm_05_batch_00_collet_1_30-01-2025,65,10.376271,0.006043321,1.0,0,91
drill_4mm_05_batch_00_collet_1_30-01-2025,66,17.307184,0.006043321,1.0,0,91
drill_4mm_05_batch_00_collet_1_30-01-2025,67,26.928366,0.006043321,1.0,0,91
drill_4mm_05_batch_00_collet_1_30-01-2025,68,25.346008,0.006043321,1.0,0,91
drill_4mm_05_batch_00_collet_1_30-01-2025,69,41.757942,0.006043321,1.0,0,91
drill_4mm_05_batch_00_collet_1_30-01-2025,70,48.845623,0.006043321,1.0,0,91
drill_4mm_05_batch_00_collet_1_30-01-2025,71,45.117256,0.006043321,1.0,0,91
drill_4mm_05_batch_00_collet_1_30-01-2025,72,48.39106,0.006043321,1.0,0,91
drill_4mm_05_batch_00_collet_1_30-01-2025,73,39.73451,0.006043321,1.0,0,91
drill_4mm_05_batch_00_collet_1_30-01-2025,74,37.59624,0.006043321,1.0,0,91
drill_4mm_05_batch_00_collet_1_30-01-2025,75,34.54153,0.006043321,1.0,0,91
drill_4mm_05_batch_00_collet_1_30-01-2025,76,42.05115,0.006043321,1.0,0,91
drill_4mm_05_batch_00_collet_1_30-01-2025,77,27.17911,0.006043321,1.0,0,91
drill_4mm_05_batch_00_collet_1_30-01-2025,78,39.94065,0.006043321,1.0,0,91
drill_4mm_05_batch_00_collet_1_30-01-2025,79,35.45368,0.006043321,1.0,0,91
drill_4mm_05_batch_00_collet_1_30-01-2025,80,51.677727,0.006043321,1.0,0,91
drill_4mm_05_batch_00_collet_1_30-01-2025,81,39.052204,0.006043321,1.0,0,91
drill_4mm_05_batch_00_collet_1_30-01-2025,82,33.452015,0.006043321,1.0,0,91
drill_4mm_05_batch_00_collet_1_30-01-2025,83,45.912292,0.006043321,1.0,0,91
drill_4mm_05_batch_00_collet_1_30-01-2025,84,49.414597,0.006043321,1.0,0,91
drill_4mm_05_batch_00_collet_1_30-01-2025,85,53.069572,0.006043321,1.0,0,91
drill_4mm_05_batch_00_collet_1_30-01-2025,86,74.34821,0.006043321,1.0,1,91
drill_4mm_05_batch_00_collet_1_30-01-2025,87,46.935966,0.006043321,1.0,1,91
drill_4mm_05_batch_00_collet_1_30-01-2025,88,48.524586,0.006043321,1.0,1,91
drill_4mm_05_batch_00_collet_1_30-01-2025,89,65.72856,0.006043321,1.0,1,91
drill_4mm_05_batch_00_collet_1_30-01-2025,90,38.171955,0.006043321,1.0,1,91
drill_4mm_05_batch_00_collet_1_30-01-2025,91,27.138906,0.006043321,1.0,1,91
drill_4mm_05_batch_00_collet_1_30-01-2025,92,22.315952,0.006043321,1.0,1,91
drill_4mm_05_batch_00_collet_1_30-01-2025,93,48.093372,0.006043321,1.0,1,91
drill_4mm_05_batch_00_collet_1_30-01-2025,94,23.52475,0.006043321,1.0,1,91
drill_4mm_05_batch_00_collet_1_30-01-2025,95,53.915485,0.006043321,1.0,1,91
drill_4mm_05_batch_00_collet_1_30-01-2025,96,54.72433,0.006043321,1.0,1,91
drill_4mm_05_batch_00_collet_1_30-01-2025,97,31.421566,0.006043321,1.0,1,91
drill_4mm_05_batch_00_collet_1_30-01-2025,98,59.222748,0.006043321,1.0,1,91
drill_4mm_05_batch_00_collet_1_30-01-2025,99,53.783413,0.006043321,1.0,1,91
drill_4mm_05_batch_00_collet_1_30-01-2025,100,66.38566,0.006043321,1.0,1,91
drill_4mm_05_batch_00_collet_1_30-01-2025,101,60.363777,0.006043321,1.0,1,91
drill_4mm_05_batch_00_collet_1_30-01-2025,102,62.693104,0.006043321,1.0,1,91
drill_4mm_05_batch_00_collet_1_30-01-2025,103,72.96056,0.006043321,1.0,1,91
drill_4mm_05_batch_00_collet_1_30-01-2025,104,60.778667,0.006043321,1.0,1,91
drill_4mm_05_batch_00_collet_1_30-01-2025,105,54.200283,0.006043321,1.0,1,91
drill_4mm_05_batch_00_collet_1_30-01-2025,106,57.32497,0.006043321,1.0,1,91
drill_4mm_06_batch_00_collet_1_30-01-2025,1,0.0002063823,0.00097036373,0.0,0,10
drill_4mm_06_batch_00_collet_1_30-01-2025,2,0.000980237,0.00097036373,0.0,0,10
drill_4mm_06_batch_00_collet_1_30-01-2025,3,0.00044611664,0.00097036373,0.0,0,10
drill_4mm_06_batch_00_collet_1_30-01-2025,4,0.00048657082,0.00097036373,0.0,0,10
drill_4mm_06_batch_00_collet_1_30-01-2025,5,0.00015182619,0.00097036373,0.0,0,10
drill_4mm_06_batch_00_collet_1_30-01-2025,6,1.3181481,0.00097036373,0.0,0,10
drill_4mm_06_batch_00_collet_1_30-01-2025,7,2.850584,0.00097036373,0.0,0,10
drill_4mm_06_batch_00_collet_1_30-01-2025,8,6.792392,0.00097036373,0.0,0,10
drill_4mm_06_batch_00_collet_1_30-01-2025,9,10.708404,0.00097036373,0.0,0,10
drill_4mm_06_batch_00_collet_1_30-01-2025,10,20.65888,0.00097036373,0.0,0,10
drill_4mm_06_batch_00_collet_1_30-01-2025,11,25.324963,0.00097036373,0.0,0,10
drill_4mm_06_batch_00_collet_1_30-01-2025,12,27.68456,0.00097036373,0.0,0,10
drill_4mm_06_batch_00_collet_1_30-01-2025,13,29.625578,0.00097036373,0.0,0,10
drill_4mm_06_batch_00_collet_1_30-01-2025,14,34.456573,0.00097036373,0.0,0,10
drill_4mm_06_batch_00_collet_1_30-01-2025,15,39.689224,0.00097036373,1.0,0,10
drill_4mm_06_batch_00_collet_1_30-01-2025,16,36.140816,0.00097036373,1.0,0,10
drill_4mm_06_batch_00_collet_1_30-01-2025,17,31.92829,0.00097036373,1.0,0,10
drill_4mm_06_batch_00_collet_1_30-01-2025,18,21.2715,0.00097036373,1.0,0,10
drill_4mm_06_batch_00_collet_1_30-01-2025,19,30.832148,0.00097036373,1.0,0,10
drill_4mm_06_batch_00_collet_1_30-01-2025,20,33.65922,0.00097036373,1.0,0,10
drill_4mm_06_batch_00_collet_1_30-01-2025,21,34.22763,0.00097036373,1.0,1,10
drill_4mm_06_batch_00_collet_1_30-01-2025,22,56.6973,0.00097036373,1.0,1,10
drill_4mm_06_batch_00_collet_1_30-01-2025,23,26.260199,0.00097036373,1.0,1,10
drill_4mm_06_batch_00_collet_1_30-01-2025,24,37.22653,0.00097036373,1.0,1,10
drill_4mm_06_batch_00_collet_1_30-01-2025,25,47.378227,0.00097036373,1.0,1,10
drill_4mm_07_batch_00_collet_1_31-01-2025,1,0.0009323144,0.010985635,0.0,0,17
drill_4mm_07_batch_00_collet_1_31-01-2025,2,0.011123107,0.010985635,0.0,0,17
drill_4mm_07_batch_00_collet_1_31-01-2025,3,0.0042495094,0.010985635,0.0,0,17
drill_4mm_07_batch_00_collet_1_31-01-2025,4,1.1739302e-05,0.010985635,0.0,0,17
drill_4mm_07_batch_00_collet_1_31-01-2025,5,0.00024459374,0.010985635,0.0,0,17
drill_4mm_07_batch_00_collet_1_31-01-2025,6,1.8821872,0.010985635,0.0,0,17
drill_4mm_07_batch_00_collet_1_31-01-2025,7,4.6694922,0.010985635,0.0,0,17
drill_4mm_07_batch_00_collet_1_31-01-2025,8,7.5352407,0.010985635,0.0,0,17
drill_4mm_07_batch_00_collet_1_31-01-2025,9,8.074137,0.010985635,0.0,0,17
drill_4mm_07_batch_00_collet_1_31-01-2025,10,9.211314,0.010985635,0.0,0,17
drill_4mm_07_batch_00_collet_1_31-01-2025,11,12.124675,0.010985635,0.0,0,17
drill_4mm_07_batch_00_collet_1_31-01-2025,12,14.756627,0.010985635,0.0,0,17
drill_4mm_07_batch_00_collet_1_31-01-2025,13,13.725231,0.010985635,0.0,0,17
drill_4mm_07_batch_00_collet_1_31-01-2025,14,13.159925,0.010985635,0.0,0,17
drill_4mm_07_batch_00_collet_1_31-01-2025,15,7.86988,0.010985635,1.0,0,17
drill_4mm_07_batch_00_collet_1_31-01-2025,16,6.368927,0.010985635,1.0,0,17
drill_4mm_07_batch_00_collet_1_31-01-2025,17,6.2713404,0.010985635,1.0,0,17
drill_4mm_07_batch_00_collet_1_31-01-2025,18,5.7396216,0.010985635,1.0,0,17
drill_4mm_07_batch_00_collet_1_31-01-2025,19,5.8682466,0.010985635,1.0,0,17
drill_4mm_07_batch_00_collet_1_31-01-2025,20,7.272468,0.010985635,1.0,0,17
drill_4mm_07_batch_00_collet_1_31-01-2025,21,8.440419,0.010985635,1.0,0,17
drill_4mm_07_batch_00_collet_1_31-01-2025,22,7.158554,0.010985635,1.0,0,17
drill_4mm_07_batch_00_collet_1_31-01-2025,23,8.854478,0.010985635,1.0,0,17
drill_4mm_07_batch_00_collet_1_31-01-2025,24,11.451881,0.010985635,1.0,0,17
drill_4mm_07_batch_00_collet_1_31-01-2025,25,12.964213,0.010985635,1.0,0,17
drill_4mm_07_batch_00_collet_1_31-01-2025,26,13.768513,0.010985635,1.0,0,17
drill_4mm_07_batch_00_collet_1_31-01-2025,27,14.503271,0.010985635,1.0,1,17
drill_4mm_07_batch_00_collet_1_31-01-2025,28,16.097153,0.010985635,1.0,1,17
drill_4mm_07_batch_00_collet_1_31-01-2025,29,14.980793,0.010985635,1.0,1,17
drill_4mm_07_batch_00_collet_1_31-01-2025,30,15.299638,0.010985635,1.0,1,17
drill_4mm_07_batch_00_collet_1_31-01-2025,31,6.099297,0.010985635,1.0,1,17
drill_4mm_07_batch_00_collet_1_31-01-2025,32,4.366416,0.010985635,1.0,1,17
drill_4mm_08_batch_00_collet_1_31-01-2025,1,0.0030602731,0.009880129,0.0,0,6
drill_4mm_08_batch_00_collet_1_31-01-2025,2,0.01001931,0.009880129,0.0,0,6
drill_4mm_08_batch_00_collet_1_31-01-2025,3,0.00010511851,0.009880129,0.0,0,6
drill_4mm_08_batch_00_collet_1_31-01-2025,4,0.00032420328,0.009880129,0.0,0,6
drill_4mm_08_batch_00_collet_1_31-01-2025,5,2.394508e-05,0.009880129,0.0,0,6
drill_4mm_08_batch_00_collet_1_31-01-2025,6,1.6589552,0.009880129,0.0,0,6
drill_4mm_08_batch_00_collet_1_31-01-2025,7,16.869118,0.009880129,0.0,0,6
drill_4mm_08_batch_00_collet_1_31-01-2025,8,4.5590553,0.009880129,0.0,0,6
drill_4mm_08_batch_00_collet_1_31-01-2025,9,3.5550869,0.009880129,0.0,0,6
drill_4mm_08_batch_00_collet_1_31-01-2025,10,9.214445,0.009880129,0.0,0,6
drill_4mm_08_batch_00_collet_1_31-01-2025,11,12.752403,0.009880129,0.0,0,6
drill_4mm_08_batch_00_collet_1_31-01-2025,12,13.061726,0.009880129,0.0,0,6
drill_4mm_08_batch_00_collet_1_31-01-2025,13,8.527777,0.009880129,0.0,0,6
drill_4mm_08_batch_00_collet_1_31-01-2025,14,7.5368795,0.009880129,0.0,0,6
drill_4mm_08_batch_00_collet_1_31-01-2025,15,9.394938,0.009880129,1.0,0,6
drill_4mm_08_batch_00_collet_1_31-01-2025,16,24.085094,0.009880129,1.0,0,6
drill_4mm_08_batch_00_collet_1_31-01-2025,17,8.705206,0.009880129,1.0,0,6
drill_4mm_08_batch_00_collet_1_31-01-2025,18,11.570812,0.009880129,1.0,1,6
drill_4mm_08_batch_00_collet_1_31-01-2025,19,24.242695,0.009880129,1.0,1,6
drill_4mm_08_batch_00_collet_1_31-01-2025,20,76.89426,0.009880129,1.0,1,6
drill_4mm_08_batch_00_collet_1_31-01-2025,21,10.753768,0.009880129,1.0,1,6
drill_4mm_09_batch_00_collet_1_31-01-2025,1,0.00017633983,0.007309,0.0,0,36
drill_4mm_09_batch_00_collet_1_31-01-2025,2,0.0018036277,0.007309,0.0,0,36
drill_4mm_09_batch_00_collet_1_31-01-2025,3,0.004162628,0.007309,0.0,0,36
drill_4mm_09_batch_00_collet_1_31-01-2025,4,0.0073732114,0.007309,0.0,0,36
drill_4mm_09_batch_00_collet_1_31-01-2025,5,0.00015928551,0.007309,0.0,0,36
drill_4mm_09_batch_00_collet_1_31-01-2025,6,0.71745956,0.007309,0.0,0,36
drill_4mm_09_batch_00_collet_1_31-01-2025,7,1.4140753,0.007309,0.0,0,36
drill_4mm_09_batch_00_collet_1_31-01-2025,8,3.1710122,0.007309,0.0,0,36
drill_4mm_09_batch_00_collet_1_31-01-2025,9,4.019349,0.007309,0.0,0,36
drill_4mm_09_batch_00_collet_1_31-01-2025,10,5.137822,0.007309,0.0,0,36
drill_4mm_09_batch_00_collet_1_31-01-2025,11,7.2524567,0.007309,0.0,0,36
drill_4mm_09_batch_00_collet_1_31-01-2025,12,6.6916394,0.007309,0.0,0,36
drill_4mm_09_batch_00_collet_1_31-01-2025,13,10.318275,0.007309,0.0,0,36
drill_4mm_09_batch_00_collet_1_31-01-2025,14,10.873349,0.007309,0.0,0,36
drill_4mm_09_batch_00_collet_1_31-01-2025,15,10.983766,0.007309,1.0,0,36
drill_4mm_09_batch_00_collet_1_31-01-2025,16,5.7653937,0.007309,1.0,0,36
drill_4mm_09_batch_00_collet_1_31-01-2025,17,9.329674,0.007309,1.0,0,36
drill_4mm_09_batch_00_collet_1_31-01-2025,18,8.864912,0.007309,1.0,0,36
drill_4mm_09_batch_00_collet_1_31-01-2025,19,13.376748,0.007309,1.0,0,36
drill_4mm_09_batch_00_collet_1_31-01-2025,20,14.833405,0.007309,1.0,0,36
drill_4mm_09_batch_00_collet_1_31-01-2025,21,14.970723,0.007309,1.0,0,36
drill_4mm_09_batch_00_collet_1_31-01-2025,22,13.074569,0.007309,1.0,0,36
drill_4mm_09_batch_00_collet_1_31-01-2025,23,13.248903,0.007309,1.0,0,36
drill_4mm_09_batch_00_collet_1_31-01-2025,24,18.01771,0.007309,1.0,0,36
drill_4mm_09_batch_00_collet_1_31-01-2025,25,8.505031,0.007309,1.0,0,36
drill_4mm_09_batch_00_collet_1_31-01-2025,26,12.320964,0.007309,1.0,0,36
drill_4mm_09_batch_00_collet_1_31-01-2025,27,24.04337,0.007309,1.0,0,36
drill_4mm_09_batch_00_collet_1_31-01-2025,28,16.338882,0.007309,1.0,0,36
drill_4mm_09_batch_00_collet_1_31-01-2025,29,26.032125,0.007309,1.0,0,36
drill_4mm_09_batch_00_collet_1_31-01-2025,30,17.231955,0.007309,1.0,0,36
drill_4mm_09_batch_00_collet_1_31-01-2025,31,6.1943827,0.007309,1.0,0,36
drill_4mm_09_batch_00_collet_1_31-01-2025,32,15.210405,0.007309,1.0,0,36
drill_4mm_09_batch_00_collet_1_31-01-2025,33,12.479675,0.007309,1.0,0,36
drill_4mm_09_batch_00_collet_1_31-01-2025,34,15.794832,0.007309,1.0,0,36
drill_4mm_09_batch_00_collet_1_31-01-2025,35,7.949215,0.007309,1.0,0,36
drill_4mm_09_batch_00_collet_1_31-01-2025,36,9.6336155,0.007309,1.0,0,36
drill_4mm_09_batch_00_collet_1_31-01-2025,37,5.9715996,0.007309,1.0,0,36
drill_4mm_09_batch_00_collet_1_31-01-2025,38,8.199703,0.007309,1.0,0,36
drill_4mm_09_batch_00_collet_1_31-01-2025,39,7.993263,0.007309,1.0,0,36
drill_4mm_09_batch_00_collet_1_31-01-2025,40,13.6506815,0.007309,1.0,0,36
drill_4mm_09_batch_00_collet_1_31-01-2025,41,12.3638935,0.007309,1.0,0,36
drill_4mm_09_batch_00_collet_1_31-01-2025,42,14.926878,0.007309,1.0,1,36
drill_4mm_09_batch_00_collet_1_31-01-2025,43,17.570408,0.007309,1.0,1,36
drill_4mm_09_batch_00_collet_1_31-01-2025,44,30.210629,0.007309,1.0,1,36
drill_4mm_09_batch_00_collet_1_31-01-2025,45,8.138582,0.007309,1.0,1,36
drill_4mm_09_batch_00_collet_1_31-01-2025,46,7.881614,0.007309,1.0,1,36
drill_4mm_09_batch_00_collet_1_31-01-2025,47,14.699388,0.007309,1.0,1,36
drill_4mm_09_batch_00_collet_1_31-01-2025,48,19.42451,0.007309,1.0,1,36
drill_4mm_09_batch_00_collet_1_31-01-2025,49,27.926924,0.007309,1.0,1,36
drill_4mm_09_batch_00_collet_1_31-01-2025,50,120.800766,0.007309,1.0,1,36
drill_4mm_09_batch_00_collet_1_31-01-2025,51,18.649426,0.007309,1.0,1,36
drill_4mm_10_batch_00_collet_1_04-02-2025,1,3.4433142e-05,0.016386762,0.0,0,44
drill_4mm_10_batch_00_collet_1_04-02-2025,2,1.4046495e-05,0.016386762,0.0,0,44
drill_4mm_10_batch_00_collet_1_04-02-2025,3,5.2286494e-05,0.016386762,0.0,0,44
drill_4mm_10_batch_00_collet_1_04-02-2025,4,0.016627546,0.016386762,0.0,0,44
drill_4mm_10_batch_00_collet_1_04-02-2025,5,0.004588333,0.016386762,0.0,0,44
drill_4mm_10_batch_00_collet_1_04-02-2025,6,0.2675445,0.016386762,0.0,0,44
drill_4mm_10_batch_00_collet_1_04-02-2025,7,0.45367044,0.016386762,0.0,0,44
drill_4mm_10_batch_00_collet_1_04-02-2025,8,0.9812217,0.016386762,0.0,0,44
drill_4mm_10_batch_00_collet_1_04-02-2025,9,2.3765838,0.016386762,0.0,0,44
drill_4mm_10_batch_00_collet_1_04-02-2025,10,1.0376669,0.016386762,0.0,0,44
drill_4mm_10_batch_00_collet_1_04-02-2025,11,2.2510874,0.016386762,0.0,0,44
drill_4mm_10_batch_00_collet_1_04-02-2025,12,2.445602,0.016386762,0.0,0,44
drill_4mm_10_batch_00_collet_1_04-02-2025,13,2.236193,0.016386762,0.0,0,44
drill_4mm_10_batch_00_collet_1_04-02-2025,14,2.535668,0.016386762,0.0,0,44
drill_4mm_10_batch_00_collet_1_04-02-2025,15,1.12628,0.016386762,1.0,0,44
drill_4mm_10_batch_00_collet_1_04-02-2025,16,1.9921001,0.016386762,1.0,0,44
drill_4mm_10_batch_00_collet_1_04-02-2025,17,2.2327044,0.016386762,1.0,0,44
drill_4mm_10_batch_00_collet_1_04-02-2025,18,3.134694,0.016386762,1.0,0,44
drill_4mm_10_batch_00_collet_1_04-02-2025,19,4.5371757,0.016386762,1.0,0,44
drill_4mm_10_batch_00_collet_1_04-02-2025,20,5.294851,0.016386762,1.0,0,44
drill_4mm_10_batch_00_collet_1_04-02-2025,21,4.3559475,0.016386762,1.0,0,44
drill_4mm_10_batch_00_collet_1_04-02-2025,22,3.6176562,0.016386762,1.0,0,44
drill_4mm_10_batch_00_collet_1_04-02-2025,23,3.4160848,0.016386762,1.0,0,44
drill_4mm_10_batch_00_collet_1_04-02-2025,24,3.7012494,0.016386762,1.0,0,44
drill_4mm_10_batch_00_collet_1_04-02-2025,25,3.9793487,0.016386762,1.0,0,44
drill_4mm_10_batch_00_collet_1_04-02-2025,26,3.3774967,0.016386762,1.0,0,44
drill_4mm_10_batch_00_collet_1_04-02-2025,27,4.0756617,0.016386762,1.0,0,44
drill_4mm_10_batch_00_collet_1_04-02-2025,28,5.1769385,0.016386762,1.0,0,44
drill_4mm_10_batch_00_collet_1_04-02-2025,29,5.8986993,0.016386762,1.0,0,44
drill_4mm_10_batch_00_collet_1_04-02-2025,30,5.1367607,0.016386762,1.0,0,44
drill_4mm_10_batch_00_collet_1_04-02-2025,31,4.0742273,0.016386762,1.0,0,44
drill_4mm_10_batch_00_collet_1_04-02-2025,32,4.7804527,0.016386762,1.0,0,44
drill_4mm_10_batch_00_collet_1_04-02-2025,33,4.1697454,0.016386762,1.0,0,44
drill_4mm_10_batch_00_collet_1_04-02-2025,34,2.7876408,0.016386762,1.0,0,44
drill_4mm_10_batch_00_collet_1_04-02-2025,35,4.2451086,0.016386762,1.0,0,44
drill_4mm_10_batch_00_collet_1_04-02-2025,36,4.414469,0.016386762,1.0,0,44
drill_4mm_10_batch_00_collet_1_04-02-2025,37,4.606791,0.016386762,1.0,0,44
drill_4mm_10_batch_00_collet_1_04-02-2025,38,5.418927,0.016386762,1.0,0,44
drill_4mm_10_batch_00_collet_1_04-02-2025,39,2.3977025,0.016386762,1.0,0,44
drill_4mm_10_batch_00_collet_1_04-02-2025,40,3.7579505,0.016386762,1.0,0,44
drill_4mm_10_batch_00_collet_1_04-02-2025,41,4.850854,0.016386762,1.0,0,44
drill_4mm_10_batch_00_collet_1_04-02-2025,42,4.9222083,0.016386762,1.0,0,44
drill_4mm_10_batch_00_collet_1_04-02-2025,43,4.867031,0.016386762,1.0,0,44
drill_4mm_10_batch_00_collet_1_04-02-2025,44,4.1516714,0.016386762,1.0,0,44
drill_4mm_10_batch_00_collet_1_04-02-2025,45,3.5576947,0.016386762,1.0,0,44
drill_4mm_10_batch_00_collet_1_04-02-2025,46,3.560407,0.016386762,1.0,0,44
drill_4mm_10_batch_00_collet_1_04-02-2025,47,3.7093332,0.016386762,1.0,0,44
drill_4mm_10_batch_00_collet_1_04-02-2025,48,4.4661617,0.016386762,1.0,0,44
drill_4mm_10_batch_00_collet_1_04-02-2025,49,3.9041464,0.016386762,1.0,1,44
drill_4mm_10_batch_00_collet_1_04-02-2025,50,3.112875,0.016386762,1.0,1,44
drill_4mm_10_batch_00_collet_1_04-02-2025,51,2.7076435,0.016386762,1.0,1,44
drill_4mm_10_batch_00_collet_1_04-02-2025,52,3.786035,0.016386762,1.0,1,44
drill_4mm_10_batch_00_collet_1_04-02-2025,53,3.0986447,0.016386762,1.0,1,44
drill_4mm_10_batch_00_collet_1_04-02-2025,54,3.228449,0.016386762,1.0,1,44
drill_4mm_10_batch_00_collet_1_04-02-2025,55,4.7646565,0.016386762,1.0,1,44
drill_4mm_10_batch_00_collet_1_04-02-2025,56,4.538439,0.016386762,1.0,1,44
drill_4mm_10_batch_00_collet_1_04-02-2025,57,4.757231,0.016386762,1.0,1,44
drill_4mm_10_batch_00_collet_1_04-02-2025,58,5.1765203,0.016386762,1.0,1,44
drill_4mm_10_batch_00_collet_1_04-02-2025,59,3.094087,0.016386762,1.0,1,44
drill_4mm_11_batch_00_collet_1_05-02-2025,1,0.00023827418,0.04872543,0.0,0,4
drill_4mm_11_batch_00_collet_1_05-02-2025,2,0.009482618,0.04872543,0.0,0,4
drill_4mm_11_batch_00_collet_1_05-02-2025,3,0.049526304,0.04872543,0.0,0,4
drill_4mm_11_batch_00_collet_1_05-02-2025,4,0.0033069572,0.04872543,0.0,0,4
drill_4mm_11_batch_00_collet_1_05-02-2025,5,0.0012364765,0.04872543,0.0,0,4
drill_4mm_11_batch_00_collet_1_05-02-2025,6,0.3504782,0.04872543,0.0,0,4
drill_4mm_11_batch_00_collet_1_05-02-2025,7,1.273073,0.04872543,0.0,0,4
drill_4mm_11_batch_00_collet_1_05-02-2025,8,2.358482,0.04872543,0.0,0,4
drill_4mm_11_batch_00_collet_1_05-02-2025,9,3.613657,0.04872543,0.0,0,4
drill_4mm_11_batch_00_collet_1_05-02-2025,10,6.7630086,0.04872543,0.0,0,4
drill_4mm_11_batch_00_collet_1_05-02-2025,11,6.80871,0.04872543,0.0,0,4
drill_4mm_11_batch_00_collet_1_05-02-2025,12,6.3742385,0.04872543,0.0,0,4
drill_4mm_11_batch_00_collet_1_05-02-2025,13,6.5384607,0.04872543,0.0,0,4
drill_4mm_11_batch_00_collet_1_05-02-2025,14,6.6983438,0.04872543,0.0,0,4
drill_4mm_11_batch_00_collet_1_05-02-2025,15,5.6538315,0.04872543,1.0,0,4
drill_4mm_11_batch_00_collet_1_05-02-2025,16,8.131267,0.04872543,1.0,0,4
drill_4mm_11_batch_00_collet_1_05-02-2025,17,4.223194,0.04872543,1.0,1,4
drill_4mm_11_batch_00_collet_1_05-02-2025,18,5.9379187,0.04872543,1.0,1,4
drill_4mm_11_batch_00_collet_1_05-02-2025,19,15.691584,0.04872543,1.0,1,4
drill_4mm_12_batch_01_collet_1_05-02-2025,1,0.00065967825,0.00608459,0.0,0,2
drill_4mm_12_batch_01_collet_1_05-02-2025,2,0.0012993882,0.00608459,0.0,0,2
drill_4mm_12_batch_01_collet_1_05-02-2025,3,0.0028750494,0.00608459,0.0,0,2
drill_4mm_12_batch_01_collet_1_05-02-2025,4,0.006150091,0.00608459,0.0,0,2
drill_4mm_12_batch_01_collet_1_05-02-2025,5,0.00039274042,0.00608459,0.0,0,2
drill_4mm_12_batch_01_collet_1_05-02-2025,6,3.025577,0.00608459,0.0,0,2
drill_4mm_12_batch_01_collet_1_05-02-2025,7,2.11077,0.00608459,0.0,0,2
drill_4mm_12_batch_01_collet_1_05-02-2025,8,4.6099243,0.00608459,0.0,0,2
drill_4mm_12_batch_01_collet_1_05-02-2025,9,7.1483045,0.00608459,0.0,0,2
drill_4mm_12_batch_01_collet_1_05-02-2025,10,20.026752,0.00608459,0.0,0,2
drill_4mm_12_batch_01_collet_1_05-02-2025,11,19.8467,0.00608459,0.0,0,2
drill_4mm_12_batch_01_collet_1_05-02-2025,12,31.905352,0.00608459,0.0,0,2
drill_4mm_12_batch_01_collet_1_05-02-2025,13,29.748186,0.00608459,0.0,0,2
drill_4mm_12_batch_01_collet_1_05-02-2025,14,31.325739,0.00608459,0.0,0,2
drill_4mm_12_batch_01_collet_1_05-02-2025,15,26.979868,0.00608459,1.0,1,2
drill_4mm_12_batch_01_collet_1_05-02-2025,16,25.519466,0.00608459,1.0,1,2
drill_4mm_12_batch_01_collet_1_05-02-2025,17,17.064804,0.00608459,1.0,1,2
drill_4mm_13_batch_01_collet_1_05-02-2025,1,2.4051214e-05,0.0043914453,0.0,0,3
drill_4mm_13_batch_01_collet_1_05-02-2025,2,0.0003491983,0.0043914453,0.0,0,3
drill_4mm_13_batch_01_collet_1_05-02-2025,3,0.004468365,0.0043914453,0.0,0,3
drill_4mm_13_batch_01_collet_1_05-02-2025,4,0.0006223698,0.0043914453,0.0,0,3
drill_4mm_13_batch_01_collet_1_05-02-2025,5,0.0003559883,0.0043914453,0.0,0,3
drill_4mm_13_batch_01_collet_1_05-02-2025,6,1.4091905,0.0043914453,0.0,0,3
drill_4mm_13_batch_01_collet_1_05-02-2025,7,1.9812434,0.0043914453,0.0,0,3
drill_4mm_13_batch_01_collet_1_05-02-2025,8,4.4030204,0.0043914453,0.0,0,3
drill_4mm_13_batch_01_collet_1_05-02-2025,9,5.115036,0.0043914453,0.0,0,3
drill_4mm_13_batch_01_collet_1_05-02-2025,10,5.2963195,0.0043914453,0.0,0,3
drill_4mm_13_batch_01_collet_1_05-02-2025,11,5.5424604,0.0043914453,0.0,0,3
drill_4mm_13_batch_01_collet_1_05-02-2025,12,13.14292,0.0043914453,0.0,0,3
drill_4mm_13_batch_01_collet_1_05-02-2025,13,5.40221,0.0043914453,0.0,0,3
drill_4mm_13_batch_01_collet_1_05-02-2025,14,5.713995,0.0043914453,0.0,0,3
drill_4mm_13_batch_01_collet_1_05-02-2025,15,34.140755,0.0043914453,1.0,0,3
drill_4mm_13_batch_01_collet_1_05-02-2025,16,8.618688,0.0043914453,1.0,1,3
drill_4mm_13_batch_01_collet_1_05-02-2025,17,47.55903,0.0043914453,1.0,1,3
drill_4mm_13_batch_01_collet_1_05-02-2025,18,10.076481,0.0043914453,1.0,1,3
drill_4mm_14_batch_01_collet_1_06-02-2025,1,6.3250695e-06,0.011606097,0.0,0,6
drill_4mm_14_batch_01_collet_1_06-02-2025,2,0.0007496202,0.011606097,0.0,0,6
drill_4mm_14_batch_01_collet_1_06-02-2025,3,0.005051599,0.011606097,0.0,0,6
drill_4mm_14_batch_01_collet_1_06-02-2025,4,0.011739862,0.011606097,0.0,0,6
drill_4mm_14_batch_01_collet_1_06-02-2025,5,4.7768808e-05,0.011606097,0.0,0,6
drill_4mm_14_batch_01_collet_1_06-02-2025,6,1.7894721,0.011606097,0.0,0,6
drill_4mm_14_batch_01_collet_1_06-02-2025,7,2.113108,0.011606097,0.0,0,6
drill_4mm_14_batch_01_collet_1_06-02-2025,8,4.750532,0.011606097,0.0,0,6
drill_4mm_14_batch_01_collet_1_06-02-2025,9,6.878887,0.011606097,0.0,0,6
drill_4mm_14_batch_01_collet_1_06-02-2025,10,10.589267,0.011606097,0.0,0,6
drill_4mm_14_batch_01_collet_1_06-02-2025,11,13.159709,0.011606097,0.0,0,6
drill_4mm_14_batch_01_collet_1_06-02-2025,12,11.886764,0.011606097,0.0,0,6
drill_4mm_14_batch_01_collet_1_06-02-2025,13,64.097534,0.011606097,0.0,0,6
drill_4mm_14_batch_01_collet_1_06-02-2025,14,16.823236,0.011606097,0.0,0,6
drill_4mm_14_batch_01_collet_1_06-02-2025,15,15.480896,0.011606097,1.0,0,6
drill_4mm_14_batch_01_collet_1_06-02-2025,16,21.72907,0.011606097,1.0,0,6
drill_4mm_14_batch_01_collet_1_06-02-2025,17,14.95745,0.011606097,1.0,0,6
drill_4mm_14_batch_01_collet_1_06-02-2025,18,20.770578,0.011606097,1.0,1,6
drill_4mm_14_batch_01_collet_1_06-02-2025,19,32.16853,0.011606097,1.0,1,6
drill_4mm_14_batch_01_collet_1_06-02-2025,20,22.60165,0.011606097,1.0,1,6
drill_4mm_14_batch_01_collet_1_06-02-2025,21,20.355347,0.011606097,1.0,1,6
drill_4mm_15_batch_01_collet_1_06-02-2025,1,0.00065280416,0.006053055,0.0,0,29
drill_4mm_15_batch_01_collet_1_06-02-2025,2,0.006132338,0.006053055,0.0,0,29
drill_4mm_15_batch_01_collet_1_06-02-2025,3,0.0021681767,0.006053055,0.0,0,29
drill_4mm_15_batch_01_collet_1_06-02-2025,4,8.2492326e-05,0.006053055,0.0,0,29
drill_4mm_15_batch_01_collet_1_06-02-2025,5,7.261823e-05,0.006053055,0.0,0,29
drill_4mm_15_batch_01_collet_1_06-02-2025,6,2.6088498,0.006053055,0.0,0,29
drill_4mm_15_batch_01_collet_1_06-02-2025,7,7.0144753,0.006053055,0.0,0,29
drill_4mm_15_batch_01_collet_1_06-02-2025,8,1.8903996,0.006053055,0.0,0,29
drill_4mm_15_batch_01_collet_1_06-02-2025,9,4.0322056,0.006053055,0.0,0,29
drill_4mm_15_batch_01_collet_1_06-02-2025,10,5.4918637,0.006053055,0.0,0,29
drill_4mm_15_batch_01_collet_1_06-02-2025,11,6.0996857,0.006053055,0.0,0,29
drill_4mm_15_batch_01_collet_1_06-02-2025,12,6.3406363,0.006053055,0.0,0,29
drill_4mm_15_batch_01_collet_1_06-02-2025,13,14.466172,0.006053055,0.0,0,29
drill_4mm_15_batch_01_collet_1_06-02-2025,14,43.895,0.006053055,0.0,0,29
drill_4mm_15_batch_01_collet_1_06-02-2025,15,12.790428,0.006053055,1.0,0,29
drill_4mm_15_batch_01_collet_1_06-02-2025,16,11.551523,0.006053055,1.0,0,29
drill_4mm_15_batch_01_collet_1_06-02-2025,17,15.335536,0.006053055,1.0,0,29
drill_4mm_15_batch_01_collet_1_06-02-2025,18,16.592888,0.006053055,1.0,0,29
drill_4mm_15_batch_01_collet_1_06-02-2025,19,15.309701,0.006053055,1.0,0,29
drill_4mm_15_batch_01_collet_1_06-02-2025,20,17.039743,0.006053055,1.0,0,29
drill_4mm_15_batch_01_collet_1_06-02-2025,21,15.71844,0.006053055,1.0,0,29
drill_4mm_15_batch_01_collet_1_06-02-2025,22,20.87727,0.006053055,1.0,0,29
drill_4mm_15_batch_01_collet_1_06-02-2025,23,21.17515,0.006053055,1.0,0,29
drill_4mm_15_batch_01_collet_1_06-02-2025,24,24.017431,0.006053055,1.0,0,29
drill_4mm_15_batch_01_collet_1_06-02-2025,25,21.468367,0.006053055,1.0,0,29
drill_4mm_15_batch_01_collet_1_06-02-2025,26,21.857767,0.006053055,1.0,0,29
drill_4mm_15_batch_01_collet_1_06-02-2025,27,21.020498,0.006053055,1.0,0,29
drill_4mm_15_batch_01_collet_1_06-02-2025,28,23.899755,0.006053055,1.0,0,29
drill_4mm_15_batch_01_collet_1_06-02-2025,29,27.664152,0.006053055,1.0,0,29
drill_4mm_15_batch_01_collet_1_06-02-2025,30,22.568869,0.006053055,1.0,0,29
drill_4mm_15_batch_01_collet_1_06-02-2025,31,5.180087,0.006053055,1.0,0,29
drill_4mm_15_batch_01_collet_1_06-02-2025,32,8.567217,0.006053055,1.0,0,29
drill_4mm_15_batch_01_collet_1_06-02-2025,33,19.753534,0.006053055,1.0,0,29
drill_4mm_15_batch_01_collet_1_06-02-2025,34,18.169216,0.006053055,1.0,0,29
drill_4mm_15_batch_01_collet_1_06-02-2025,35,16.548016,0.006053055,1.0,0,29
drill_4mm_15_batch_01_collet_1_06-02-2025,36,14.014058,0.006053055,1.0,0,29
drill_4mm_15_batch_01_collet_1_06-02-2025,37,11.351736,0.006053055,1.0,1,29
drill_4mm_15_batch_01_collet_1_06-02-2025,38,7.7706814,0.006053055,1.0,1,29
drill_4mm_15_batch_01_collet_1_06-02-2025,39,7.693751,0.006053055,1.0,1,29
drill_4mm_15_batch_01_collet_1_06-02-2025,40,9.322222,0.006053055,1.0,1,29
drill_4mm_15_batch_01_collet_1_06-02-2025,41,15.889656,0.006053055,1.0,1,29
drill_4mm_15_batch_01_collet_1_06-02-2025,42,14.971699,0.006053055,1.0,1,29
drill_4mm_15_batch_01_collet_1_06-02-2025,43,10.621687,0.006053055,1.0,1,29
drill_4mm_15_batch_01_collet_1_06-02-2025,44,11.057801,0.006053055,1.0,1,29
drill_4mm_16_batch_01_collet_1_06-02-2025,1,4.992149e-05,0.021554608,0.0,0,23
drill_4mm_16_batch_01_collet_1_06-02-2025,2,0.0009254222,0.021554608,0.0,0,23
drill_4mm_16_batch_01_collet_1_06-02-2025,3,0.021582646,0.021554608,0.0,0,23
drill_4mm_16_batch_01_collet_1_06-02-2025,4,0.020180687,0.021554608,0.0,0,23
drill_4mm_16_batch_01_collet_1_06-02-2025,5,0.001089933,0.021554608,0.0,0,23
drill_4mm_16_batch_01_collet_1_06-02-2025,6,5.247395,0.021554608,0.0,0,23
drill_4mm_16_batch_01_collet_1_06-02-2025,7,7.592469,0.021554608,0.0,0,23
drill_4mm_16_batch_01_collet_1_06-02-2025,8,3.8929021,0.021554608,0.0,0,23
drill_4mm_16_batch_01_collet_1_06-02-2025,9,8.293419,0.021554608,0.0,0,23
drill_4mm_16_batch_01_collet_1_06-02-2025,10,11.203093,0.021554608,0.0,0,23
drill_4mm_16_batch_01_collet_1_06-02-2025,11,11.777021,0.021554608,0.0,0,23
drill_4mm_16_batch_01_collet_1_06-02-2025,12,13.382629,0.021554608,0.0,0,23
drill_4mm_16_batch_01_collet_1_06-02-2025,13,14.004771,0.021554608,0.0,0,23
drill_4mm_16_batch_01_collet_1_06-02-2025,14,20.189901,0.021554608,0.0,0,23
drill_4mm_16_batch_01_collet_1_06-02-2025,15,15.080366,0.021554608,1.0,0,23
drill_4mm_16_batch_01_collet_1_06-02-2025,16,20.451077,0.021554608,1.0,0,23
drill_4mm_16_batch_01_collet_1_06-02-2025,17,27.818714,0.021554608,1.0,0,23
drill_4mm_16_batch_01_collet_1_06-02-2025,18,20.204624,0.021554608,1.0,0,23
drill_4mm_16_batch_01_collet_1_06-02-2025,19,24.813211,0.021554608,1.0,0,23
drill_4mm_16_batch_01_collet_1_06-02-2025,20,25.861118,0.021554608,1.0,0,23
drill_4mm_16_batch_01_collet_1_06-02-2025,21,24.735575,0.021554608,1.0,0,23
drill_4mm_16_batch_01_collet_1_06-02-2025,22,28.309343,0.021554608,1.0,0,23
drill_4mm_16_batch_01_collet_1_06-02-2025,23,24.93852,0.021554608,1.0,0,23
drill_4mm_16_batch_01_collet_1_06-02-2025,24,22.38207,0.021554608,1.0,0,23
drill_4mm_16_batch_01_collet_1_06-02-2025,25,24.159525,0.021554608,1.0,0,23
drill_4mm_16_batch_01_collet_1_06-02-2025,26,22.937645,0.021554608,1.0,0,23
drill_4mm_16_batch_01_collet_1_06-02-2025,27,23.507492,0.021554608,1.0,0,23
drill_4mm_16_batch_01_collet_1_06-02-2025,28,26.762762,0.021554608,1.0,0,23
drill_4mm_16_batch_01_collet_1_06-02-2025,29,26.956621,0.021554608,1.0,0,23
drill_4mm_16_batch_01_collet_1_06-02-2025,30,11.369103,0.021554608,1.0,0,23
drill_4mm_16_batch_01_collet_1_06-02-2025,31,13.313448,0.021554608,1.0,0,23
drill_4mm_16_batch_01_collet_1_06-02-2025,32,13.175646,0.021554608,1.0,1,23
drill_4mm_16_batch_01_collet_1_06-02-2025,33,28.41014,0.021554608,1.0,1,23
drill_4mm_16_batch_01_collet_1_06-02-2025,34,11.127033,0.021554608,1.0,1,23
drill_4mm_16_batch_01_collet_1_06-02-2025,35,11.698479,0.021554608,1.0,1,23
drill_4mm_16_batch_01_collet_1_06-02-2025,36,14.062012,0.021554608,1.0,1,23
drill_4mm_16_batch_01_collet_1_06-02-2025,37,13.794063,0.021554608,1.0,1,23
drill_4mm_16_batch_01_collet_1_06-02-2025,38,17.890436,0.021554608,1.0,1,23
drill_4mm_17_batch_01_collet_1_06-02-2025,1,6.8569214e-05,0.02018126,0.0,0,4
drill_4mm_17_batch_01_collet_1_06-02-2025,2,2.496971e-05,0.02018126,0.0,0,4
drill_4mm_17_batch_01_collet_1_06-02-2025,3,0.0042221732,0.02018126,0.0,0,4
drill_4mm_17_batch_01_collet_1_06-02-2025,4,0.020506954,0.02018126,0.0,0,4
drill_4mm_17_batch_01_collet_1_06-02-2025,5,0.0034076117,0.02018126,0.0,0,4
drill_4mm_17_batch_01_collet_1_06-02-2025,6,0.35185346,0.02018126,0.0,0,4
drill_4mm_17_batch_01_collet_1_06-02-2025,7,0.8638854,0.02018126,0.0,0,4
drill_4mm_17_batch_01_collet_1_06-02-2025,8,0.8267161,0.02018126,0.0,0,4
drill_4mm_17_batch_01_collet_1_06-02-2025,9,3.1929584,0.02018126,0.0,0,4
drill_4mm_17_batch_01_collet_1_06-02-2025,10,2.1406865,0.02018126,0.0,0,4
drill_4mm_17_batch_01_collet_1_06-02-2025,11,1.5519985,0.02018126,0.0,0,4
drill_4mm_17_batch_01_collet_1_06-02-2025,12,1.7683227,0.02018126,0.0,0,4
drill_4mm_17_batch_01_collet_1_06-02-2025,13,6.5072603,0.02018126,0.0,0,4
drill_4mm_17_batch_01_collet_1_06-02-2025,14,4.1333337,0.02018126,0.0,0,4
drill_4mm_17_batch_01_collet_1_06-02-2025,15,2.7653608,0.02018126,1.0,0,4
drill_4mm_17_batch_01_collet_1_06-02-2025,16,5.5810003,0.02018126,1.0,0,4
drill_4mm_17_batch_01_collet_1_06-02-2025,17,3.0631227,0.02018126,1.0,1,4
drill_4mm_17_batch_01_collet_1_06-02-2025,18,3.616999,0.02018126,1.0,1,4
drill_4mm_17_batch_01_collet_1_06-02-2025,19,5.185003,0.02018126,1.0,1,4
drill_4mm_18_batch_01_collet_1_07-02-2025,1,0.0035540226,0.0035082486,0.0,0,66
drill_4mm_18_batch_01_collet_1_07-02-2025,2,0.0007424068,0.0035082486,0.0,0,66
drill_4mm_18_batch_01_collet_1_07-02-2025,3,2.7871272e-05,0.0035082486,0.0,0,66
drill_4mm_18_batch_01_collet_1_07-02-2025,4,0.0012653203,0.0035082486,0.0,0,66
drill_4mm_18_batch_01_collet_1_07-02-2025,5,8.2557264e-05,0.0035082486,0.0,0,66
drill_4mm_18_batch_01_collet_1_07-02-2025,6,3.564718,0.0035082486,0.0,0,66
drill_4mm_18_batch_01_collet_1_07-02-2025,7,1.1600245,0.0035082486,0.0,0,66
drill_4mm_18_batch_01_collet_1_07-02-2025,8,2.8029885,0.0035082486,0.0,0,66
drill_4mm_18_batch_01_collet_1_07-02-2025,9,3.7041585,0.0035082486,0.0,0,66
drill_4mm_18_batch_01_collet_1_07-02-2025,10,3.4443283,0.0035082486,0.0,0,66
drill_4mm_18_batch_01_collet_1_07-02-2025,11,4.162748,0.0035082486,0.0,0,66
drill_4mm_18_batch_01_collet_1_07-02-2025,12,3.5743167,0.0035082486,0.0,0,66
drill_4mm_18_batch_01_collet_1_07-02-2025,13,6.687606,0.0035082486,0.0,0,66
drill_4mm_18_batch_01_collet_1_07-02-2025,14,5.995195,0.0035082486,0.0,0,66
drill_4mm_18_batch_01_collet_1_07-02-2025,15,6.525622,0.0035082486,1.0,0,66
drill_4mm_18_batch_01_collet_1_07-02-2025,16,7.3009224,0.0035082486,1.0,0,66
drill_4mm_18_batch_01_collet_1_07-02-2025,17,6.86827,0.0035082486,1.0,0,66
drill_4mm_18_batch_01_collet_1_07-02-2025,18,8.478877,0.0035082486,1.0,0,66
drill_4mm_18_batch_01_collet_1_07-02-2025,19,9.073903,0.0035082486,1.0,0,66
drill_4mm_18_batch_01_collet_1_07-02-2025,20,8.459236,0.0035082486,1.0,0,66
drill_4mm_18_batch_01_collet_1_07-02-2025,21,8.902725,0.0035082486,1.0,0,66
drill_4mm_18_batch_01_collet_1_07-02-2025,22,8.964804,0.0035082486,1.0,0,66
drill_4mm_18_batch_01_collet_1_07-02-2025,23,7.356588,0.0035082486,1.0,0,66
drill_4mm_18_batch_01_collet_1_07-02-2025,24,7.6407084,0.0035082486,1.0,0,66
drill_4mm_18_batch_01_collet_1_07-02-2025,25,7.8423185,0.0035082486,1.0,0,66
drill_4mm_18_batch_01_collet_1_07-02-2025,26,5.680433,0.0035082486,1.0,0,66
drill_4mm_18_batch_01_collet_1_07-02-2025,27,4.879471,0.0035082486,1.0,0,66
drill_4mm_18_batch_01_collet_1_07-02-2025,28,6.3563647,0.0035082486,1.0,0,66
drill_4mm_18_batch_01_collet_1_07-02-2025,29,6.9774194,0.0035082486,1.0,0,66
drill_4mm_18_batch_01_collet_1_07-02-2025,30,10.839778,0.0035082486,1.0,0,66
drill_4mm_18_batch_01_collet_1_07-02-2025,31,7.5832114,0.0035082486,1.0,0,66
drill_4mm_18_batch_01_collet_1_07-02-2025,32,7.2340965,0.0035082486,1.0,0,66
drill_4mm_18_batch_01_collet_1_07-02-2025,33,8.735756,0.0035082486,1.0,0,66
drill_4mm_18_batch_01_collet_1_07-02-2025,34,5.3044887,0.0035082486,1.0,0,66
drill_4mm_18_batch_01_collet_1_07-02-2025,35,8.8391,0.0035082486,1.0,0,66
drill_4mm_18_batch_01_collet_1_07-02-2025,36,7.1765094,0.0035082486,1.0,0,66
drill_4mm_18_batch_01_collet_1_07-02-2025,37,13.2745,0.0035082486,1.0,0,66
drill_4mm_18_batch_01_collet_1_07-02-2025,38,10.562132,0.0035082486,1.0,0,66
drill_4mm_18_batch_01_collet_1_07-02-2025,39,9.8979025,0.0035082486,1.0,0,66
drill_4mm_18_batch_01_collet_1_07-02-2025,40,13.208748,0.0035082486,1.0,0,66
drill_4mm_18_batch_01_collet_1_07-02-2025,41,14.804249,0.0035082486,1.0,0,66
drill_4mm_18_batch_01_collet_1_07-02-2025,42,14.439508,0.0035082486,1.0,0,66
drill_4mm_18_batch_01_collet_1_07-02-2025,43,17.558414,0.0035082486,1.0,0,66
drill_4mm_18_batch_01_collet_1_07-02-2025,44,18.017721,0.0035082486,1.0,0,66
drill_4mm_18_batch_01_collet_1_07-02-2025,45,13.667392,0.0035082486,1.0,0,66
drill_4mm_18_batch_01_collet_1_07-02-2025,46,16.952044,0.0035082486,1.0,0,66
drill_4mm_18_batch_01_collet_1_07-02-2025,47,20.880198,0.0035082486,1.0,0,66
drill_4mm_18_batch_01_collet_1_07-02-2025,48,22.960377,0.0035082486,1.0,0,66
drill_4mm_18_batch_01_collet_1_07-02-2025,49,22.355648,0.0035082486,1.0,0,66
drill_4mm_18_batch_01_collet_1_07-02-2025,50,17.719788,0.0035082486,1.0,0,66
drill_4mm_18_batch_01_collet_1_07-02-2025,51,24.968294,0.0035082486,1.0,0,66
drill_4mm_18_batch_01_collet_1_07-02-2025,52,16.207834,0.0035082486,1.0,0,66
drill_4mm_18_batch_01_collet_1_07-02-2025,53,19.197569,0.0035082486,1.0,0,66
drill_4mm_18_batch_01_collet_1_07-02-2025,54,19.209944,0.0035082486,1.0,0,66
drill_4mm_18_batch_01_collet_1_07-02-2025,55,24.308737,0.0035082486,1.0,0,66
drill_4mm_18_batch_01_collet_1_07-02-2025,56,24.671309,0.0035082486,1.0,0,66
drill_4mm_18_batch_01_collet_1_07-02-2025,57,24.343346,0.0035082486,1.0,0,66
drill_4mm_18_batch_01_collet_1_07-02-2025,58,14.51853,0.0035082486,1.0,0,66
drill_4mm_18_batch_01_collet_1_07-02-2025,59,20.09965,0.0035082486,1.0,0,66
drill_4mm_18_batch_01_collet_1_07-02-2025,60,25.289606,0.0035082486,1.0,0,66
drill_4mm_18_batch_01_collet_1_07-02-2025,61,23.898977,0.0035082486,1.0,0,66
drill_4mm_18_batch_01_collet_1_07-02-2025,62,23.00101,0.0035082486,1.0,0,66
drill_4mm_18_batch_01_collet_1_07-02-2025,63,24.198801,0.0035082486,1.0,0,66
drill_4mm_18_batch_01_collet_1_07-02-2025,64,24.406479,0.0035082486,1.0,0,66
drill_4mm_18_batch_01_collet_1_07-02-2025,65,22.308859,0.0035082486,1.0,0,66
drill_4mm_18_batch_01_collet_1_07-02-2025,66,24.227783,0.0035082486,1.0,1,66
drill_4mm_18_batch_01_collet_1_07-02-2025,67,24.083916,0.0035082486,1.0,1,66
drill_4mm_18_batch_01_collet_1_07-02-2025,68,25.414932,0.0035082486,1.0,1,66
drill_4mm_18_batch_01_collet_1_07-02-2025,69,16.526094,0.0035082486,1.0,1,66
drill_4mm_18_batch_01_collet_1_07-02-2025,70,23.613108,0.0035082486,1.0,1,66
drill_4mm_18_batch_01_collet_1_07-02-2025,71,22.518988,0.0035082486,1.0,1,66
drill_4mm_18_batch_01_collet_1_07-02-2025,72,17.553305,0.0035082486,1.0,1,66
drill_4mm_18_batch_01_collet_1_07-02-2025,73,18.176096,0.0035082486,1.0,1,66
drill_4mm_18_batch_01_collet_1_07-02-2025,74,17.212423,0.0035082486,1.0,1,66
drill_4mm_18_batch_01_collet_1_07-02-2025,75,7.548171,0.0035082486,1.0,1,66
drill_4mm_18_batch_01_collet_1_07-02-2025,76,16.360752,0.0035082486,1.0,1,66
drill_4mm_18_batch_01_collet_1_07-02-2025,77,21.827208,0.0035082486,1.0,1,66
drill_4mm_18_batch_01_collet_1_07-02-2025,78,11.557464,0.0035082486,1.0,1,66
drill_4mm_18_batch_01_collet_1_07-02-2025,79,19.386402,0.0035082486,1.0,1,66
drill_4mm_18_batch_01_collet_1_07-02-2025,80,11.725585,0.0035082486,1.0,1,66
drill_4mm_18_batch_01_collet_1_07-02-2025,81,22.390455,0.0035082486,1.0,1,66
drill_4mm_19_batch_02_collet_1_13-02-2025,1,0.00010355223,0.007855082,0.0,0,38
drill_4mm_19_batch_02_collet_1_13-02-2025,2,0.0024754955,0.007855082,0.0,0,38
drill_4mm_19_batch_02_collet_1_13-02-2025,3,0.0009731151,0.007855082,0.0,0,38
drill_4mm_19_batch_02_collet_1_13-02-2025,4,0.007931732,0.007855082,0.0,0,38
drill_4mm_19_batch_02_collet_1_13-02-2025,5,0.00409924,0.007855082,0.0,0,38
drill_4mm_19_batch_02_collet_1_13-02-2025,6,0.73206383,0.007855082,0.0,0,38
drill_4mm_19_batch_02_collet_1_13-02-2025,7,0.97862387,0.007855082,0.0,0,38
drill_4mm_19_batch_02_collet_1_13-02-2025,8,1.4983939,0.007855082,0.0,0,38
drill_4mm_19_batch_02_collet_1_13-02-2025,9,2.1646051,0.007855082,0.0,0,38
drill_4mm_19_batch_02_collet_1_13-02-2025,10,11.592523,0.007855082,0.0,0,38
drill_4mm_19_batch_02_collet_1_13-02-2025,11,5.252008,0.007855082,0.0,0,38
drill_4mm_19_batch_02_collet_1_13-02-2025,12,4.487292,0.007855082,0.0,0,38
drill_4mm_19_batch_02_collet_1_13-02-2025,13,4.527577,0.007855082,0.0,0,38
drill_4mm_19_batch_02_collet_1_13-02-2025,14,8.705997,0.007855082,0.0,0,38
drill_4mm_19_batch_02_collet_1_13-02-2025,15,4.549785,0.007855082,1.0,0,38
drill_4mm_19_batch_02_collet_1_13-02-2025,16,11.078569,0.007855082,1.0,0,38
drill_4mm_19_batch_02_collet_1_13-02-2025,17,11.994229,0.007855082,1.0,0,38
drill_4mm_19_batch_02_collet_1_13-02-2025,18,10.996304,0.007855082,1.0,0,38
drill_4mm_19_batch_02_collet_1_13-02-2025,19,10.116319,0.007855082,1.0,0,38
drill_4mm_19_batch_02_collet_1_13-02-2025,20,12.759721,0.007855082,1.0,0,38
drill_4mm_19_batch_02_collet_1_13-02-2025,21,8.432697,0.007855082,1.0,0,38
drill_4mm_19_batch_02_collet_1_13-02-2025,22,9.70653,0.007855082,1.0,0,38
drill_4mm_19_batch_02_collet_1_13-02-2025,23,8.491774,0.007855082,1.0,0,38
drill_4mm_19_batch_02_collet_1_13-02-2025,24,9.03372,0.007855082,1.0,0,38
drill_4mm_19_batch_02_collet_1_13-02-2025,25,10.664858,0.007855082,1.0,0,38
drill_4mm_19_batch_02_collet_1_13-02-2025,26,8.93668,0.007855082,1.0,0,38
drill_4mm_19_batch_02_collet_1_13-02-2025,27,13.949553,0.007855082,1.0,0,38
drill_4mm_19_batch_02_collet_1_13-02-2025,28,7.849415,0.007855082,1.0,0,38
drill_4mm_19_batch_02_collet_1_13-02-2025,29,8.233009,0.007855082,1.0,0,38
drill_4mm_19_batch_02_collet_1_13-02-2025,30,6.982165,0.007855082,1.0,0,38
drill_4mm_19_batch_02_collet_1_13-02-2025,31,6.4830694,0.007855082,1.0,0,38
drill_4mm_19_batch_02_collet_1_13-02-2025,32,7.8146625,0.007855082,1.0,0,38
drill_4mm_19_batch_02_collet_1_13-02-2025,33,8.28288,0.007855082,1.0,0,38
drill_4mm_19_batch_02_collet_1_13-02-2025,34,9.835685,0.007855082,1.0,0,38
drill_4mm_19_batch_02_collet_1_13-02-2025,35,10.255014,0.007855082,1.0,0,38
drill_4mm_19_batch_02_collet_1_13-02-2025,36,8.543585,0.007855082,1.0,0,38
drill_4mm_19_batch_02_collet_1_13-02-2025,37,10.203452,0.007855082,1.0,0,38
drill_4mm_19_batch_02_collet_1_13-02-2025,38,10.831689,0.007855082,1.0,0,38
drill_4mm_19_batch_02_collet_1_13-02-2025,39,7.3881793,0.007855082,1.0,0,38
drill_4mm_19_batch_02_collet_1_13-02-2025,40,8.53376,0.007855082,1.0,0,38
drill_4mm_19_batch_02_collet_1_13-02-2025,41,8.167964,0.007855082,1.0,0,38
drill_4mm_19_batch_02_collet_1_13-02-2025,42,7.6868343,0.007855082,1.0,0,38
drill_4mm_19_batch_02_collet_1_13-02-2025,43,6.8630257,0.007855082,1.0,0,38
drill_4mm_19_batch_02_collet_1_13-02-2025,44,10.201636,0.007855082,1.0,1,38
drill_4mm_19_batch_02_collet_1_13-02-2025,45,10.322823,0.007855082,1.0,1,38
drill_4mm_19_batch_02_collet_1_13-02-2025,46,8.637781,0.007855082,1.0,1,38
drill_4mm_19_batch_02_collet_1_13-02-2025,47,10.359514,0.007855082,1.0,1,38
drill_4mm_19_batch_02_collet_1_13-02-2025,48,15.703161,0.007855082,1.0,1,38
drill_4mm_19_batch_02_collet_1_13-02-2025,49,11.346874,0.007855082,1.0,1,38
drill_4mm_19_batch_02_collet_1_13-02-2025,50,14.687592,0.007855082,1.0,1,38
drill_4mm_19_batch_02_collet_1_13-02-2025,51,11.646238,0.007855082,1.0,1,38
drill_4mm_19_batch_02_collet_1_13-02-2025,52,15.112645,0.007855082,1.0,1,38
drill_4mm_19_batch_02_collet_1_13-02-2025,53,13.777207,0.007855082,1.0,1,38
drill_4mm_20_batch_03_collet_1_13-02-2025,1,0.00017374972,0.01593234,0.0,0,20
drill_4mm_20_batch_03_collet_1_13-02-2025,2,0.0033663544,0.01593234,0.0,0,20
drill_4mm_20_batch_03_collet_1_13-02-2025,3,0.01618879,0.01593234,0.0,0,20
drill_4mm_20_batch_03_collet_1_13-02-2025,4,9.047416e-05,0.01593234,0.0,0,20
drill_4mm_20_batch_03_collet_1_13-02-2025,5,8.5904925e-05,0.01593234,0.0,0,20
drill_4mm_20_batch_03_collet_1_13-02-2025,6,1.748694,0.01593234,0.0,0,20
drill_4mm_20_batch_03_collet_1_13-02-2025,7,3.0113106,0.01593234,0.0,0,20
drill_4mm_20_batch_03_collet_1_13-02-2025,8,3.3604436,0.01593234,0.0,0,20
drill_4mm_20_batch_03_collet_1_13-02-2025,9,3.8383062,0.01593234,0.0,0,20
drill_4mm_20_batch_03_collet_1_13-02-2025,10,5.021028,0.01593234,0.0,0,20
drill_4mm_20_batch_03_collet_1_13-02-2025,11,3.5264072,0.01593234,0.0,0,20
drill_4mm_20_batch_03_collet_1_13-02-2025,12,5.425681,0.01593234,0.0,0,20
drill_4mm_20_batch_03_collet_1_13-02-2025,13,4.7786293,0.01593234,0.0,0,20
drill_4mm_20_batch_03_collet_1_13-02-2025,14,4.8042994,0.01593234,0.0,0,20
drill_4mm_20_batch_03_collet_1_13-02-2025,15,4.216142,0.01593234,1.0,0,20
drill_4mm_20_batch_03_collet_1_13-02-2025,16,4.090505,0.01593234,1.0,0,20
drill_4mm_20_batch_03_collet_1_13-02-2025,17,3.3512926,0.01593234,1.0,0,20
drill_4mm_20_batch_03_collet_1_13-02-2025,18,3.1637478,0.01593234,1.0,0,20
drill_4mm_20_batch_03_collet_1_13-02-2025,19,3.5134602,0.01593234,1.0,0,20
drill_4mm_20_batch_03_collet_1_13-02-2025,20,3.8787649,0.01593234,1.0,0,20
drill_4mm_20_batch_03_collet_1_13-02-2025,21,3.7705252,0.01593234,1.0,0,20
drill_4mm_20_batch_03_collet_1_13-02-2025,22,3.1333668,0.01593234,1.0,0,20
drill_4mm_20_batch_03_collet_1_13-02-2025,23,3.8280451,0.01593234,1.0,0,20
drill_4mm_20_batch_03_collet_1_13-02-2025,24,4.411455,0.01593234,1.0,0,20
drill_4mm_20_batch_03_collet_1_13-02-2025,25,3.4354184,0.01593234,1.0,0,20
drill_4mm_20_batch_03_collet_1_13-02-2025,26,2.8106945,0.01593234,1.0,0,20
drill_4mm_20_batch_03_collet_1_13-02-2025,27,2.7829776,0.01593234,1.0,0,20
drill_4mm_20_batch_03_collet_1_13-02-2025,28,4.023855,0.01593234,1.0,0,20
drill_4mm_20_batch_03_collet_1_13-02-2025,29,4.7458625,0.01593234,1.0,1,20
drill_4mm_20_batch_03_collet_1_13-02-2025,30,3.4748523,0.01593234,1.0,1,20
drill_4mm_20_batch_03_collet_1_13-02-2025,31,3.034769,0.01593234,1.0,1,20
drill_4mm_20_batch_03_collet_1_13-02-2025,32,6.0712423,0.01593234,1.0,1,20
drill_4mm_20_batch_03_collet_1_13-02-2025,33,5.8643303,0.01593234,1.0,1,20
drill_4mm_20_batch_03_collet_1_13-02-2025,34,7.4530344,0.01593234,1.0,1,20
drill_4mm_20_batch_03_collet_1_13-02-2025,35,8.361382,0.01593234,1.0,1,20
drill_4mm_21_batch_02_collet_2_14-02-2025,1,3.7347207e-05,0.015448558,0.0,0,13
drill_4mm_21_batch_02_collet_2_14-02-2025,2,0.001770747,0.015448558,0.0,0,13
drill_4mm_21_batch_02_collet_2_14-02-2025,3,0.0106789265,0.015448558,0.0,0,13
drill_4mm_21_batch_02_collet_2_14-02-2025,4,0.015545897,0.015448558,0.0,0,13
drill_4mm_21_batch_02_collet_2_14-02-2025,5,0.0017528503,0.015448558,0.0,0,13
drill_4mm_21_batch_02_collet_2_14-02-2025,6,2.9385037,0.015448558,0.0,0,13
drill_4mm_21_batch_02_collet_2_14-02-2025,7,5.4595575,0.015448558,0.0,0,13
drill_4mm_21_batch_02_collet_2_14-02-2025,8,5.342306,0.015448558,0.0,0,13
drill_4mm_21_batch_02_collet_2_14-02-2025,9,9.092894,0.015448558,0.0,0,13
drill_4mm_21_batch_02_collet_2_14-02-2025,10,11.802207,0.015448558,0.0,0,13
drill_4mm_21_batch_02_collet_2_14-02-2025,11,7.289526,0.015448558,0.0,0,13
drill_4mm_21_batch_02_collet_2_14-02-2025,12,6.283822,0.015448558,0.0,0,13
drill_4mm_21_batch_02_collet_2_14-02-2025,13,16.04041,0.015448558,0.0,0,13
drill_4mm_21_batch_02_collet_2_14-02-2025,14,10.088992,0.015448558,0.0,0,13
drill_4mm_21_batch_02_collet_2_14-02-2025,15,6.812174,0.015448558,1.0,0,13
drill_4mm_21_batch_02_collet_2_14-02-2025,16,7.966041,0.015448558,1.0,0,13
drill_4mm_21_batch_02_collet_2_14-02-2025,17,7.9325643,0.015448558,1.0,0,13
drill_4mm_21_batch_02_collet_2_14-02-2025,18,9.669132,0.015448558,1.0,0,13
drill_4mm_21_batch_02_collet_2_14-02-2025,19,13.760282,0.015448558,1.0,0,13
drill_4mm_21_batch_02_collet_2_14-02-2025,20,10.0441675,0.015448558,1.0,0,13
drill_4mm_21_batch_02_collet_2_14-02-2025,21,10.135307,0.015448558,1.0,0,13
drill_4mm_21_batch_02_collet_2_14-02-2025,22,13.478455,0.015448558,1.0,0,13
drill_4mm_21_batch_02_collet_2_14-02-2025,23,7.6638603,0.015448558,1.0,0,13
drill_4mm_21_batch_02_collet_2_14-02-2025,24,15.275074,0.015448558,1.0,1,13
drill_4mm_21_batch_02_collet_2_14-02-2025,25,7.1439724,0.015448558,1.0,1,13
drill_4mm_21_batch_02_collet_2_14-02-2025,26,14.895906,0.015448558,1.0,1,13
drill_4mm_21_batch_02_collet_2_14-02-2025,27,12.416845,0.015448558,1.0,1,13
drill_4mm_21_batch_02_collet_2_14-02-2025,28,14.888192,0.015448558,1.0,1,13
drill_4mm_22_batch_03_collet_2_14-02-2025,1,0.0004468121,0.010505875,0.0,0,9
drill_4mm_22_batch_03_collet_2_14-02-2025,2,0.0018174448,0.010505875,0.0,0,9
drill_4mm_22_batch_03_collet_2_14-02-2025,3,0.001565069,0.010505875,0.0,0,9
drill_4mm_22_batch_03_collet_2_14-02-2025,4,0.010683189,0.010505875,0.0,0,9
drill_4mm_22_batch_03_collet_2_14-02-2025,5,0.0013652205,0.010505875,0.0,0,9
drill_4mm_22_batch_03_collet_2_14-02-2025,6,0.7934031,0.010505875,0.0,0,9
drill_4mm_22_batch_03_collet_2_14-02-2025,7,5.947036,0.010505875,0.0,0,9
drill_4mm_22_batch_03_collet_2_14-02-2025,8,7.5422297,0.010505875,0.0,0,9
drill_4mm_22_batch_03_collet_2_14-02-2025,9,9.528336,0.010505875,0.0,0,9
drill_4mm_22_batch_03_collet_2_14-02-2025,10,9.799983,0.010505875,0.0,0,9
drill_4mm_22_batch_03_collet_2_14-02-2025,11,9.200643,0.010505875,0.0,0,9
drill_4mm_22_batch_03_collet_2_14-02-2025,12,6.7780166,0.010505875,0.0,0,9
drill_4mm_22_batch_03_collet_2_14-02-2025,13,5.590013,0.010505875,0.0,0,9
drill_4mm_22_batch_03_collet_2_14-02-2025,14,6.7190466,0.010505875,0.0,0,9
drill_4mm_22_batch_03_collet_2_14-02-2025,15,5.0540123,0.010505875,1.0,0,9
drill_4mm_22_batch_03_collet_2_14-02-2025,16,8.418435,0.010505875,1.0,0,9
drill_4mm_22_batch_03_collet_2_14-02-2025,17,9.877879,0.010505875,1.0,0,9
drill_4mm_22_batch_03_collet_2_14-02-2025,18,8.4429035,0.010505875,1.0,0,9
drill_4mm_22_batch_03_collet_2_14-02-2025,19,13.839749,0.010505875,1.0,0,9
drill_4mm_22_batch_03_collet_2_14-02-2025,20,11.790152,0.010505875,1.0,0,9
drill_4mm_22_batch_03_collet_2_14-02-2025,21,17.911034,0.010505875,1.0,1,9
drill_4mm_22_batch_03_collet_2_14-02-2025,22,15.367357,0.010505875,1.0,1,9
drill_4mm_22_batch_03_collet_2_14-02-2025,23,26.71531,0.010505875,1.0,1,9
drill_4mm_22_batch_03_collet_2_14-02-2025,24,18.246994,0.010505875,1.0,1,9
drill_4mm_23_batch_01_collet_2_14-02-2025,1,4.04621e-05,0.004206067,0.0,0,25
drill_4mm_23_batch_01_collet_2_14-02-2025,2,0.00094549375,0.004206067,0.0,0,25
drill_4mm_23_batch_01_collet_2_14-02-2025,3,0.0042614006,0.004206067,0.0,0,25
drill_4mm_23_batch_01_collet_2_14-02-2025,4,0.0014947208,0.004206067,0.0,0,25
drill_4mm_23_batch_01_collet_2_14-02-2025,5,4.8042635e-05,0.004206067,0.0,0,25
drill_4mm_23_batch_01_collet_2_14-02-2025,6,3.7225842,0.004206067,0.0,0,25
drill_4mm_23_batch_01_collet_2_14-02-2025,7,5.828268,0.004206067,0.0,0,25
drill_4mm_23_batch_01_collet_2_14-02-2025,8,7.171137,0.004206067,0.0,0,25
drill_4mm_23_batch_01_collet_2_14-02-2025,9,13.66869,0.004206067,0.0,0,25
drill_4mm_23_batch_01_collet_2_14-02-2025,10,21.462662,0.004206067,0.0,0,25
drill_4mm_23_batch_01_collet_2_14-02-2025,11,23.05231,0.004206067,0.0,0,25
drill_4mm_23_batch_01_collet_2_14-02-2025,12,18.36638,0.004206067,0.0,0,25
drill_4mm_23_batch_01_collet_2_14-02-2025,13,15.704657,0.004206067,0.0,0,25
drill_4mm_23_batch_01_collet_2_14-02-2025,14,14.96655,0.004206067,0.0,0,25
drill_4mm_23_batch_01_collet_2_14-02-2025,15,16.245886,0.004206067,1.0,0,25
drill_4mm_23_batch_01_collet_2_14-02-2025,16,17.389982,0.004206067,1.0,0,25
drill_4mm_23_batch_01_collet_2_14-02-2025,17,20.052261,0.004206067,1.0,0,25
drill_4mm_23_batch_01_collet_2_14-02-2025,18,18.473501,0.004206067,1.0,0,25
drill_4mm_23_batch_01_collet_2_14-02-2025,19,19.655905,0.004206067,1.0,0,25
drill_4mm_23_batch_01_collet_2_14-02-2025,20,28.501993,0.004206067,1.0,0,25
drill_4mm_23_batch_01_collet_2_14-02-2025,21,38.808807,0.004206067,1.0,0,25
drill_4mm_23_batch_01_collet_2_14-02-2025,22,29.014936,0.004206067,1.0,0,25
drill_4mm_23_batch_01_collet_2_14-02-2025,23,19.602402,0.004206067,1.0,0,25
drill_4mm_23_batch_01_collet_2_14-02-2025,24,18.649872,0.004206067,1.0,0,25
drill_4mm_23_batch_01_collet_2_14-02-2025,25,14.65304,0.004206067,1.0,0,25
drill_4mm_23_batch_01_collet_2_14-02-2025,26,31.445385,0.004206067,1.0,0,25
drill_4mm_23_batch_01_collet_2_14-02-2025,27,10.660259,0.004206067,1.0,0,25
drill_4mm_23_batch_01_collet_2_14-02-2025,28,18.696272,0.004206067,1.0,0,25
drill_4mm_23_batch_01_collet_2_14-02-2025,29,18.73011,0.004206067,1.0,0,25
drill_4mm_23_batch_01_collet_2_14-02-2025,30,29.587757,0.004206067,1.0,0,25
drill_4mm_23_batch_01_collet_2_14-02-2025,31,15.819686,0.004206067,1.0,0,25
drill_4mm_23_batch_01_collet_2_14-02-2025,32,19.738033,0.004206067,1.0,0,25
drill_4mm_23_batch_01_collet_2_14-02-2025,33,18.511133,0.004206067,1.0,1,25
drill_4mm_23_batch_01_collet_2_14-02-2025,34,11.6942425,0.004206067,1.0,1,25
drill_4mm_23_batch_01_collet_2_14-02-2025,35,13.383944,0.004206067,1.0,1,25
drill_4mm_23_batch_01_collet_2_14-02-2025,36,22.268848,0.004206067,1.0,1,25
drill_4mm_23_batch_01_collet_2_14-02-2025,37,22.339712,0.004206067,1.0,1,25
drill_4mm_23_batch_01_collet_2_14-02-2025,38,39.976387,0.004206067,1.0,1,25
drill_4mm_23_batch_01_collet_2_14-02-2025,39,15.474931,0.004206067,1.0,1,25
drill_4mm_23_batch_01_collet_2_14-02-2025,40,19.17891,0.004206067,1.0,1,25
