drill,hole,ultrasonic_mse,adaptive_threshold,prediction,label,drill_lead_time
drill_4mm_04_batch_00_collet_1_30-01-2025,1,0.0,1.4702389240264893,0.0,0,33
drill_4mm_04_batch_00_collet_1_30-01-2025,2,0.0,1.4702389240264893,0.0,0,33
drill_4mm_04_batch_00_collet_1_30-01-2025,3,0.0,1.4702389240264893,0.0,0,33
drill_4mm_04_batch_00_collet_1_30-01-2025,4,0.0,1.4702389240264893,0.0,0,33
drill_4mm_04_batch_00_collet_1_30-01-2025,5,0.0,1.4702389240264893,0.0,0,33
drill_4mm_04_batch_00_collet_1_30-01-2025,6,0.0,1.4702389240264893,0.0,0,33
drill_4mm_04_batch_00_collet_1_30-01-2025,7,0.0,1.4702389240264893,0.0,0,33
drill_4mm_04_batch_00_collet_1_30-01-2025,8,0.0,1.4702389240264893,0.0,0,33
drill_4mm_04_batch_00_collet_1_30-01-2025,9,0.0,1.4702389240264893,0.0,0,33
drill_4mm_04_batch_00_collet_1_30-01-2025,10,1.4702389240264893,1.4702389240264893,0.0,0,33
drill_4mm_04_batch_00_collet_1_30-01-2025,11,3.8860247135162354,1.4702389240264893,0.0,0,33
drill_4mm_04_batch_00_collet_1_30-01-2025,12,4.501562118530273,1.4702389240264893,0.0,0,33
drill_4mm_04_batch_00_collet_1_30-01-2025,13,5.674947738647461,1.4702389240264893,0.0,0,33
drill_4mm_04_batch_00_collet_1_30-01-2025,14,13.482935905456543,1.4702389240264893,0.0,0,33
drill_4mm_04_batch_00_collet_1_30-01-2025,15,23.78350830078125,1.4702389240264893,0.0,0,33
drill_4mm_04_batch_00_collet_1_30-01-2025,16,27.665569305419922,1.4702389240264893,0.0,0,33
drill_4mm_04_batch_00_collet_1_30-01-2025,17,10.205424308776855,1.4702389240264893,0.0,0,33
drill_4mm_04_batch_00_collet_1_30-01-2025,18,14.636669158935547,1.4702389240264893,1.0,0,33
drill_4mm_04_batch_00_collet_1_30-01-2025,19,21.896604537963867,1.4702389240264893,1.0,0,33
drill_4mm_04_batch_00_collet_1_30-01-2025,20,18.00614356994629,1.4702389240264893,1.0,0,33
drill_4mm_04_batch_00_collet_1_30-01-2025,21,36.8919792175293,1.4702389240264893,1.0,0,33
drill_4mm_04_batch_00_collet_1_30-01-2025,22,18.347270965576172,1.4702389240264893,1.0,0,33
drill_4mm_04_batch_00_collet_1_30-01-2025,23,23.656356811523438,1.4702389240264893,1.0,0,33
drill_4mm_04_batch_00_collet_1_30-01-2025,24,26.92442512512207,1.4702389240264893,1.0,0,33
drill_4mm_04_batch_00_collet_1_30-01-2025,25,24.201026916503906,1.4702389240264893,1.0,0,33
drill_4mm_04_batch_00_collet_1_30-01-2025,26,31.305078506469727,1.4702389240264893,1.0,0,33
drill_4mm_04_batch_00_collet_1_30-01-2025,27,30.16021156311035,1.4702389240264893,1.0,0,33
drill_4mm_04_batch_00_collet_1_30-01-2025,28,27.5313663482666,1.4702389240264893,1.0,0,33
drill_4mm_04_batch_00_collet_1_30-01-2025,29,13.588469505310059,1.4702389240264893,1.0,0,33
drill_4mm_04_batch_00_collet_1_30-01-2025,30,15.606759071350098,1.4702389240264893,1.0,0,33
drill_4mm_04_batch_00_collet_1_30-01-2025,31,15.625142097473145,1.4702389240264893,1.0,0,33
drill_4mm_04_batch_00_collet_1_30-01-2025,32,66.25965118408203,1.4702389240264893,1.0,0,33
drill_4mm_04_batch_00_collet_1_30-01-2025,33,229.61778259277344,1.4702389240264893,1.0,0,33
drill_4mm_04_batch_00_collet_1_30-01-2025,34,43.64730453491211,1.4702389240264893,1.0,0,33
drill_4mm_04_batch_00_collet_1_30-01-2025,35,19.39406394958496,1.4702389240264893,1.0,0,33
drill_4mm_04_batch_00_collet_1_30-01-2025,36,9.169957160949707,1.4702389240264893,1.0,0,33
drill_4mm_04_batch_00_collet_1_30-01-2025,37,6.345223426818848,1.4702389240264893,1.0,0,33
drill_4mm_04_batch_00_collet_1_30-01-2025,38,5.694316387176514,1.4702389240264893,1.0,0,33
drill_4mm_04_batch_00_collet_1_30-01-2025,39,8.524407386779785,1.4702389240264893,1.0,0,33
drill_4mm_04_batch_00_collet_1_30-01-2025,40,7.197976112365723,1.4702389240264893,1.0,0,33
drill_4mm_04_batch_00_collet_1_30-01-2025,41,8.92707347869873,1.4702389240264893,1.0,0,33
drill_4mm_04_batch_00_collet_1_30-01-2025,42,10.09410572052002,1.4702389240264893,1.0,1,33
drill_4mm_04_batch_00_collet_1_30-01-2025,43,18.231006622314453,1.4702389240264893,1.0,1,33
drill_4mm_04_batch_00_collet_1_30-01-2025,44,62.35073471069336,1.4702389240264893,1.0,1,33
drill_4mm_04_batch_00_collet_1_30-01-2025,45,152.726318359375,1.4702389240264893,1.0,1,33
drill_4mm_04_batch_00_collet_1_30-01-2025,46,180.70884704589844,1.4702389240264893,1.0,1,33
drill_4mm_04_batch_00_collet_1_30-01-2025,47,405.324951171875,1.4702389240264893,1.0,1,33
drill_4mm_04_batch_00_collet_1_30-01-2025,48,561.447265625,1.4702389240264893,1.0,1,33
drill_4mm_04_batch_00_collet_1_30-01-2025,49,22.13995933532715,1.4702389240264893,1.0,1,33
drill_4mm_04_batch_00_collet_1_30-01-2025,50,41.30978775024414,1.4702389240264893,1.0,1,33
drill_4mm_04_batch_00_collet_1_30-01-2025,51,78.81843566894531,1.4702389240264893,1.0,1,33
drill_4mm_05_batch_00_collet_1_30-01-2025,1,0.0,0.7938079833984375,0.0,0,88
drill_4mm_05_batch_00_collet_1_30-01-2025,2,0.0,0.7938079833984375,0.0,0,88
drill_4mm_05_batch_00_collet_1_30-01-2025,3,0.0,0.7938079833984375,0.0,0,88
drill_4mm_05_batch_00_collet_1_30-01-2025,4,0.0,0.7938079833984375,0.0,0,88
drill_4mm_05_batch_00_collet_1_30-01-2025,5,0.0,0.7938079833984375,0.0,0,88
drill_4mm_05_batch_00_collet_1_30-01-2025,6,0.0,0.7938079833984375,0.0,0,88
drill_4mm_05_batch_00_collet_1_30-01-2025,7,0.0,0.7938079833984375,0.0,0,88
drill_4mm_05_batch_00_collet_1_30-01-2025,8,0.0,0.7938079833984375,0.0,0,88
drill_4mm_05_batch_00_collet_1_30-01-2025,9,0.0,0.7938079833984375,0.0,0,88
drill_4mm_05_batch_00_collet_1_30-01-2025,10,0.7938079833984375,0.7938079833984375,0.0,0,88
drill_4mm_05_batch_00_collet_1_30-01-2025,11,1.4512572288513184,0.7938079833984375,0.0,0,88
drill_4mm_05_batch_00_collet_1_30-01-2025,12,1.0170388221740723,0.7938079833984375,0.0,0,88
drill_4mm_05_batch_00_collet_1_30-01-2025,13,1.7684584856033325,0.7938079833984375,0.0,0,88
drill_4mm_05_batch_00_collet_1_30-01-2025,14,2.9874355792999268,0.7938079833984375,0.0,0,88
drill_4mm_05_batch_00_collet_1_30-01-2025,15,4.457100868225098,0.7938079833984375,0.0,0,88
drill_4mm_05_batch_00_collet_1_30-01-2025,16,7.565144062042236,0.7938079833984375,0.0,0,88
drill_4mm_05_batch_00_collet_1_30-01-2025,17,14.541828155517578,0.7938079833984375,0.0,0,88
drill_4mm_05_batch_00_collet_1_30-01-2025,18,9.947566032409668,0.7938079833984375,1.0,0,88
drill_4mm_05_batch_00_collet_1_30-01-2025,19,9.756963729858398,0.7938079833984375,1.0,0,88
drill_4mm_05_batch_00_collet_1_30-01-2025,20,10.241262435913086,0.7938079833984375,1.0,0,88
drill_4mm_05_batch_00_collet_1_30-01-2025,21,11.700323104858398,0.7938079833984375,1.0,0,88
drill_4mm_05_batch_00_collet_1_30-01-2025,22,12.457698822021484,0.7938079833984375,1.0,0,88
drill_4mm_05_batch_00_collet_1_30-01-2025,23,13.198960304260254,0.7938079833984375,1.0,0,88
drill_4mm_05_batch_00_collet_1_30-01-2025,24,14.115899085998535,0.7938079833984375,1.0,0,88
drill_4mm_05_batch_00_collet_1_30-01-2025,25,13.533114433288574,0.7938079833984375,1.0,0,88
drill_4mm_05_batch_00_collet_1_30-01-2025,26,13.14389419555664,0.7938079833984375,1.0,0,88
drill_4mm_05_batch_00_collet_1_30-01-2025,27,14.124513626098633,0.7938079833984375,1.0,0,88
drill_4mm_05_batch_00_collet_1_30-01-2025,28,13.20014762878418,0.7938079833984375,1.0,0,88
drill_4mm_05_batch_00_collet_1_30-01-2025,29,23.506244659423828,0.7938079833984375,1.0,0,88
drill_4mm_05_batch_00_collet_1_30-01-2025,30,20.024118423461914,0.7938079833984375,1.0,0,88
drill_4mm_05_batch_00_collet_1_30-01-2025,31,16.087100982666016,0.7938079833984375,1.0,0,88
drill_4mm_05_batch_00_collet_1_30-01-2025,32,27.81895637512207,0.7938079833984375,1.0,0,88
drill_4mm_05_batch_00_collet_1_30-01-2025,33,47.28060531616211,0.7938079833984375,1.0,0,88
drill_4mm_05_batch_00_collet_1_30-01-2025,34,54.460391998291016,0.7938079833984375,1.0,0,88
drill_4mm_05_batch_00_collet_1_30-01-2025,35,49.100372314453125,0.7938079833984375,1.0,0,88
drill_4mm_05_batch_00_collet_1_30-01-2025,36,55.390663146972656,0.7938079833984375,1.0,0,88
drill_4mm_05_batch_00_collet_1_30-01-2025,37,33.36262893676758,0.7938079833984375,1.0,0,88
drill_4mm_05_batch_00_collet_1_30-01-2025,38,39.58536911010742,0.7938079833984375,1.0,0,88
drill_4mm_05_batch_00_collet_1_30-01-2025,39,49.49199676513672,0.7938079833984375,1.0,0,88
drill_4mm_05_batch_00_collet_1_30-01-2025,40,206.5843048095703,0.7938079833984375,1.0,0,88
drill_4mm_05_batch_00_collet_1_30-01-2025,41,69.82984924316406,0.7938079833984375,1.0,0,88
drill_4mm_05_batch_00_collet_1_30-01-2025,42,202.10272216796875,0.7938079833984375,1.0,0,88
drill_4mm_05_batch_00_collet_1_30-01-2025,43,107.03768920898438,0.7938079833984375,1.0,0,88
drill_4mm_05_batch_00_collet_1_30-01-2025,44,24.503496170043945,0.7938079833984375,1.0,0,88
drill_4mm_05_batch_00_collet_1_30-01-2025,45,17.36338233947754,0.7938079833984375,1.0,0,88
drill_4mm_05_batch_00_collet_1_30-01-2025,46,20.766332626342773,0.7938079833984375,1.0,0,88
drill_4mm_05_batch_00_collet_1_30-01-2025,47,23.388898849487305,0.7938079833984375,1.0,0,88
drill_4mm_05_batch_00_collet_1_30-01-2025,48,24.101764678955078,0.7938079833984375,1.0,0,88
drill_4mm_05_batch_00_collet_1_30-01-2025,49,25.37449836730957,0.7938079833984375,1.0,0,88
drill_4mm_05_batch_00_collet_1_30-01-2025,50,27.483165740966797,0.7938079833984375,1.0,0,88
drill_4mm_05_batch_00_collet_1_30-01-2025,51,28.422557830810547,0.7938079833984375,1.0,0,88
drill_4mm_05_batch_00_collet_1_30-01-2025,52,31.31931495666504,0.7938079833984375,1.0,0,88
drill_4mm_05_batch_00_collet_1_30-01-2025,53,28.682655334472656,0.7938079833984375,1.0,0,88
drill_4mm_05_batch_00_collet_1_30-01-2025,54,28.957134246826172,0.7938079833984375,1.0,0,88
drill_4mm_05_batch_00_collet_1_30-01-2025,55,30.11705207824707,0.7938079833984375,1.0,0,88
drill_4mm_05_batch_00_collet_1_30-01-2025,56,34.92866516113281,0.7938079833984375,1.0,0,88
drill_4mm_05_batch_00_collet_1_30-01-2025,57,34.835391998291016,0.7938079833984375,1.0,0,88
drill_4mm_05_batch_00_collet_1_30-01-2025,58,35.99728775024414,0.7938079833984375,1.0,0,88
drill_4mm_05_batch_00_collet_1_30-01-2025,59,36.9177131652832,0.7938079833984375,1.0,0,88
drill_4mm_05_batch_00_collet_1_30-01-2025,60,33.24357604980469,0.7938079833984375,1.0,0,88
drill_4mm_05_batch_00_collet_1_30-01-2025,61,36.44908905029297,0.7938079833984375,1.0,0,88
drill_4mm_05_batch_00_collet_1_30-01-2025,62,45.441993713378906,0.7938079833984375,1.0,0,88
drill_4mm_05_batch_00_collet_1_30-01-2025,63,48.83269119262695,0.7938079833984375,1.0,0,88
drill_4mm_05_batch_00_collet_1_30-01-2025,64,55.65005111694336,0.7938079833984375,1.0,0,88
drill_4mm_05_batch_00_collet_1_30-01-2025,65,55.48284912109375,0.7938079833984375,1.0,0,88
drill_4mm_05_batch_00_collet_1_30-01-2025,66,60.38257598876953,0.7938079833984375,1.0,0,88
drill_4mm_05_batch_00_collet_1_30-01-2025,67,65.38130950927734,0.7938079833984375,1.0,0,88
drill_4mm_05_batch_00_collet_1_30-01-2025,68,71.67833709716797,0.7938079833984375,1.0,0,88
drill_4mm_05_batch_00_collet_1_30-01-2025,69,85.3774185180664,0.7938079833984375,1.0,0,88
drill_4mm_05_batch_00_collet_1_30-01-2025,70,99.39024353027344,0.7938079833984375,1.0,0,88
drill_4mm_05_batch_00_collet_1_30-01-2025,71,115.03641510009766,0.7938079833984375,1.0,0,88
drill_4mm_05_batch_00_collet_1_30-01-2025,72,117.95957946777344,0.7938079833984375,1.0,0,88
drill_4mm_05_batch_00_collet_1_30-01-2025,73,128.27369689941406,0.7938079833984375,1.0,0,88
drill_4mm_05_batch_00_collet_1_30-01-2025,74,133.0744171142578,0.7938079833984375,1.0,0,88
drill_4mm_05_batch_00_collet_1_30-01-2025,75,152.51837158203125,0.7938079833984375,1.0,0,88
drill_4mm_05_batch_00_collet_1_30-01-2025,76,158.50059509277344,0.7938079833984375,1.0,0,88
drill_4mm_05_batch_00_collet_1_30-01-2025,77,164.35386657714844,0.7938079833984375,1.0,0,88
drill_4mm_05_batch_00_collet_1_30-01-2025,78,176.24017333984375,0.7938079833984375,1.0,0,88
drill_4mm_05_batch_00_collet_1_30-01-2025,79,176.78929138183594,0.7938079833984375,1.0,0,88
drill_4mm_05_batch_00_collet_1_30-01-2025,80,186.5600128173828,0.7938079833984375,1.0,0,88
drill_4mm_05_batch_00_collet_1_30-01-2025,81,185.09445190429688,0.7938079833984375,1.0,0,88
drill_4mm_05_batch_00_collet_1_30-01-2025,82,178.86944580078125,0.7938079833984375,1.0,0,88
drill_4mm_05_batch_00_collet_1_30-01-2025,83,181.21707153320312,0.7938079833984375,1.0,0,88
drill_4mm_05_batch_00_collet_1_30-01-2025,84,192.15252685546875,0.7938079833984375,1.0,0,88
drill_4mm_05_batch_00_collet_1_30-01-2025,85,195.2236785888672,0.7938079833984375,1.0,0,88
drill_4mm_05_batch_00_collet_1_30-01-2025,86,202.28439331054688,0.7938079833984375,1.0,1,88
drill_4mm_05_batch_00_collet_1_30-01-2025,87,204.4018096923828,0.7938079833984375,1.0,1,88
drill_4mm_05_batch_00_collet_1_30-01-2025,88,202.93418884277344,0.7938079833984375,1.0,1,88
drill_4mm_05_batch_00_collet_1_30-01-2025,89,210.3274383544922,0.7938079833984375,1.0,1,88
drill_4mm_05_batch_00_collet_1_30-01-2025,90,237.13046264648438,0.7938079833984375,1.0,1,88
drill_4mm_05_batch_00_collet_1_30-01-2025,91,193.08563232421875,0.7938079833984375,1.0,1,88
drill_4mm_05_batch_00_collet_1_30-01-2025,92,194.28854370117188,0.7938079833984375,1.0,1,88
drill_4mm_05_batch_00_collet_1_30-01-2025,93,169.50523376464844,0.7938079833984375,1.0,1,88
drill_4mm_05_batch_00_collet_1_30-01-2025,94,156.35549926757812,0.7938079833984375,1.0,1,88
drill_4mm_05_batch_00_collet_1_30-01-2025,95,441.86444091796875,0.7938079833984375,1.0,1,88
drill_4mm_05_batch_00_collet_1_30-01-2025,96,146.4845733642578,0.7938079833984375,1.0,1,88
drill_4mm_05_batch_00_collet_1_30-01-2025,97,157.05809020996094,0.7938079833984375,1.0,1,88
drill_4mm_05_batch_00_collet_1_30-01-2025,98,161.4465789794922,0.7938079833984375,1.0,1,88
drill_4mm_05_batch_00_collet_1_30-01-2025,99,161.95193481445312,0.7938079833984375,1.0,1,88
drill_4mm_05_batch_00_collet_1_30-01-2025,100,179.44277954101562,0.7938079833984375,1.0,1,88
drill_4mm_05_batch_00_collet_1_30-01-2025,101,190.58705139160156,0.7938079833984375,1.0,1,88
drill_4mm_05_batch_00_collet_1_30-01-2025,102,206.22996520996094,0.7938079833984375,1.0,1,88
drill_4mm_05_batch_00_collet_1_30-01-2025,103,233.7142333984375,0.7938079833984375,1.0,1,88
drill_4mm_05_batch_00_collet_1_30-01-2025,104,242.98992919921875,0.7938079833984375,1.0,1,88
drill_4mm_05_batch_00_collet_1_30-01-2025,105,244.61488342285156,0.7938079833984375,1.0,1,88
drill_4mm_05_batch_00_collet_1_30-01-2025,106,266.6424865722656,0.7938079833984375,1.0,1,88
drill_4mm_06_batch_00_collet_1_30-01-2025,1,0.0,6.9431071281433105,0.0,0,7
drill_4mm_06_batch_00_collet_1_30-01-2025,2,0.0,6.9431071281433105,0.0,0,7
drill_4mm_06_batch_00_collet_1_30-01-2025,3,0.0,6.9431071281433105,0.0,0,7
drill_4mm_06_batch_00_collet_1_30-01-2025,4,0.0,6.9431071281433105,0.0,0,7
drill_4mm_06_batch_00_collet_1_30-01-2025,5,0.0,6.9431071281433105,0.0,0,7
drill_4mm_06_batch_00_collet_1_30-01-2025,6,0.0,6.9431071281433105,0.0,0,7
drill_4mm_06_batch_00_collet_1_30-01-2025,7,0.0,6.9431071281433105,0.0,0,7
drill_4mm_06_batch_00_collet_1_30-01-2025,8,0.0,6.9431071281433105,0.0,0,7
drill_4mm_06_batch_00_collet_1_30-01-2025,9,0.0,6.9431071281433105,0.0,0,7
drill_4mm_06_batch_00_collet_1_30-01-2025,10,6.9431071281433105,6.9431071281433105,0.0,0,7
drill_4mm_06_batch_00_collet_1_30-01-2025,11,15.603875160217285,6.9431071281433105,0.0,0,7
drill_4mm_06_batch_00_collet_1_30-01-2025,12,169.08880615234375,6.9431071281433105,0.0,0,7
drill_4mm_06_batch_00_collet_1_30-01-2025,13,227.88473510742188,6.9431071281433105,0.0,0,7
drill_4mm_06_batch_00_collet_1_30-01-2025,14,379.4893493652344,6.9431071281433105,0.0,0,7
drill_4mm_06_batch_00_collet_1_30-01-2025,15,487.27813720703125,6.9431071281433105,0.0,0,7
drill_4mm_06_batch_00_collet_1_30-01-2025,16,344.7355041503906,6.9431071281433105,0.0,0,7
drill_4mm_06_batch_00_collet_1_30-01-2025,17,116.9634017944336,6.9431071281433105,0.0,0,7
drill_4mm_06_batch_00_collet_1_30-01-2025,18,328.0666809082031,6.9431071281433105,1.0,0,7
drill_4mm_06_batch_00_collet_1_30-01-2025,19,403.84619140625,6.9431071281433105,1.0,0,7
drill_4mm_06_batch_00_collet_1_30-01-2025,20,414.2367858886719,6.9431071281433105,1.0,0,7
drill_4mm_06_batch_00_collet_1_30-01-2025,21,328.1095275878906,6.9431071281433105,1.0,1,7
drill_4mm_06_batch_00_collet_1_30-01-2025,22,367.2597351074219,6.9431071281433105,1.0,1,7
drill_4mm_06_batch_00_collet_1_30-01-2025,23,354.4574279785156,6.9431071281433105,1.0,1,7
drill_4mm_06_batch_00_collet_1_30-01-2025,24,955.0091552734375,6.9431071281433105,1.0,1,7
drill_4mm_06_batch_00_collet_1_30-01-2025,25,373.8524169921875,6.9431071281433105,1.0,1,7
drill_4mm_07_batch_00_collet_1_31-01-2025,1,0.0,1.834436058998108,0.0,0,14
drill_4mm_07_batch_00_collet_1_31-01-2025,2,0.0,1.834436058998108,0.0,0,14
drill_4mm_07_batch_00_collet_1_31-01-2025,3,0.0,1.834436058998108,0.0,0,14
drill_4mm_07_batch_00_collet_1_31-01-2025,4,0.0,1.834436058998108,0.0,0,14
drill_4mm_07_batch_00_collet_1_31-01-2025,5,0.0,1.834436058998108,0.0,0,14
drill_4mm_07_batch_00_collet_1_31-01-2025,6,0.0,1.834436058998108,0.0,0,14
drill_4mm_07_batch_00_collet_1_31-01-2025,7,0.0,1.834436058998108,0.0,0,14
drill_4mm_07_batch_00_collet_1_31-01-2025,8,0.0,1.834436058998108,0.0,0,14
drill_4mm_07_batch_00_collet_1_31-01-2025,9,0.0,1.834436058998108,0.0,0,14
drill_4mm_07_batch_00_collet_1_31-01-2025,10,1.834436058998108,1.834436058998108,0.0,0,14
drill_4mm_07_batch_00_collet_1_31-01-2025,11,2.6365275382995605,1.834436058998108,0.0,0,14
drill_4mm_07_batch_00_collet_1_31-01-2025,12,4.285344123840332,1.834436058998108,0.0,0,14
drill_4mm_07_batch_00_collet_1_31-01-2025,13,14.436943054199219,1.834436058998108,0.0,0,14
drill_4mm_07_batch_00_collet_1_31-01-2025,14,32.43302917480469,1.834436058998108,0.0,0,14
drill_4mm_07_batch_00_collet_1_31-01-2025,15,50.66523742675781,1.834436058998108,0.0,0,14
drill_4mm_07_batch_00_collet_1_31-01-2025,16,48.23664474487305,1.834436058998108,0.0,0,14
drill_4mm_07_batch_00_collet_1_31-01-2025,17,36.92938232421875,1.834436058998108,0.0,0,14
drill_4mm_07_batch_00_collet_1_31-01-2025,18,28.678680419921875,1.834436058998108,1.0,0,14
drill_4mm_07_batch_00_collet_1_31-01-2025,19,23.67422866821289,1.834436058998108,1.0,0,14
drill_4mm_07_batch_00_collet_1_31-01-2025,20,21.28748893737793,1.834436058998108,1.0,0,14
drill_4mm_07_batch_00_collet_1_31-01-2025,21,26.183944702148438,1.834436058998108,1.0,0,14
drill_4mm_07_batch_00_collet_1_31-01-2025,22,27.666452407836914,1.834436058998108,1.0,0,14
drill_4mm_07_batch_00_collet_1_31-01-2025,23,35.96593475341797,1.834436058998108,1.0,0,14
drill_4mm_07_batch_00_collet_1_31-01-2025,24,34.979190826416016,1.834436058998108,1.0,0,14
drill_4mm_07_batch_00_collet_1_31-01-2025,25,29.997995376586914,1.834436058998108,1.0,0,14
drill_4mm_07_batch_00_collet_1_31-01-2025,26,39.03315353393555,1.834436058998108,1.0,0,14
drill_4mm_07_batch_00_collet_1_31-01-2025,27,57.94425582885742,1.834436058998108,1.0,1,14
drill_4mm_07_batch_00_collet_1_31-01-2025,28,71.07661437988281,1.834436058998108,1.0,1,14
drill_4mm_07_batch_00_collet_1_31-01-2025,29,82.21808624267578,1.834436058998108,1.0,1,14
drill_4mm_07_batch_00_collet_1_31-01-2025,30,97.81441497802734,1.834436058998108,1.0,1,14
drill_4mm_07_batch_00_collet_1_31-01-2025,31,14.730162620544434,1.834436058998108,1.0,1,14
drill_4mm_07_batch_00_collet_1_31-01-2025,32,12.38930892944336,1.834436058998108,1.0,1,14
drill_4mm_08_batch_00_collet_1_31-01-2025,1,0.0,2.711641788482666,0.0,0,3
drill_4mm_08_batch_00_collet_1_31-01-2025,2,0.0,2.711641788482666,0.0,0,3
drill_4mm_08_batch_00_collet_1_31-01-2025,3,0.0,2.711641788482666,0.0,0,3
drill_4mm_08_batch_00_collet_1_31-01-2025,4,0.0,2.711641788482666,0.0,0,3
drill_4mm_08_batch_00_collet_1_31-01-2025,5,0.0,2.711641788482666,0.0,0,3
drill_4mm_08_batch_00_collet_1_31-01-2025,6,0.0,2.711641788482666,0.0,0,3
drill_4mm_08_batch_00_collet_1_31-01-2025,7,0.0,2.711641788482666,0.0,0,3
drill_4mm_08_batch_00_collet_1_31-01-2025,8,0.0,2.711641788482666,0.0,0,3
drill_4mm_08_batch_00_collet_1_31-01-2025,9,0.0,2.711641788482666,0.0,0,3
drill_4mm_08_batch_00_collet_1_31-01-2025,10,2.711641788482666,2.711641788482666,0.0,0,3
drill_4mm_08_batch_00_collet_1_31-01-2025,11,3.6791152954101562,2.711641788482666,0.0,0,3
drill_4mm_08_batch_00_collet_1_31-01-2025,12,3.834855794906616,2.711641788482666,0.0,0,3
drill_4mm_08_batch_00_collet_1_31-01-2025,13,5.071256637573242,2.711641788482666,0.0,0,3
drill_4mm_08_batch_00_collet_1_31-01-2025,14,5.8212761878967285,2.711641788482666,0.0,0,3
drill_4mm_08_batch_00_collet_1_31-01-2025,15,6.709694862365723,2.711641788482666,0.0,0,3
drill_4mm_08_batch_00_collet_1_31-01-2025,16,8.222203254699707,2.711641788482666,0.0,0,3
drill_4mm_08_batch_00_collet_1_31-01-2025,17,9.315985679626465,2.711641788482666,0.0,0,3
drill_4mm_08_batch_00_collet_1_31-01-2025,18,9.978589057922363,2.711641788482666,1.0,1,3
drill_4mm_08_batch_00_collet_1_31-01-2025,19,13.151248931884766,2.711641788482666,1.0,1,3
drill_4mm_08_batch_00_collet_1_31-01-2025,20,77.53400421142578,2.711641788482666,1.0,1,3
drill_4mm_08_batch_00_collet_1_31-01-2025,21,25.481414794921875,2.711641788482666,1.0,1,3
drill_4mm_09_batch_00_collet_1_31-01-2025,1,0.0,1.679539680480957,0.0,0,33
drill_4mm_09_batch_00_collet_1_31-01-2025,2,0.0,1.679539680480957,0.0,0,33
drill_4mm_09_batch_00_collet_1_31-01-2025,3,0.0,1.679539680480957,0.0,0,33
drill_4mm_09_batch_00_collet_1_31-01-2025,4,0.0,1.679539680480957,0.0,0,33
drill_4mm_09_batch_00_collet_1_31-01-2025,5,0.0,1.679539680480957,0.0,0,33
drill_4mm_09_batch_00_collet_1_31-01-2025,6,0.0,1.679539680480957,0.0,0,33
drill_4mm_09_batch_00_collet_1_31-01-2025,7,0.0,1.679539680480957,0.0,0,33
drill_4mm_09_batch_00_collet_1_31-01-2025,8,0.0,1.679539680480957,0.0,0,33
drill_4mm_09_batch_00_collet_1_31-01-2025,9,0.0,1.679539680480957,0.0,0,33
drill_4mm_09_batch_00_collet_1_31-01-2025,10,1.679539680480957,1.679539680480957,0.0,0,33
drill_4mm_09_batch_00_collet_1_31-01-2025,11,27.74639320373535,1.679539680480957,0.0,0,33
drill_4mm_09_batch_00_collet_1_31-01-2025,12,140.35406494140625,1.679539680480957,0.0,0,33
drill_4mm_09_batch_00_collet_1_31-01-2025,13,247.3939208984375,1.679539680480957,0.0,0,33
drill_4mm_09_batch_00_collet_1_31-01-2025,14,260.985595703125,1.679539680480957,0.0,0,33
drill_4mm_09_batch_00_collet_1_31-01-2025,15,206.1956329345703,1.679539680480957,0.0,0,33
drill_4mm_09_batch_00_collet_1_31-01-2025,16,53.76847457885742,1.679539680480957,0.0,0,33
drill_4mm_09_batch_00_collet_1_31-01-2025,17,68.69574737548828,1.679539680480957,0.0,0,33
drill_4mm_09_batch_00_collet_1_31-01-2025,18,41.36171340942383,1.679539680480957,1.0,0,33
drill_4mm_09_batch_00_collet_1_31-01-2025,19,93.02174377441406,1.679539680480957,1.0,0,33
drill_4mm_09_batch_00_collet_1_31-01-2025,20,35.88612365722656,1.679539680480957,1.0,0,33
drill_4mm_09_batch_00_collet_1_31-01-2025,21,36.096092224121094,1.679539680480957,1.0,0,33
drill_4mm_09_batch_00_collet_1_31-01-2025,22,313.37176513671875,1.679539680480957,1.0,0,33
drill_4mm_09_batch_00_collet_1_31-01-2025,23,35.34970474243164,1.679539680480957,1.0,0,33
drill_4mm_09_batch_00_collet_1_31-01-2025,24,60.953067779541016,1.679539680480957,1.0,0,33
drill_4mm_09_batch_00_collet_1_31-01-2025,25,174.60110473632812,1.679539680480957,1.0,0,33
drill_4mm_09_batch_00_collet_1_31-01-2025,26,515.4321899414062,1.679539680480957,1.0,0,33
drill_4mm_09_batch_00_collet_1_31-01-2025,27,71.94207000732422,1.679539680480957,1.0,0,33
drill_4mm_09_batch_00_collet_1_31-01-2025,28,397.6504211425781,1.679539680480957,1.0,0,33
drill_4mm_09_batch_00_collet_1_31-01-2025,29,61.199806213378906,1.679539680480957,1.0,0,33
drill_4mm_09_batch_00_collet_1_31-01-2025,30,56.17433547973633,1.679539680480957,1.0,0,33
drill_4mm_09_batch_00_collet_1_31-01-2025,31,40.558082580566406,1.679539680480957,1.0,0,33
drill_4mm_09_batch_00_collet_1_31-01-2025,32,40.82373809814453,1.679539680480957,1.0,0,33
drill_4mm_09_batch_00_collet_1_31-01-2025,33,56.78932189941406,1.679539680480957,1.0,0,33
drill_4mm_09_batch_00_collet_1_31-01-2025,34,54.28663635253906,1.679539680480957,1.0,0,33
drill_4mm_09_batch_00_collet_1_31-01-2025,35,40.842037200927734,1.679539680480957,1.0,0,33
drill_4mm_09_batch_00_collet_1_31-01-2025,36,39.74775695800781,1.679539680480957,1.0,0,33
drill_4mm_09_batch_00_collet_1_31-01-2025,37,32.842132568359375,1.679539680480957,1.0,0,33
drill_4mm_09_batch_00_collet_1_31-01-2025,38,163.71534729003906,1.679539680480957,1.0,0,33
drill_4mm_09_batch_00_collet_1_31-01-2025,39,34.224952697753906,1.679539680480957,1.0,0,33
drill_4mm_09_batch_00_collet_1_31-01-2025,40,250.02955627441406,1.679539680480957,1.0,0,33
drill_4mm_09_batch_00_collet_1_31-01-2025,41,240.9065704345703,1.679539680480957,1.0,0,33
drill_4mm_09_batch_00_collet_1_31-01-2025,42,178.570068359375,1.679539680480957,1.0,1,33
drill_4mm_09_batch_00_collet_1_31-01-2025,43,345.50885009765625,1.679539680480957,1.0,1,33
drill_4mm_09_batch_00_collet_1_31-01-2025,44,299.3651428222656,1.679539680480957,1.0,1,33
drill_4mm_09_batch_00_collet_1_31-01-2025,45,42.14879608154297,1.679539680480957,1.0,1,33
drill_4mm_09_batch_00_collet_1_31-01-2025,46,42.33283615112305,1.679539680480957,1.0,1,33
drill_4mm_09_batch_00_collet_1_31-01-2025,47,52.82447814941406,1.679539680480957,1.0,1,33
drill_4mm_09_batch_00_collet_1_31-01-2025,48,51.68981170654297,1.679539680480957,1.0,1,33
drill_4mm_09_batch_00_collet_1_31-01-2025,49,55.14985656738281,1.679539680480957,1.0,1,33
drill_4mm_09_batch_00_collet_1_31-01-2025,50,47.34017562866211,1.679539680480957,1.0,1,33
drill_4mm_09_batch_00_collet_1_31-01-2025,51,118.46177673339844,1.679539680480957,1.0,1,33
drill_4mm_10_batch_00_collet_1_04-02-2025,1,0.0,1.1937692165374756,0.0,0,41
drill_4mm_10_batch_00_collet_1_04-02-2025,2,0.0,1.1937692165374756,0.0,0,41
drill_4mm_10_batch_00_collet_1_04-02-2025,3,0.0,1.1937692165374756,0.0,0,41
drill_4mm_10_batch_00_collet_1_04-02-2025,4,0.0,1.1937692165374756,0.0,0,41
drill_4mm_10_batch_00_collet_1_04-02-2025,5,0.0,1.1937692165374756,0.0,0,41
drill_4mm_10_batch_00_collet_1_04-02-2025,6,0.0,1.1937692165374756,0.0,0,41
drill_4mm_10_batch_00_collet_1_04-02-2025,7,0.0,1.1937692165374756,0.0,0,41
drill_4mm_10_batch_00_collet_1_04-02-2025,8,0.0,1.1937692165374756,0.0,0,41
drill_4mm_10_batch_00_collet_1_04-02-2025,9,0.0,1.1937692165374756,0.0,0,41
drill_4mm_10_batch_00_collet_1_04-02-2025,10,1.1937692165374756,1.1937692165374756,0.0,0,41
drill_4mm_10_batch_00_collet_1_04-02-2025,11,1.3588955402374268,1.1937692165374756,0.0,0,41
drill_4mm_10_batch_00_collet_1_04-02-2025,12,1.6336168050765991,1.1937692165374756,0.0,0,41
drill_4mm_10_batch_00_collet_1_04-02-2025,13,2.2366621494293213,1.1937692165374756,0.0,0,41
drill_4mm_10_batch_00_collet_1_04-02-2025,14,5.767448902130127,1.1937692165374756,0.0,0,41
drill_4mm_10_batch_00_collet_1_04-02-2025,15,7.548647880554199,1.1937692165374756,0.0,0,41
drill_4mm_10_batch_00_collet_1_04-02-2025,16,7.824530124664307,1.1937692165374756,0.0,0,41
drill_4mm_10_batch_00_collet_1_04-02-2025,17,14.5166654586792,1.1937692165374756,0.0,0,41
drill_4mm_10_batch_00_collet_1_04-02-2025,18,22.302900314331055,1.1937692165374756,1.0,0,41
drill_4mm_10_batch_00_collet_1_04-02-2025,19,44.24102020263672,1.1937692165374756,1.0,0,41
drill_4mm_10_batch_00_collet_1_04-02-2025,20,56.94393539428711,1.1937692165374756,1.0,0,41
drill_4mm_10_batch_00_collet_1_04-02-2025,21,42.19174575805664,1.1937692165374756,1.0,0,41
drill_4mm_10_batch_00_collet_1_04-02-2025,22,46.06515884399414,1.1937692165374756,1.0,0,41
drill_4mm_10_batch_00_collet_1_04-02-2025,23,26.23094367980957,1.1937692165374756,1.0,0,41
drill_4mm_10_batch_00_collet_1_04-02-2025,24,38.2036018371582,1.1937692165374756,1.0,0,41
drill_4mm_10_batch_00_collet_1_04-02-2025,25,32.43141555786133,1.1937692165374756,1.0,0,41
drill_4mm_10_batch_00_collet_1_04-02-2025,26,63.118125915527344,1.1937692165374756,1.0,0,41
drill_4mm_10_batch_00_collet_1_04-02-2025,27,75.7486572265625,1.1937692165374756,1.0,0,41
drill_4mm_10_batch_00_collet_1_04-02-2025,28,60.546836853027344,1.1937692165374756,1.0,0,41
drill_4mm_10_batch_00_collet_1_04-02-2025,29,40.9112548828125,1.1937692165374756,1.0,0,41
drill_4mm_10_batch_00_collet_1_04-02-2025,30,71.59420013427734,1.1937692165374756,1.0,0,41
drill_4mm_10_batch_00_collet_1_04-02-2025,31,56.10365676879883,1.1937692165374756,1.0,0,41
drill_4mm_10_batch_00_collet_1_04-02-2025,32,93.34425354003906,1.1937692165374756,1.0,0,41
drill_4mm_10_batch_00_collet_1_04-02-2025,33,55.7078971862793,1.1937692165374756,1.0,0,41
drill_4mm_10_batch_00_collet_1_04-02-2025,34,38.47317123413086,1.1937692165374756,1.0,0,41
drill_4mm_10_batch_00_collet_1_04-02-2025,35,25.798105239868164,1.1937692165374756,1.0,0,41
drill_4mm_10_batch_00_collet_1_04-02-2025,36,36.528411865234375,1.1937692165374756,1.0,0,41
drill_4mm_10_batch_00_collet_1_04-02-2025,37,28.962848663330078,1.1937692165374756,1.0,0,41
drill_4mm_10_batch_00_collet_1_04-02-2025,38,27.161100387573242,1.1937692165374756,1.0,0,41
drill_4mm_10_batch_00_collet_1_04-02-2025,39,24.400917053222656,1.1937692165374756,1.0,0,41
drill_4mm_10_batch_00_collet_1_04-02-2025,40,35.906436920166016,1.1937692165374756,1.0,0,41
drill_4mm_10_batch_00_collet_1_04-02-2025,41,30.16265296936035,1.1937692165374756,1.0,0,41
drill_4mm_10_batch_00_collet_1_04-02-2025,42,22.57400894165039,1.1937692165374756,1.0,0,41
drill_4mm_10_batch_00_collet_1_04-02-2025,43,43.95413589477539,1.1937692165374756,1.0,0,41
drill_4mm_10_batch_00_collet_1_04-02-2025,44,34.476226806640625,1.1937692165374756,1.0,0,41
drill_4mm_10_batch_00_collet_1_04-02-2025,45,50.95687484741211,1.1937692165374756,1.0,0,41
drill_4mm_10_batch_00_collet_1_04-02-2025,46,54.97261047363281,1.1937692165374756,1.0,0,41
drill_4mm_10_batch_00_collet_1_04-02-2025,47,36.21734619140625,1.1937692165374756,1.0,0,41
drill_4mm_10_batch_00_collet_1_04-02-2025,48,55.96504211425781,1.1937692165374756,1.0,0,41
drill_4mm_10_batch_00_collet_1_04-02-2025,49,26.291215896606445,1.1937692165374756,1.0,1,41
drill_4mm_10_batch_00_collet_1_04-02-2025,50,43.20042419433594,1.1937692165374756,1.0,1,41
drill_4mm_10_batch_00_collet_1_04-02-2025,51,18.762767791748047,1.1937692165374756,1.0,1,41
drill_4mm_10_batch_00_collet_1_04-02-2025,52,47.8165283203125,1.1937692165374756,1.0,1,41
drill_4mm_10_batch_00_collet_1_04-02-2025,53,41.67162322998047,1.1937692165374756,1.0,1,41
drill_4mm_10_batch_00_collet_1_04-02-2025,54,67.89472961425781,1.1937692165374756,1.0,1,41
drill_4mm_10_batch_00_collet_1_04-02-2025,55,96.34750366210938,1.1937692165374756,1.0,1,41
drill_4mm_10_batch_00_collet_1_04-02-2025,56,104.61066436767578,1.1937692165374756,1.0,1,41
drill_4mm_10_batch_00_collet_1_04-02-2025,57,93.67115020751953,1.1937692165374756,1.0,1,41
drill_4mm_10_batch_00_collet_1_04-02-2025,58,31.815523147583008,1.1937692165374756,1.0,1,41
drill_4mm_10_batch_00_collet_1_04-02-2025,59,79.95700073242188,1.1937692165374756,1.0,1,41
drill_4mm_11_batch_00_collet_1_05-02-2025,1,0.0,3.8414926528930664,0.0,0,1
drill_4mm_11_batch_00_collet_1_05-02-2025,2,0.0,3.8414926528930664,0.0,0,1
drill_4mm_11_batch_00_collet_1_05-02-2025,3,0.0,3.8414926528930664,0.0,0,1
drill_4mm_11_batch_00_collet_1_05-02-2025,4,0.0,3.8414926528930664,0.0,0,1
drill_4mm_11_batch_00_collet_1_05-02-2025,5,0.0,3.8414926528930664,0.0,0,1
drill_4mm_11_batch_00_collet_1_05-02-2025,6,0.0,3.8414926528930664,0.0,0,1
drill_4mm_11_batch_00_collet_1_05-02-2025,7,0.0,3.8414926528930664,0.0,0,1
drill_4mm_11_batch_00_collet_1_05-02-2025,8,0.0,3.8414926528930664,0.0,0,1
drill_4mm_11_batch_00_collet_1_05-02-2025,9,0.0,3.8414926528930664,0.0,0,1
drill_4mm_11_batch_00_collet_1_05-02-2025,10,3.8414926528930664,3.8414926528930664,0.0,0,1
drill_4mm_11_batch_00_collet_1_05-02-2025,11,8.251792907714844,3.8414926528930664,0.0,0,1
drill_4mm_11_batch_00_collet_1_05-02-2025,12,12.99812126159668,3.8414926528930664,0.0,0,1
drill_4mm_11_batch_00_collet_1_05-02-2025,13,20.78478240966797,3.8414926528930664,0.0,0,1
drill_4mm_11_batch_00_collet_1_05-02-2025,14,74.65765380859375,3.8414926528930664,0.0,0,1
drill_4mm_11_batch_00_collet_1_05-02-2025,15,26.509662628173828,3.8414926528930664,0.0,0,1
drill_4mm_11_batch_00_collet_1_05-02-2025,16,100.84486389160156,3.8414926528930664,0.0,0,1
drill_4mm_11_batch_00_collet_1_05-02-2025,17,30.082672119140625,3.8414926528930664,0.0,1,1
drill_4mm_11_batch_00_collet_1_05-02-2025,18,30.16808319091797,3.8414926528930664,1.0,1,1
drill_4mm_11_batch_00_collet_1_05-02-2025,19,73.19792938232422,3.8414926528930664,1.0,1,1
drill_4mm_12_batch_01_collet_1_05-02-2025,1,0.0,2.1846065521240234,0.0,0,0
drill_4mm_12_batch_01_collet_1_05-02-2025,2,0.0,2.1846065521240234,0.0,0,0
drill_4mm_12_batch_01_collet_1_05-02-2025,3,0.0,2.1846065521240234,0.0,0,0
drill_4mm_12_batch_01_collet_1_05-02-2025,4,0.0,2.1846065521240234,0.0,0,0
drill_4mm_12_batch_01_collet_1_05-02-2025,5,0.0,2.1846065521240234,0.0,0,0
drill_4mm_12_batch_01_collet_1_05-02-2025,6,0.0,2.1846065521240234,0.0,0,0
drill_4mm_12_batch_01_collet_1_05-02-2025,7,0.0,2.1846065521240234,0.0,0,0
drill_4mm_12_batch_01_collet_1_05-02-2025,8,0.0,2.1846065521240234,0.0,0,0
drill_4mm_12_batch_01_collet_1_05-02-2025,9,0.0,2.1846065521240234,0.0,0,0
drill_4mm_12_batch_01_collet_1_05-02-2025,10,2.1846065521240234,2.1846065521240234,0.0,0,0
drill_4mm_12_batch_01_collet_1_05-02-2025,11,6.671623229980469,2.1846065521240234,0.0,0,0
drill_4mm_12_batch_01_collet_1_05-02-2025,12,28.7689151763916,2.1846065521240234,0.0,0,0
drill_4mm_12_batch_01_collet_1_05-02-2025,13,83.98011779785156,2.1846065521240234,0.0,0,0
drill_4mm_12_batch_01_collet_1_05-02-2025,14,215.90525817871094,2.1846065521240234,0.0,0,0
drill_4mm_12_batch_01_collet_1_05-02-2025,15,637.1775512695312,2.1846065521240234,0.0,1,0
drill_4mm_12_batch_01_collet_1_05-02-2025,16,164.6807861328125,2.1846065521240234,0.0,1,0
drill_4mm_12_batch_01_collet_1_05-02-2025,17,123.64997100830078,2.1846065521240234,0.0,1,0
drill_4mm_13_batch_01_collet_1_05-02-2025,1,0.0,1.6484456062316895,0.0,0,0
drill_4mm_13_batch_01_collet_1_05-02-2025,2,0.0,1.6484456062316895,0.0,0,0
drill_4mm_13_batch_01_collet_1_05-02-2025,3,0.0,1.6484456062316895,0.0,0,0
drill_4mm_13_batch_01_collet_1_05-02-2025,4,0.0,1.6484456062316895,0.0,0,0
drill_4mm_13_batch_01_collet_1_05-02-2025,5,0.0,1.6484456062316895,0.0,0,0
drill_4mm_13_batch_01_collet_1_05-02-2025,6,0.0,1.6484456062316895,0.0,0,0
drill_4mm_13_batch_01_collet_1_05-02-2025,7,0.0,1.6484456062316895,0.0,0,0
drill_4mm_13_batch_01_collet_1_05-02-2025,8,0.0,1.6484456062316895,0.0,0,0
drill_4mm_13_batch_01_collet_1_05-02-2025,9,0.0,1.6484456062316895,0.0,0,0
drill_4mm_13_batch_01_collet_1_05-02-2025,10,1.6484456062316895,1.6484456062316895,0.0,0,0
drill_4mm_13_batch_01_collet_1_05-02-2025,11,2.2598676681518555,1.6484456062316895,0.0,0,0
drill_4mm_13_batch_01_collet_1_05-02-2025,12,16.731977462768555,1.6484456062316895,0.0,0,0
drill_4mm_13_batch_01_collet_1_05-02-2025,13,14.997384071350098,1.6484456062316895,0.0,0,0
drill_4mm_13_batch_01_collet_1_05-02-2025,14,27.574905395507812,1.6484456062316895,0.0,0,0
drill_4mm_13_batch_01_collet_1_05-02-2025,15,16.696514129638672,1.6484456062316895,0.0,0,0
drill_4mm_13_batch_01_collet_1_05-02-2025,16,17.77694320678711,1.6484456062316895,0.0,1,0
drill_4mm_13_batch_01_collet_1_05-02-2025,17,28.120649337768555,1.6484456062316895,0.0,1,0
drill_4mm_13_batch_01_collet_1_05-02-2025,18,41.465782165527344,1.6484456062316895,1.0,1,0
drill_4mm_14_batch_01_collet_1_06-02-2025,1,0.0,1.2931020259857178,0.0,0,3
drill_4mm_14_batch_01_collet_1_06-02-2025,2,0.0,1.2931020259857178,0.0,0,3
drill_4mm_14_batch_01_collet_1_06-02-2025,3,0.0,1.2931020259857178,0.0,0,3
drill_4mm_14_batch_01_collet_1_06-02-2025,4,0.0,1.2931020259857178,0.0,0,3
drill_4mm_14_batch_01_collet_1_06-02-2025,5,0.0,1.2931020259857178,0.0,0,3
drill_4mm_14_batch_01_collet_1_06-02-2025,6,0.0,1.2931020259857178,0.0,0,3
drill_4mm_14_batch_01_collet_1_06-02-2025,7,0.0,1.2931020259857178,0.0,0,3
drill_4mm_14_batch_01_collet_1_06-02-2025,8,0.0,1.2931020259857178,0.0,0,3
drill_4mm_14_batch_01_collet_1_06-02-2025,9,0.0,1.2931020259857178,0.0,0,3
drill_4mm_14_batch_01_collet_1_06-02-2025,10,1.2931020259857178,1.2931020259857178,0.0,0,3
drill_4mm_14_batch_01_collet_1_06-02-2025,11,2.5024850368499756,1.2931020259857178,0.0,0,3
drill_4mm_14_batch_01_collet_1_06-02-2025,12,4.093713283538818,1.2931020259857178,0.0,0,3
drill_4mm_14_batch_01_collet_1_06-02-2025,13,134.91854858398438,1.2931020259857178,0.0,0,3
drill_4mm_14_batch_01_collet_1_06-02-2025,14,16.749814987182617,1.2931020259857178,0.0,0,3
drill_4mm_14_batch_01_collet_1_06-02-2025,15,18.461841583251953,1.2931020259857178,0.0,0,3
drill_4mm_14_batch_01_collet_1_06-02-2025,16,20.176067352294922,1.2931020259857178,0.0,0,3
drill_4mm_14_batch_01_collet_1_06-02-2025,17,20.532793045043945,1.2931020259857178,0.0,0,3
drill_4mm_14_batch_01_collet_1_06-02-2025,18,20.558425903320312,1.2931020259857178,1.0,1,3
drill_4mm_14_batch_01_collet_1_06-02-2025,19,32.70732498168945,1.2931020259857178,1.0,1,3
drill_4mm_14_batch_01_collet_1_06-02-2025,20,38.783565521240234,1.2931020259857178,1.0,1,3
drill_4mm_14_batch_01_collet_1_06-02-2025,21,23.567880630493164,1.2931020259857178,1.0,1,3
drill_4mm_15_batch_01_collet_1_06-02-2025,1,0.0,1.6399617195129395,0.0,0,26
drill_4mm_15_batch_01_collet_1_06-02-2025,2,0.0,1.6399617195129395,0.0,0,26
drill_4mm_15_batch_01_collet_1_06-02-2025,3,0.0,1.6399617195129395,0.0,0,26
drill_4mm_15_batch_01_collet_1_06-02-2025,4,0.0,1.6399617195129395,0.0,0,26
drill_4mm_15_batch_01_collet_1_06-02-2025,5,0.0,1.6399617195129395,0.0,0,26
drill_4mm_15_batch_01_collet_1_06-02-2025,6,0.0,1.6399617195129395,0.0,0,26
drill_4mm_15_batch_01_collet_1_06-02-2025,7,0.0,1.6399617195129395,0.0,0,26
drill_4mm_15_batch_01_collet_1_06-02-2025,8,0.0,1.6399617195129395,0.0,0,26
drill_4mm_15_batch_01_collet_1_06-02-2025,9,0.0,1.6399617195129395,0.0,0,26
drill_4mm_15_batch_01_collet_1_06-02-2025,10,1.6399617195129395,1.6399617195129395,0.0,0,26
drill_4mm_15_batch_01_collet_1_06-02-2025,11,2.0760509967803955,1.6399617195129395,0.0,0,26
drill_4mm_15_batch_01_collet_1_06-02-2025,12,2.739258050918579,1.6399617195129395,0.0,0,26
drill_4mm_15_batch_01_collet_1_06-02-2025,13,4.101761341094971,1.6399617195129395,0.0,0,26
drill_4mm_15_batch_01_collet_1_06-02-2025,14,5.813967227935791,1.6399617195129395,0.0,0,26
drill_4mm_15_batch_01_collet_1_06-02-2025,15,11.435972213745117,1.6399617195129395,0.0,0,26
drill_4mm_15_batch_01_collet_1_06-02-2025,16,14.568066596984863,1.6399617195129395,0.0,0,26
drill_4mm_15_batch_01_collet_1_06-02-2025,17,14.872546195983887,1.6399617195129395,0.0,0,26
drill_4mm_15_batch_01_collet_1_06-02-2025,18,28.11624526977539,1.6399617195129395,1.0,0,26
drill_4mm_15_batch_01_collet_1_06-02-2025,19,25.34842300415039,1.6399617195129395,1.0,0,26
drill_4mm_15_batch_01_collet_1_06-02-2025,20,53.03030014038086,1.6399617195129395,1.0,0,26
drill_4mm_15_batch_01_collet_1_06-02-2025,21,59.490718841552734,1.6399617195129395,1.0,0,26
drill_4mm_15_batch_01_collet_1_06-02-2025,22,132.08587646484375,1.6399617195129395,1.0,0,26
drill_4mm_15_batch_01_collet_1_06-02-2025,23,219.12339782714844,1.6399617195129395,1.0,0,26
drill_4mm_15_batch_01_collet_1_06-02-2025,24,236.6802978515625,1.6399617195129395,1.0,0,26
drill_4mm_15_batch_01_collet_1_06-02-2025,25,273.68414306640625,1.6399617195129395,1.0,0,26
drill_4mm_15_batch_01_collet_1_06-02-2025,26,264.4458923339844,1.6399617195129395,1.0,0,26
drill_4mm_15_batch_01_collet_1_06-02-2025,27,351.712158203125,1.6399617195129395,1.0,0,26
drill_4mm_15_batch_01_collet_1_06-02-2025,28,281.81298828125,1.6399617195129395,1.0,0,26
drill_4mm_15_batch_01_collet_1_06-02-2025,29,277.01116943359375,1.6399617195129395,1.0,0,26
drill_4mm_15_batch_01_collet_1_06-02-2025,30,324.5643005371094,1.6399617195129395,1.0,0,26
drill_4mm_15_batch_01_collet_1_06-02-2025,31,133.48895263671875,1.6399617195129395,1.0,0,26
drill_4mm_15_batch_01_collet_1_06-02-2025,32,152.29434204101562,1.6399617195129395,1.0,0,26
drill_4mm_15_batch_01_collet_1_06-02-2025,33,125.86117553710938,1.6399617195129395,1.0,0,26
drill_4mm_15_batch_01_collet_1_06-02-2025,34,191.75294494628906,1.6399617195129395,1.0,0,26
drill_4mm_15_batch_01_collet_1_06-02-2025,35,294.93572998046875,1.6399617195129395,1.0,0,26
drill_4mm_15_batch_01_collet_1_06-02-2025,36,289.0564270019531,1.6399617195129395,1.0,0,26
drill_4mm_15_batch_01_collet_1_06-02-2025,37,139.20933532714844,1.6399617195129395,1.0,1,26
drill_4mm_15_batch_01_collet_1_06-02-2025,38,55.139556884765625,1.6399617195129395,1.0,1,26
drill_4mm_15_batch_01_collet_1_06-02-2025,39,54.20751953125,1.6399617195129395,1.0,1,26
drill_4mm_15_batch_01_collet_1_06-02-2025,40,45.83492660522461,1.6399617195129395,1.0,1,26
drill_4mm_15_batch_01_collet_1_06-02-2025,41,33.332828521728516,1.6399617195129395,1.0,1,26
drill_4mm_15_batch_01_collet_1_06-02-2025,42,76.07567596435547,1.6399617195129395,1.0,1,26
drill_4mm_15_batch_01_collet_1_06-02-2025,43,78.94794464111328,1.6399617195129395,1.0,1,26
drill_4mm_15_batch_01_collet_1_06-02-2025,44,53.842437744140625,1.6399617195129395,1.0,1,26
drill_4mm_16_batch_01_collet_1_06-02-2025,1,0.0,1.7924895286560059,0.0,0,20
drill_4mm_16_batch_01_collet_1_06-02-2025,2,0.0,1.7924895286560059,0.0,0,20
drill_4mm_16_batch_01_collet_1_06-02-2025,3,0.0,1.7924895286560059,0.0,0,20
drill_4mm_16_batch_01_collet_1_06-02-2025,4,0.0,1.7924895286560059,0.0,0,20
drill_4mm_16_batch_01_collet_1_06-02-2025,5,0.0,1.7924895286560059,0.0,0,20
drill_4mm_16_batch_01_collet_1_06-02-2025,6,0.0,1.7924895286560059,0.0,0,20
drill_4mm_16_batch_01_collet_1_06-02-2025,7,0.0,1.7924895286560059,0.0,0,20
drill_4mm_16_batch_01_collet_1_06-02-2025,8,0.0,1.7924895286560059,0.0,0,20
drill_4mm_16_batch_01_collet_1_06-02-2025,9,0.0,1.7924895286560059,0.0,0,20
drill_4mm_16_batch_01_collet_1_06-02-2025,10,1.7924895286560059,1.7924895286560059,0.0,0,20
drill_4mm_16_batch_01_collet_1_06-02-2025,11,1.851071834564209,1.7924895286560059,0.0,0,20
drill_4mm_16_batch_01_collet_1_06-02-2025,12,2.306533098220825,1.7924895286560059,0.0,0,20
drill_4mm_16_batch_01_collet_1_06-02-2025,13,3.644843578338623,1.7924895286560059,0.0,0,20
drill_4mm_16_batch_01_collet_1_06-02-2025,14,5.401849746704102,1.7924895286560059,0.0,0,20
drill_4mm_16_batch_01_collet_1_06-02-2025,15,6.170487880706787,1.7924895286560059,0.0,0,20
drill_4mm_16_batch_01_collet_1_06-02-2025,16,8.021143913269043,1.7924895286560059,0.0,0,20
drill_4mm_16_batch_01_collet_1_06-02-2025,17,11.045817375183105,1.7924895286560059,0.0,0,20
drill_4mm_16_batch_01_collet_1_06-02-2025,18,10.053093910217285,1.7924895286560059,1.0,0,20
drill_4mm_16_batch_01_collet_1_06-02-2025,19,10.685080528259277,1.7924895286560059,1.0,0,20
drill_4mm_16_batch_01_collet_1_06-02-2025,20,12.888776779174805,1.7924895286560059,1.0,0,20
drill_4mm_16_batch_01_collet_1_06-02-2025,21,20.16425323486328,1.7924895286560059,1.0,0,20
drill_4mm_16_batch_01_collet_1_06-02-2025,22,38.79593276977539,1.7924895286560059,1.0,0,20
drill_4mm_16_batch_01_collet_1_06-02-2025,23,56.48914337158203,1.7924895286560059,1.0,0,20
drill_4mm_16_batch_01_collet_1_06-02-2025,24,81.70189666748047,1.7924895286560059,1.0,0,20
drill_4mm_16_batch_01_collet_1_06-02-2025,25,105.95750427246094,1.7924895286560059,1.0,0,20
drill_4mm_16_batch_01_collet_1_06-02-2025,26,116.2605209350586,1.7924895286560059,1.0,0,20
drill_4mm_16_batch_01_collet_1_06-02-2025,27,124.14830780029297,1.7924895286560059,1.0,0,20
drill_4mm_16_batch_01_collet_1_06-02-2025,28,129.2254180908203,1.7924895286560059,1.0,0,20
drill_4mm_16_batch_01_collet_1_06-02-2025,29,126.27139282226562,1.7924895286560059,1.0,0,20
drill_4mm_16_batch_01_collet_1_06-02-2025,30,100.07842254638672,1.7924895286560059,1.0,0,20
drill_4mm_16_batch_01_collet_1_06-02-2025,31,94.0174789428711,1.7924895286560059,1.0,0,20
drill_4mm_16_batch_01_collet_1_06-02-2025,32,107.9027099609375,1.7924895286560059,1.0,1,20
drill_4mm_16_batch_01_collet_1_06-02-2025,33,41.26568603515625,1.7924895286560059,1.0,1,20
drill_4mm_16_batch_01_collet_1_06-02-2025,34,86.01092529296875,1.7924895286560059,1.0,1,20
drill_4mm_16_batch_01_collet_1_06-02-2025,35,126.81407928466797,1.7924895286560059,1.0,1,20
drill_4mm_16_batch_01_collet_1_06-02-2025,36,165.97341918945312,1.7924895286560059,1.0,1,20
drill_4mm_16_batch_01_collet_1_06-02-2025,37,247.8521270751953,1.7924895286560059,1.0,1,20
drill_4mm_16_batch_01_collet_1_06-02-2025,38,278.3050842285156,1.7924895286560059,1.0,1,20
drill_4mm_17_batch_01_collet_1_06-02-2025,1,0.0,1.2542245388031006,0.0,0,1
drill_4mm_17_batch_01_collet_1_06-02-2025,2,0.0,1.2542245388031006,0.0,0,1
drill_4mm_17_batch_01_collet_1_06-02-2025,3,0.0,1.2542245388031006,0.0,0,1
drill_4mm_17_batch_01_collet_1_06-02-2025,4,0.0,1.2542245388031006,0.0,0,1
drill_4mm_17_batch_01_collet_1_06-02-2025,5,0.0,1.2542245388031006,0.0,0,1
drill_4mm_17_batch_01_collet_1_06-02-2025,6,0.0,1.2542245388031006,0.0,0,1
drill_4mm_17_batch_01_collet_1_06-02-2025,7,0.0,1.2542245388031006,0.0,0,1
drill_4mm_17_batch_01_collet_1_06-02-2025,8,0.0,1.2542245388031006,0.0,0,1
drill_4mm_17_batch_01_collet_1_06-02-2025,9,0.0,1.2542245388031006,0.0,0,1
drill_4mm_17_batch_01_collet_1_06-02-2025,10,1.2542245388031006,1.2542245388031006,0.0,0,1
drill_4mm_17_batch_01_collet_1_06-02-2025,11,1.3452037572860718,1.2542245388031006,0.0,0,1
drill_4mm_17_batch_01_collet_1_06-02-2025,12,1.3447476625442505,1.2542245388031006,0.0,0,1
drill_4mm_17_batch_01_collet_1_06-02-2025,13,5.4469733238220215,1.2542245388031006,0.0,0,1
drill_4mm_17_batch_01_collet_1_06-02-2025,14,3.534274101257324,1.2542245388031006,0.0,0,1
drill_4mm_17_batch_01_collet_1_06-02-2025,15,3.2057790756225586,1.2542245388031006,0.0,0,1
drill_4mm_17_batch_01_collet_1_06-02-2025,16,6.035799026489258,1.2542245388031006,0.0,0,1
drill_4mm_17_batch_01_collet_1_06-02-2025,17,5.116702556610107,1.2542245388031006,0.0,1,1
drill_4mm_17_batch_01_collet_1_06-02-2025,18,5.847070217132568,1.2542245388031006,1.0,1,1
drill_4mm_17_batch_01_collet_1_06-02-2025,19,6.76298189163208,1.2542245388031006,1.0,1,1
drill_4mm_18_batch_01_collet_1_07-02-2025,1,0.0,0.7525486350059509,0.0,0,62
drill_4mm_18_batch_01_collet_1_07-02-2025,2,0.0,0.7525486350059509,0.0,0,62
drill_4mm_18_batch_01_collet_1_07-02-2025,3,0.0,0.7525486350059509,0.0,0,62
drill_4mm_18_batch_01_collet_1_07-02-2025,4,0.0,0.7525486350059509,0.0,0,62
drill_4mm_18_batch_01_collet_1_07-02-2025,5,0.0,0.7525486350059509,0.0,0,62
drill_4mm_18_batch_01_collet_1_07-02-2025,6,0.0,0.7525486350059509,0.0,0,62
drill_4mm_18_batch_01_collet_1_07-02-2025,7,0.0,0.7525486350059509,0.0,0,62
drill_4mm_18_batch_01_collet_1_07-02-2025,8,0.0,0.7525486350059509,0.0,0,62
drill_4mm_18_batch_01_collet_1_07-02-2025,9,0.0,0.7525486350059509,0.0,0,62
drill_4mm_18_batch_01_collet_1_07-02-2025,10,0.7525486350059509,0.7525486350059509,0.0,0,62
drill_4mm_18_batch_01_collet_1_07-02-2025,11,0.7364866733551025,0.7525486350059509,0.0,0,62
drill_4mm_18_batch_01_collet_1_07-02-2025,12,1.3501406908035278,0.7525486350059509,0.0,0,62
drill_4mm_18_batch_01_collet_1_07-02-2025,13,1.8725287914276123,0.7525486350059509,0.0,0,62
drill_4mm_18_batch_01_collet_1_07-02-2025,14,3.60908579826355,0.7525486350059509,0.0,0,62
drill_4mm_18_batch_01_collet_1_07-02-2025,15,4.025364875793457,0.7525486350059509,0.0,0,62
drill_4mm_18_batch_01_collet_1_07-02-2025,16,4.822159290313721,0.7525486350059509,0.0,0,62
drill_4mm_18_batch_01_collet_1_07-02-2025,17,7.813622951507568,0.7525486350059509,0.0,0,62
drill_4mm_18_batch_01_collet_1_07-02-2025,18,10.457600593566895,0.7525486350059509,0.0,0,62
drill_4mm_18_batch_01_collet_1_07-02-2025,19,19.361507415771484,0.7525486350059509,1.0,0,62
drill_4mm_18_batch_01_collet_1_07-02-2025,20,32.9096565246582,0.7525486350059509,1.0,0,62
drill_4mm_18_batch_01_collet_1_07-02-2025,21,47.367034912109375,0.7525486350059509,1.0,0,62
drill_4mm_18_batch_01_collet_1_07-02-2025,22,48.83451461791992,0.7525486350059509,1.0,0,62
drill_4mm_18_batch_01_collet_1_07-02-2025,23,41.03237533569336,0.7525486350059509,1.0,0,62
drill_4mm_18_batch_01_collet_1_07-02-2025,24,37.32712173461914,0.7525486350059509,1.0,0,62
drill_4mm_18_batch_01_collet_1_07-02-2025,25,7.994236946105957,0.7525486350059509,1.0,0,62
drill_4mm_18_batch_01_collet_1_07-02-2025,26,4.965963363647461,0.7525486350059509,1.0,0,62
drill_4mm_18_batch_01_collet_1_07-02-2025,27,4.667722702026367,0.7525486350059509,1.0,0,62
drill_4mm_18_batch_01_collet_1_07-02-2025,28,4.652361869812012,0.7525486350059509,1.0,0,62
drill_4mm_18_batch_01_collet_1_07-02-2025,29,4.679227828979492,0.7525486350059509,1.0,0,62
drill_4mm_18_batch_01_collet_1_07-02-2025,30,5.094562530517578,0.7525486350059509,1.0,0,62
drill_4mm_18_batch_01_collet_1_07-02-2025,31,5.208629608154297,0.7525486350059509,1.0,0,62
drill_4mm_18_batch_01_collet_1_07-02-2025,32,5.366628170013428,0.7525486350059509,1.0,0,62
drill_4mm_18_batch_01_collet_1_07-02-2025,33,6.210399150848389,0.7525486350059509,1.0,0,62
drill_4mm_18_batch_01_collet_1_07-02-2025,34,5.170313835144043,0.7525486350059509,1.0,0,62
drill_4mm_18_batch_01_collet_1_07-02-2025,35,4.842000961303711,0.7525486350059509,1.0,0,62
drill_4mm_18_batch_01_collet_1_07-02-2025,36,4.975094318389893,0.7525486350059509,1.0,0,62
drill_4mm_18_batch_01_collet_1_07-02-2025,37,6.560153961181641,0.7525486350059509,1.0,0,62
drill_4mm_18_batch_01_collet_1_07-02-2025,38,7.586250305175781,0.7525486350059509,1.0,0,62
drill_4mm_18_batch_01_collet_1_07-02-2025,39,8.803473472595215,0.7525486350059509,1.0,0,62
drill_4mm_18_batch_01_collet_1_07-02-2025,40,9.54757308959961,0.7525486350059509,1.0,0,62
drill_4mm_18_batch_01_collet_1_07-02-2025,41,11.443464279174805,0.7525486350059509,1.0,0,62
drill_4mm_18_batch_01_collet_1_07-02-2025,42,11.879173278808594,0.7525486350059509,1.0,0,62
drill_4mm_18_batch_01_collet_1_07-02-2025,43,13.179235458374023,0.7525486350059509,1.0,0,62
drill_4mm_18_batch_01_collet_1_07-02-2025,44,14.732093811035156,0.7525486350059509,1.0,0,62
drill_4mm_18_batch_01_collet_1_07-02-2025,45,16.274972915649414,0.7525486350059509,1.0,0,62
drill_4mm_18_batch_01_collet_1_07-02-2025,46,17.1511173248291,0.7525486350059509,1.0,0,62
drill_4mm_18_batch_01_collet_1_07-02-2025,47,17.58193016052246,0.7525486350059509,1.0,0,62
drill_4mm_18_batch_01_collet_1_07-02-2025,48,18.31218910217285,0.7525486350059509,1.0,0,62
drill_4mm_18_batch_01_collet_1_07-02-2025,49,20.246095657348633,0.7525486350059509,1.0,0,62
drill_4mm_18_batch_01_collet_1_07-02-2025,50,21.534639358520508,0.7525486350059509,1.0,0,62
drill_4mm_18_batch_01_collet_1_07-02-2025,51,21.885356903076172,0.7525486350059509,1.0,0,62
drill_4mm_18_batch_01_collet_1_07-02-2025,52,24.11488151550293,0.7525486350059509,1.0,0,62
drill_4mm_18_batch_01_collet_1_07-02-2025,53,25.645553588867188,0.7525486350059509,1.0,0,62
drill_4mm_18_batch_01_collet_1_07-02-2025,54,21.685440063476562,0.7525486350059509,1.0,0,62
drill_4mm_18_batch_01_collet_1_07-02-2025,55,23.201005935668945,0.7525486350059509,1.0,0,62
drill_4mm_18_batch_01_collet_1_07-02-2025,56,25.3546199798584,0.7525486350059509,1.0,0,62
drill_4mm_18_batch_01_collet_1_07-02-2025,57,25.614933013916016,0.7525486350059509,1.0,0,62
drill_4mm_18_batch_01_collet_1_07-02-2025,58,23.178508758544922,0.7525486350059509,1.0,0,62
drill_4mm_18_batch_01_collet_1_07-02-2025,59,25.189491271972656,0.7525486350059509,1.0,0,62
drill_4mm_18_batch_01_collet_1_07-02-2025,60,33.22215270996094,0.7525486350059509,1.0,0,62
drill_4mm_18_batch_01_collet_1_07-02-2025,61,55.754520416259766,0.7525486350059509,1.0,0,62
drill_4mm_18_batch_01_collet_1_07-02-2025,62,60.16573715209961,0.7525486350059509,1.0,0,62
drill_4mm_18_batch_01_collet_1_07-02-2025,63,74.43052673339844,0.7525486350059509,1.0,0,62
drill_4mm_18_batch_01_collet_1_07-02-2025,64,94.63849639892578,0.7525486350059509,1.0,0,62
drill_4mm_18_batch_01_collet_1_07-02-2025,65,136.65054321289062,0.7525486350059509,1.0,0,62
drill_4mm_18_batch_01_collet_1_07-02-2025,66,117.45597076416016,0.7525486350059509,1.0,1,62
drill_4mm_18_batch_01_collet_1_07-02-2025,67,135.89112854003906,0.7525486350059509,1.0,1,62
drill_4mm_18_batch_01_collet_1_07-02-2025,68,134.0812225341797,0.7525486350059509,1.0,1,62
drill_4mm_18_batch_01_collet_1_07-02-2025,69,140.59214782714844,0.7525486350059509,1.0,1,62
drill_4mm_18_batch_01_collet_1_07-02-2025,70,112.02193450927734,0.7525486350059509,1.0,1,62
drill_4mm_18_batch_01_collet_1_07-02-2025,71,94.54158020019531,0.7525486350059509,1.0,1,62
drill_4mm_18_batch_01_collet_1_07-02-2025,72,74.86775207519531,0.7525486350059509,1.0,1,62
drill_4mm_18_batch_01_collet_1_07-02-2025,73,64.30146789550781,0.7525486350059509,1.0,1,62
drill_4mm_18_batch_01_collet_1_07-02-2025,74,42.38935852050781,0.7525486350059509,1.0,1,62
drill_4mm_18_batch_01_collet_1_07-02-2025,75,39.147125244140625,0.7525486350059509,1.0,1,62
drill_4mm_18_batch_01_collet_1_07-02-2025,76,54.31878662109375,0.7525486350059509,1.0,1,62
drill_4mm_18_batch_01_collet_1_07-02-2025,77,37.35859680175781,0.7525486350059509,1.0,1,62
drill_4mm_18_batch_01_collet_1_07-02-2025,78,60.374908447265625,0.7525486350059509,1.0,1,62
drill_4mm_18_batch_01_collet_1_07-02-2025,79,33.78752899169922,0.7525486350059509,1.0,1,62
drill_4mm_18_batch_01_collet_1_07-02-2025,80,29.842910766601562,0.7525486350059509,1.0,1,62
drill_4mm_18_batch_01_collet_1_07-02-2025,81,24.869701385498047,0.7525486350059509,1.0,1,62
drill_4mm_19_batch_02_collet_1_13-02-2025,1,0.0,1.3285415172576904,0.0,0,35
drill_4mm_19_batch_02_collet_1_13-02-2025,2,0.0,1.3285415172576904,0.0,0,35
drill_4mm_19_batch_02_collet_1_13-02-2025,3,0.0,1.3285415172576904,0.0,0,35
drill_4mm_19_batch_02_collet_1_13-02-2025,4,0.0,1.3285415172576904,0.0,0,35
drill_4mm_19_batch_02_collet_1_13-02-2025,5,0.0,1.3285415172576904,0.0,0,35
drill_4mm_19_batch_02_collet_1_13-02-2025,6,0.0,1.3285415172576904,0.0,0,35
drill_4mm_19_batch_02_collet_1_13-02-2025,7,0.0,1.3285415172576904,0.0,0,35
drill_4mm_19_batch_02_collet_1_13-02-2025,8,0.0,1.3285415172576904,0.0,0,35
drill_4mm_19_batch_02_collet_1_13-02-2025,9,0.0,1.3285415172576904,0.0,0,35
drill_4mm_19_batch_02_collet_1_13-02-2025,10,1.3285415172576904,1.3285415172576904,0.0,0,35
drill_4mm_19_batch_02_collet_1_13-02-2025,11,1.5426417589187622,1.3285415172576904,0.0,0,35
drill_4mm_19_batch_02_collet_1_13-02-2025,12,2.305607795715332,1.3285415172576904,0.0,0,35
drill_4mm_19_batch_02_collet_1_13-02-2025,13,3.052830219268799,1.3285415172576904,0.0,0,35
drill_4mm_19_batch_02_collet_1_13-02-2025,14,6.2303972244262695,1.3285415172576904,0.0,0,35
drill_4mm_19_batch_02_collet_1_13-02-2025,15,5.582030773162842,1.3285415172576904,0.0,0,35
drill_4mm_19_batch_02_collet_1_13-02-2025,16,10.481422424316406,1.3285415172576904,0.0,0,35
drill_4mm_19_batch_02_collet_1_13-02-2025,17,19.950759887695312,1.3285415172576904,0.0,0,35
drill_4mm_19_batch_02_collet_1_13-02-2025,18,26.57742691040039,1.3285415172576904,1.0,0,35
drill_4mm_19_batch_02_collet_1_13-02-2025,19,49.292991638183594,1.3285415172576904,1.0,0,35
drill_4mm_19_batch_02_collet_1_13-02-2025,20,52.973548889160156,1.3285415172576904,1.0,0,35
drill_4mm_19_batch_02_collet_1_13-02-2025,21,71.40872192382812,1.3285415172576904,1.0,0,35
drill_4mm_19_batch_02_collet_1_13-02-2025,22,128.41688537597656,1.3285415172576904,1.0,0,35
drill_4mm_19_batch_02_collet_1_13-02-2025,23,203.28712463378906,1.3285415172576904,1.0,0,35
drill_4mm_19_batch_02_collet_1_13-02-2025,24,166.39761352539062,1.3285415172576904,1.0,0,35
drill_4mm_19_batch_02_collet_1_13-02-2025,25,186.4308624267578,1.3285415172576904,1.0,0,35
drill_4mm_19_batch_02_collet_1_13-02-2025,26,170.94821166992188,1.3285415172576904,1.0,0,35
drill_4mm_19_batch_02_collet_1_13-02-2025,27,147.94461059570312,1.3285415172576904,1.0,0,35
drill_4mm_19_batch_02_collet_1_13-02-2025,28,124.1546401977539,1.3285415172576904,1.0,0,35
drill_4mm_19_batch_02_collet_1_13-02-2025,29,100.20974731445312,1.3285415172576904,1.0,0,35
drill_4mm_19_batch_02_collet_1_13-02-2025,30,84.92315673828125,1.3285415172576904,1.0,0,35
drill_4mm_19_batch_02_collet_1_13-02-2025,31,55.410255432128906,1.3285415172576904,1.0,0,35
drill_4mm_19_batch_02_collet_1_13-02-2025,32,57.79383087158203,1.3285415172576904,1.0,0,35
drill_4mm_19_batch_02_collet_1_13-02-2025,33,100.27096557617188,1.3285415172576904,1.0,0,35
drill_4mm_19_batch_02_collet_1_13-02-2025,34,84.29305267333984,1.3285415172576904,1.0,0,35
drill_4mm_19_batch_02_collet_1_13-02-2025,35,60.86720657348633,1.3285415172576904,1.0,0,35
drill_4mm_19_batch_02_collet_1_13-02-2025,36,120.00157928466797,1.3285415172576904,1.0,0,35
drill_4mm_19_batch_02_collet_1_13-02-2025,37,123.87537384033203,1.3285415172576904,1.0,0,35
drill_4mm_19_batch_02_collet_1_13-02-2025,38,69.86834716796875,1.3285415172576904,1.0,0,35
drill_4mm_19_batch_02_collet_1_13-02-2025,39,69.75288391113281,1.3285415172576904,1.0,0,35
drill_4mm_19_batch_02_collet_1_13-02-2025,40,96.08768463134766,1.3285415172576904,1.0,0,35
drill_4mm_19_batch_02_collet_1_13-02-2025,41,53.58585739135742,1.3285415172576904,1.0,0,35
drill_4mm_19_batch_02_collet_1_13-02-2025,42,51.70588684082031,1.3285415172576904,1.0,0,35
drill_4mm_19_batch_02_collet_1_13-02-2025,43,146.345703125,1.3285415172576904,1.0,0,35
drill_4mm_19_batch_02_collet_1_13-02-2025,44,111.93351745605469,1.3285415172576904,1.0,1,35
drill_4mm_19_batch_02_collet_1_13-02-2025,45,131.98272705078125,1.3285415172576904,1.0,1,35
drill_4mm_19_batch_02_collet_1_13-02-2025,46,118.10475158691406,1.3285415172576904,1.0,1,35
drill_4mm_19_batch_02_collet_1_13-02-2025,47,115.42127227783203,1.3285415172576904,1.0,1,35
drill_4mm_19_batch_02_collet_1_13-02-2025,48,282.8458251953125,1.3285415172576904,1.0,1,35
drill_4mm_19_batch_02_collet_1_13-02-2025,49,233.2876434326172,1.3285415172576904,1.0,1,35
drill_4mm_19_batch_02_collet_1_13-02-2025,50,339.3270568847656,1.3285415172576904,1.0,1,35
drill_4mm_19_batch_02_collet_1_13-02-2025,51,266.9979553222656,1.3285415172576904,1.0,1,35
drill_4mm_19_batch_02_collet_1_13-02-2025,52,240.17626953125,1.3285415172576904,1.0,1,35
drill_4mm_19_batch_02_collet_1_13-02-2025,53,307.9046936035156,1.3285415172576904,1.0,1,35
drill_4mm_20_batch_03_collet_1_13-02-2025,1,0.0,1.7807509899139404,0.0,0,17
drill_4mm_20_batch_03_collet_1_13-02-2025,2,0.0,1.7807509899139404,0.0,0,17
drill_4mm_20_batch_03_collet_1_13-02-2025,3,0.0,1.7807509899139404,0.0,0,17
drill_4mm_20_batch_03_collet_1_13-02-2025,4,0.0,1.7807509899139404,0.0,0,17
drill_4mm_20_batch_03_collet_1_13-02-2025,5,0.0,1.7807509899139404,0.0,0,17
drill_4mm_20_batch_03_collet_1_13-02-2025,6,0.0,1.7807509899139404,0.0,0,17
drill_4mm_20_batch_03_collet_1_13-02-2025,7,0.0,1.7807509899139404,0.0,0,17
drill_4mm_20_batch_03_collet_1_13-02-2025,8,0.0,1.7807509899139404,0.0,0,17
drill_4mm_20_batch_03_collet_1_13-02-2025,9,0.0,1.7807509899139404,0.0,0,17
drill_4mm_20_batch_03_collet_1_13-02-2025,10,1.7807509899139404,1.7807509899139404,0.0,0,17
drill_4mm_20_batch_03_collet_1_13-02-2025,11,1.9829766750335693,1.7807509899139404,0.0,0,17
drill_4mm_20_batch_03_collet_1_13-02-2025,12,3.165510892868042,1.7807509899139404,0.0,0,17
drill_4mm_20_batch_03_collet_1_13-02-2025,13,5.281181335449219,1.7807509899139404,0.0,0,17
drill_4mm_20_batch_03_collet_1_13-02-2025,14,5.211484909057617,1.7807509899139404,0.0,0,17
drill_4mm_20_batch_03_collet_1_13-02-2025,15,6.672554016113281,1.7807509899139404,0.0,0,17
drill_4mm_20_batch_03_collet_1_13-02-2025,16,6.489002227783203,1.7807509899139404,0.0,0,17
drill_4mm_20_batch_03_collet_1_13-02-2025,17,6.879876613616943,1.7807509899139404,0.0,0,17
drill_4mm_20_batch_03_collet_1_13-02-2025,18,6.390218257904053,1.7807509899139404,1.0,0,17
drill_4mm_20_batch_03_collet_1_13-02-2025,19,6.157445907592773,1.7807509899139404,1.0,0,17
drill_4mm_20_batch_03_collet_1_13-02-2025,20,6.056553363800049,1.7807509899139404,1.0,0,17
drill_4mm_20_batch_03_collet_1_13-02-2025,21,5.737467288970947,1.7807509899139404,1.0,0,17
drill_4mm_20_batch_03_collet_1_13-02-2025,22,6.326667785644531,1.7807509899139404,1.0,0,17
drill_4mm_20_batch_03_collet_1_13-02-2025,23,7.315220355987549,1.7807509899139404,1.0,0,17
drill_4mm_20_batch_03_collet_1_13-02-2025,24,8.302994728088379,1.7807509899139404,1.0,0,17
drill_4mm_20_batch_03_collet_1_13-02-2025,25,6.2264838218688965,1.7807509899139404,1.0,0,17
drill_4mm_20_batch_03_collet_1_13-02-2025,26,6.541958332061768,1.7807509899139404,1.0,0,17
drill_4mm_20_batch_03_collet_1_13-02-2025,27,6.602750778198242,1.7807509899139404,1.0,0,17
drill_4mm_20_batch_03_collet_1_13-02-2025,28,7.750366687774658,1.7807509899139404,1.0,0,17
drill_4mm_20_batch_03_collet_1_13-02-2025,29,8.102778434753418,1.7807509899139404,1.0,1,17
drill_4mm_20_batch_03_collet_1_13-02-2025,30,12.942269325256348,1.7807509899139404,1.0,1,17
drill_4mm_20_batch_03_collet_1_13-02-2025,31,16.03008460998535,1.7807509899139404,1.0,1,17
drill_4mm_20_batch_03_collet_1_13-02-2025,32,19.73794174194336,1.7807509899139404,1.0,1,17
drill_4mm_20_batch_03_collet_1_13-02-2025,33,39.178070068359375,1.7807509899139404,1.0,1,17
drill_4mm_20_batch_03_collet_1_13-02-2025,34,12.215799331665039,1.7807509899139404,1.0,1,17
drill_4mm_20_batch_03_collet_1_13-02-2025,35,29.590578079223633,1.7807509899139404,1.0,1,17
drill_4mm_21_batch_02_collet_2_14-02-2025,1,0.0,1.0266377925872803,0.0,0,10
drill_4mm_21_batch_02_collet_2_14-02-2025,2,0.0,1.0266377925872803,0.0,0,10
drill_4mm_21_batch_02_collet_2_14-02-2025,3,0.0,1.0266377925872803,0.0,0,10
drill_4mm_21_batch_02_collet_2_14-02-2025,4,0.0,1.0266377925872803,0.0,0,10
drill_4mm_21_batch_02_collet_2_14-02-2025,5,0.0,1.0266377925872803,0.0,0,10
drill_4mm_21_batch_02_collet_2_14-02-2025,6,0.0,1.0266377925872803,0.0,0,10
drill_4mm_21_batch_02_collet_2_14-02-2025,7,0.0,1.0266377925872803,0.0,0,10
drill_4mm_21_batch_02_collet_2_14-02-2025,8,0.0,1.0266377925872803,0.0,0,10
drill_4mm_21_batch_02_collet_2_14-02-2025,9,0.0,1.0266377925872803,0.0,0,10
drill_4mm_21_batch_02_collet_2_14-02-2025,10,1.0266377925872803,1.0266377925872803,0.0,0,10
drill_4mm_21_batch_02_collet_2_14-02-2025,11,1.4001046419143677,1.0266377925872803,0.0,0,10
drill_4mm_21_batch_02_collet_2_14-02-2025,12,1.5520976781845093,1.0266377925872803,0.0,0,10
drill_4mm_21_batch_02_collet_2_14-02-2025,13,4.543462753295898,1.0266377925872803,0.0,0,10
drill_4mm_21_batch_02_collet_2_14-02-2025,14,4.967741012573242,1.0266377925872803,0.0,0,10
drill_4mm_21_batch_02_collet_2_14-02-2025,15,5.357851505279541,1.0266377925872803,0.0,0,10
drill_4mm_21_batch_02_collet_2_14-02-2025,16,5.464083194732666,1.0266377925872803,0.0,0,10
drill_4mm_21_batch_02_collet_2_14-02-2025,17,5.777907371520996,1.0266377925872803,0.0,0,10
drill_4mm_21_batch_02_collet_2_14-02-2025,18,5.811179161071777,1.0266377925872803,1.0,0,10
drill_4mm_21_batch_02_collet_2_14-02-2025,19,5.776327610015869,1.0266377925872803,1.0,0,10
drill_4mm_21_batch_02_collet_2_14-02-2025,20,5.615347862243652,1.0266377925872803,1.0,0,10
drill_4mm_21_batch_02_collet_2_14-02-2025,21,5.466363430023193,1.0266377925872803,1.0,0,10
drill_4mm_21_batch_02_collet_2_14-02-2025,22,6.9681243896484375,1.0266377925872803,1.0,0,10
drill_4mm_21_batch_02_collet_2_14-02-2025,23,4.747549057006836,1.0266377925872803,1.0,0,10
drill_4mm_21_batch_02_collet_2_14-02-2025,24,6.5486555099487305,1.0266377925872803,1.0,1,10
drill_4mm_21_batch_02_collet_2_14-02-2025,25,6.764797210693359,1.0266377925872803,1.0,1,10
drill_4mm_21_batch_02_collet_2_14-02-2025,26,9.064629554748535,1.0266377925872803,1.0,1,10
drill_4mm_21_batch_02_collet_2_14-02-2025,27,9.15828800201416,1.0266377925872803,1.0,1,10
drill_4mm_21_batch_02_collet_2_14-02-2025,28,10.306801795959473,1.0266377925872803,1.0,1,10
drill_4mm_22_batch_03_collet_2_14-02-2025,1,0.0,0.9719655513763428,0.0,0,6
drill_4mm_22_batch_03_collet_2_14-02-2025,2,0.0,0.9719655513763428,0.0,0,6
drill_4mm_22_batch_03_collet_2_14-02-2025,3,0.0,0.9719655513763428,0.0,0,6
drill_4mm_22_batch_03_collet_2_14-02-2025,4,0.0,0.9719655513763428,0.0,0,6
drill_4mm_22_batch_03_collet_2_14-02-2025,5,0.0,0.9719655513763428,0.0,0,6
drill_4mm_22_batch_03_collet_2_14-02-2025,6,0.0,0.9719655513763428,0.0,0,6
drill_4mm_22_batch_03_collet_2_14-02-2025,7,0.0,0.9719655513763428,0.0,0,6
drill_4mm_22_batch_03_collet_2_14-02-2025,8,0.0,0.9719655513763428,0.0,0,6
drill_4mm_22_batch_03_collet_2_14-02-2025,9,0.0,0.9719655513763428,0.0,0,6
drill_4mm_22_batch_03_collet_2_14-02-2025,10,0.9719655513763428,0.9719655513763428,0.0,0,6
drill_4mm_22_batch_03_collet_2_14-02-2025,11,1.2621597051620483,0.9719655513763428,0.0,0,6
drill_4mm_22_batch_03_collet_2_14-02-2025,12,1.4321885108947754,0.9719655513763428,0.0,0,6
drill_4mm_22_batch_03_collet_2_14-02-2025,13,2.168363332748413,0.9719655513763428,0.0,0,6
drill_4mm_22_batch_03_collet_2_14-02-2025,14,3.469418525695801,0.9719655513763428,0.0,0,6
drill_4mm_22_batch_03_collet_2_14-02-2025,15,3.5725653171539307,0.9719655513763428,0.0,0,6
drill_4mm_22_batch_03_collet_2_14-02-2025,16,4.055464744567871,0.9719655513763428,0.0,0,6
drill_4mm_22_batch_03_collet_2_14-02-2025,17,4.957402229309082,0.9719655513763428,0.0,0,6
drill_4mm_22_batch_03_collet_2_14-02-2025,18,3.618459701538086,0.9719655513763428,1.0,0,6
drill_4mm_22_batch_03_collet_2_14-02-2025,19,3.957834005355835,0.9719655513763428,1.0,0,6
drill_4mm_22_batch_03_collet_2_14-02-2025,20,4.267090797424316,0.9719655513763428,1.0,0,6
drill_4mm_22_batch_03_collet_2_14-02-2025,21,6.6373114585876465,0.9719655513763428,1.0,1,6
drill_4mm_22_batch_03_collet_2_14-02-2025,22,10.5396728515625,0.9719655513763428,1.0,1,6
drill_4mm_22_batch_03_collet_2_14-02-2025,23,15.395157814025879,0.9719655513763428,1.0,1,6
drill_4mm_22_batch_03_collet_2_14-02-2025,24,11.580310821533203,0.9719655513763428,1.0,1,6
drill_4mm_23_batch_01_collet_2_14-02-2025,1,0.0,2.8152225017547607,0.0,0,22
drill_4mm_23_batch_01_collet_2_14-02-2025,2,0.0,2.8152225017547607,0.0,0,22
drill_4mm_23_batch_01_collet_2_14-02-2025,3,0.0,2.8152225017547607,0.0,0,22
drill_4mm_23_batch_01_collet_2_14-02-2025,4,0.0,2.8152225017547607,0.0,0,22
drill_4mm_23_batch_01_collet_2_14-02-2025,5,0.0,2.8152225017547607,0.0,0,22
drill_4mm_23_batch_01_collet_2_14-02-2025,6,0.0,2.8152225017547607,0.0,0,22
drill_4mm_23_batch_01_collet_2_14-02-2025,7,0.0,2.8152225017547607,0.0,0,22
drill_4mm_23_batch_01_collet_2_14-02-2025,8,0.0,2.8152225017547607,0.0,0,22
drill_4mm_23_batch_01_collet_2_14-02-2025,9,0.0,2.8152225017547607,0.0,0,22
drill_4mm_23_batch_01_collet_2_14-02-2025,10,2.8152225017547607,2.8152225017547607,0.0,0,22
drill_4mm_23_batch_01_collet_2_14-02-2025,11,4.1536407470703125,2.8152225017547607,0.0,0,22
drill_4mm_23_batch_01_collet_2_14-02-2025,12,8.361895561218262,2.8152225017547607,0.0,0,22
drill_4mm_23_batch_01_collet_2_14-02-2025,13,12.380535125732422,2.8152225017547607,0.0,0,22
drill_4mm_23_batch_01_collet_2_14-02-2025,14,28.71151351928711,2.8152225017547607,0.0,0,22
drill_4mm_23_batch_01_collet_2_14-02-2025,15,43.69957733154297,2.8152225017547607,0.0,0,22
drill_4mm_23_batch_01_collet_2_14-02-2025,16,63.410247802734375,2.8152225017547607,0.0,0,22
drill_4mm_23_batch_01_collet_2_14-02-2025,17,67.57618713378906,2.8152225017547607,0.0,0,22
drill_4mm_23_batch_01_collet_2_14-02-2025,18,59.30521774291992,2.8152225017547607,1.0,0,22
drill_4mm_23_batch_01_collet_2_14-02-2025,19,47.006919860839844,2.8152225017547607,1.0,0,22
drill_4mm_23_batch_01_collet_2_14-02-2025,20,34.63604736328125,2.8152225017547607,1.0,0,22
drill_4mm_23_batch_01_collet_2_14-02-2025,21,34.26881790161133,2.8152225017547607,1.0,0,22
drill_4mm_23_batch_01_collet_2_14-02-2025,22,41.945125579833984,2.8152225017547607,1.0,0,22
drill_4mm_23_batch_01_collet_2_14-02-2025,23,41.68706130981445,2.8152225017547607,1.0,0,22
drill_4mm_23_batch_01_collet_2_14-02-2025,24,33.235652923583984,2.8152225017547607,1.0,0,22
drill_4mm_23_batch_01_collet_2_14-02-2025,25,29.78461265563965,2.8152225017547607,1.0,0,22
drill_4mm_23_batch_01_collet_2_14-02-2025,26,17.81987953186035,2.8152225017547607,1.0,0,22
drill_4mm_23_batch_01_collet_2_14-02-2025,27,33.339149475097656,2.8152225017547607,1.0,0,22
drill_4mm_23_batch_01_collet_2_14-02-2025,28,16.410207748413086,2.8152225017547607,1.0,0,22
drill_4mm_23_batch_01_collet_2_14-02-2025,29,35.44759750366211,2.8152225017547607,1.0,0,22
drill_4mm_23_batch_01_collet_2_14-02-2025,30,27.548465728759766,2.8152225017547607,1.0,0,22
drill_4mm_23_batch_01_collet_2_14-02-2025,31,18.420331954956055,2.8152225017547607,1.0,0,22
drill_4mm_23_batch_01_collet_2_14-02-2025,32,16.44504737854004,2.8152225017547607,1.0,0,22
drill_4mm_23_batch_01_collet_2_14-02-2025,33,20.88133430480957,2.8152225017547607,1.0,1,22
drill_4mm_23_batch_01_collet_2_14-02-2025,34,20.339006423950195,2.8152225017547607,1.0,1,22
drill_4mm_23_batch_01_collet_2_14-02-2025,35,24.98163604736328,2.8152225017547607,1.0,1,22
drill_4mm_23_batch_01_collet_2_14-02-2025,36,19.419143676757812,2.8152225017547607,1.0,1,22
drill_4mm_23_batch_01_collet_2_14-02-2025,37,20.23334503173828,2.8152225017547607,1.0,1,22
drill_4mm_23_batch_01_collet_2_14-02-2025,38,20.343976974487305,2.8152225017547607,1.0,1,22
drill_4mm_23_batch_01_collet_2_14-02-2025,39,23.240467071533203,2.8152225017547607,1.0,1,22
drill_4mm_23_batch_01_collet_2_14-02-2025,40,20.868946075439453,2.8152225017547607,1.0,1,22
