drill,hole,prob_xgb,label_real,threshold_xgb,prediction,drill_lead_time
drill_4mm_04_batch_00_collet_1_30-01-2025,1,0.007937292,0,0.1,0,0
drill_4mm_04_batch_00_collet_1_30-01-2025,2,0.010885018,0,0.1,0,0
drill_4mm_04_batch_00_collet_1_30-01-2025,3,0.015220022,0,0.1,0,0
drill_4mm_04_batch_00_collet_1_30-01-2025,4,0.008939196,0,0.1,0,0
drill_4mm_04_batch_00_collet_1_30-01-2025,5,0.0072327876,0,0.1,0,0
drill_4mm_04_batch_00_collet_1_30-01-2025,6,0.00578117,0,0.1,0,0
drill_4mm_04_batch_00_collet_1_30-01-2025,7,0.0070145484,0,0.1,0,0
drill_4mm_04_batch_00_collet_1_30-01-2025,8,0.006178416,0,0.1,0,0
drill_4mm_04_batch_00_collet_1_30-01-2025,9,0.006466139,0,0.1,0,0
drill_4mm_04_batch_00_collet_1_30-01-2025,10,0.0043552015,0,0.1,0,0
drill_4mm_04_batch_00_collet_1_30-01-2025,11,0.006235182,0,0.1,0,0
drill_4mm_04_batch_00_collet_1_30-01-2025,12,0.0025386673,0,0.1,0,0
drill_4mm_04_batch_00_collet_1_30-01-2025,13,0.005390038,0,0.1,0,0
drill_4mm_04_batch_00_collet_1_30-01-2025,14,0.0038607386,0,0.1,0,0
drill_4mm_04_batch_00_collet_1_30-01-2025,15,0.0024002164,0,0.1,0,0
drill_4mm_04_batch_00_collet_1_30-01-2025,16,0.0031673622,0,0.1,0,0
drill_4mm_04_batch_00_collet_1_30-01-2025,17,0.003016862,0,0.1,0,0
drill_4mm_04_batch_00_collet_1_30-01-2025,18,0.0038462856,0,0.1,0,0
drill_4mm_04_batch_00_collet_1_30-01-2025,19,0.0026147035,0,0.1,0,0
drill_4mm_04_batch_00_collet_1_30-01-2025,20,0.006516233,0,0.1,0,0
drill_4mm_04_batch_00_collet_1_30-01-2025,21,0.0057728225,0,0.1,0,0
drill_4mm_04_batch_00_collet_1_30-01-2025,22,0.0032810548,0,0.1,0,0
drill_4mm_04_batch_00_collet_1_30-01-2025,23,0.0066602756,0,0.1,0,0
drill_4mm_04_batch_00_collet_1_30-01-2025,24,0.0059166923,0,0.1,0,0
drill_4mm_04_batch_00_collet_1_30-01-2025,25,0.0026083891,0,0.1,0,0
drill_4mm_04_batch_00_collet_1_30-01-2025,26,0.0031286012,0,0.1,0,0
drill_4mm_04_batch_00_collet_1_30-01-2025,27,0.003403473,0,0.1,0,0
drill_4mm_04_batch_00_collet_1_30-01-2025,28,0.0039356803,0,0.1,0,0
drill_4mm_04_batch_00_collet_1_30-01-2025,29,0.003240972,0,0.1,0,0
drill_4mm_04_batch_00_collet_1_30-01-2025,30,0.54770035,0,0.1,0,0
drill_4mm_04_batch_00_collet_1_30-01-2025,31,0.015588528,0,0.1,0,0
drill_4mm_04_batch_00_collet_1_30-01-2025,32,0.0072928467,0,0.1,0,0
drill_4mm_04_batch_00_collet_1_30-01-2025,33,0.0019436994,0,0.1,0,0
drill_4mm_04_batch_00_collet_1_30-01-2025,34,0.0048846873,0,0.1,0,0
drill_4mm_04_batch_00_collet_1_30-01-2025,35,0.0046334993,0,0.1,0,0
drill_4mm_04_batch_00_collet_1_30-01-2025,36,0.0051996484,0,0.1,0,0
drill_4mm_04_batch_00_collet_1_30-01-2025,37,0.0034675319,0,0.1,0,0
drill_4mm_04_batch_00_collet_1_30-01-2025,38,0.004830891,0,0.1,0,0
drill_4mm_04_batch_00_collet_1_30-01-2025,39,0.5893851,0,0.1,0,0
drill_4mm_04_batch_00_collet_1_30-01-2025,40,0.0047360254,0,0.1,0,0
drill_4mm_04_batch_00_collet_1_30-01-2025,41,0.005653962,0,0.1,0,0
drill_4mm_04_batch_00_collet_1_30-01-2025,42,0.002278266,1,0.1,0,0
drill_4mm_04_batch_00_collet_1_30-01-2025,43,0.0018831403,1,0.1,0,0
drill_4mm_04_batch_00_collet_1_30-01-2025,44,0.0025289934,1,0.1,0,0
drill_4mm_04_batch_00_collet_1_30-01-2025,45,0.0017388859,1,0.1,0,0
drill_4mm_04_batch_00_collet_1_30-01-2025,46,0.0019273582,1,0.1,0,0
drill_4mm_04_batch_00_collet_1_30-01-2025,47,0.0015369122,1,0.1,0,0
drill_4mm_04_batch_00_collet_1_30-01-2025,48,0.004473276,1,0.1,0,0
drill_4mm_04_batch_00_collet_1_30-01-2025,49,0.80809075,1,0.1,0,0
drill_4mm_04_batch_00_collet_1_30-01-2025,50,0.082604535,1,0.1,0,0
drill_4mm_04_batch_00_collet_1_30-01-2025,51,0.001263028,1,0.1,0,0
drill_4mm_05_batch_00_collet_1_30-01-2025,1,0.034981247,0,0.1,0,73
drill_4mm_05_batch_00_collet_1_30-01-2025,2,0.004405079,0,0.1,0,73
drill_4mm_05_batch_00_collet_1_30-01-2025,3,0.0017910199,0,0.1,0,73
drill_4mm_05_batch_00_collet_1_30-01-2025,4,0.002296442,0,0.1,0,73
drill_4mm_05_batch_00_collet_1_30-01-2025,5,0.0037359062,0,0.1,0,73
drill_4mm_05_batch_00_collet_1_30-01-2025,6,0.005189585,0,0.1,0,73
drill_4mm_05_batch_00_collet_1_30-01-2025,7,0.0074053407,0,0.1,0,73
drill_4mm_05_batch_00_collet_1_30-01-2025,8,0.044768993,0,0.1,0,73
drill_4mm_05_batch_00_collet_1_30-01-2025,9,0.018819746,0,0.1,0,73
drill_4mm_05_batch_00_collet_1_30-01-2025,10,0.050329365,0,0.1,0,73
drill_4mm_05_batch_00_collet_1_30-01-2025,11,0.022996642,0,0.1,0,73
drill_4mm_05_batch_00_collet_1_30-01-2025,12,0.010227902,0,0.1,0,73
drill_4mm_05_batch_00_collet_1_30-01-2025,13,0.024923718,0,0.1,0,73
drill_4mm_05_batch_00_collet_1_30-01-2025,14,0.013304651,0,0.1,0,73
drill_4mm_05_batch_00_collet_1_30-01-2025,15,0.042333048,0,0.1,0,73
drill_4mm_05_batch_00_collet_1_30-01-2025,16,0.013515786,0,0.1,0,73
drill_4mm_05_batch_00_collet_1_30-01-2025,17,0.0825932,0,0.1,0,73
drill_4mm_05_batch_00_collet_1_30-01-2025,18,0.017241355,0,0.1,0,73
drill_4mm_05_batch_00_collet_1_30-01-2025,19,0.020772444,0,0.1,0,73
drill_4mm_05_batch_00_collet_1_30-01-2025,20,0.017609412,0,0.1,0,73
drill_4mm_05_batch_00_collet_1_30-01-2025,21,0.040685806,0,0.1,0,73
drill_4mm_05_batch_00_collet_1_30-01-2025,22,0.10629109,0,0.1,0,73
drill_4mm_05_batch_00_collet_1_30-01-2025,23,0.015929077,0,0.1,0,73
drill_4mm_05_batch_00_collet_1_30-01-2025,24,0.32840008,0,0.1,0,73
drill_4mm_05_batch_00_collet_1_30-01-2025,25,0.08431854,0,0.1,0,73
drill_4mm_05_batch_00_collet_1_30-01-2025,26,0.027030468,0,0.1,0,73
drill_4mm_05_batch_00_collet_1_30-01-2025,27,0.101006046,0,0.1,0,73
drill_4mm_05_batch_00_collet_1_30-01-2025,28,0.04053335,0,0.1,0,73
drill_4mm_05_batch_00_collet_1_30-01-2025,29,0.16683756,0,0.1,0,73
drill_4mm_05_batch_00_collet_1_30-01-2025,30,0.07551151,0,0.1,0,73
drill_4mm_05_batch_00_collet_1_30-01-2025,31,0.012991196,0,0.1,0,73
drill_4mm_05_batch_00_collet_1_30-01-2025,32,0.10786485,0,0.1,0,73
drill_4mm_05_batch_00_collet_1_30-01-2025,33,0.16243026,0,0.1,1,73
drill_4mm_05_batch_00_collet_1_30-01-2025,34,0.05600198,0,0.1,0,73
drill_4mm_05_batch_00_collet_1_30-01-2025,35,0.09882525,0,0.1,0,73
drill_4mm_05_batch_00_collet_1_30-01-2025,36,0.08351434,0,0.1,0,73
drill_4mm_05_batch_00_collet_1_30-01-2025,37,0.0055003515,0,0.1,0,73
drill_4mm_05_batch_00_collet_1_30-01-2025,38,0.05228534,0,0.1,0,73
drill_4mm_05_batch_00_collet_1_30-01-2025,39,0.057970937,0,0.1,0,73
drill_4mm_05_batch_00_collet_1_30-01-2025,40,0.14213258,0,0.1,0,73
drill_4mm_05_batch_00_collet_1_30-01-2025,41,0.056296144,0,0.1,0,73
drill_4mm_05_batch_00_collet_1_30-01-2025,42,0.3907547,0,0.1,0,73
drill_4mm_05_batch_00_collet_1_30-01-2025,43,0.37643558,0,0.1,1,73
drill_4mm_05_batch_00_collet_1_30-01-2025,44,0.12588179,0,0.1,1,73
drill_4mm_05_batch_00_collet_1_30-01-2025,45,0.3750523,0,0.1,1,73
drill_4mm_05_batch_00_collet_1_30-01-2025,46,0.08291589,0,0.1,0,73
drill_4mm_05_batch_00_collet_1_30-01-2025,47,0.11522094,0,0.1,0,73
drill_4mm_05_batch_00_collet_1_30-01-2025,48,0.15283056,0,0.1,1,73
drill_4mm_05_batch_00_collet_1_30-01-2025,49,0.17787118,0,0.1,1,73
drill_4mm_05_batch_00_collet_1_30-01-2025,50,0.26598805,0,0.1,1,73
drill_4mm_05_batch_00_collet_1_30-01-2025,51,0.099510625,0,0.1,0,73
drill_4mm_05_batch_00_collet_1_30-01-2025,52,0.22733724,0,0.1,0,73
drill_4mm_05_batch_00_collet_1_30-01-2025,53,0.26629427,0,0.1,1,73
drill_4mm_05_batch_00_collet_1_30-01-2025,54,0.3224504,0,0.1,1,73
drill_4mm_05_batch_00_collet_1_30-01-2025,55,0.35312217,0,0.1,1,73
drill_4mm_05_batch_00_collet_1_30-01-2025,56,0.91654193,0,0.1,1,73
drill_4mm_05_batch_00_collet_1_30-01-2025,57,0.11911581,0,0.1,1,73
drill_4mm_05_batch_00_collet_1_30-01-2025,58,0.3707156,0,0.1,1,73
drill_4mm_05_batch_00_collet_1_30-01-2025,59,0.10154118,0,0.1,1,73
drill_4mm_05_batch_00_collet_1_30-01-2025,60,0.66136205,0,0.1,1,73
drill_4mm_05_batch_00_collet_1_30-01-2025,61,0.35648122,0,0.1,1,73
drill_4mm_05_batch_00_collet_1_30-01-2025,62,0.6912087,0,0.1,1,73
drill_4mm_05_batch_00_collet_1_30-01-2025,63,0.37905848,0,0.1,1,73
drill_4mm_05_batch_00_collet_1_30-01-2025,64,0.6308052,0,0.1,1,73
drill_4mm_05_batch_00_collet_1_30-01-2025,65,0.42824182,0,0.1,1,73
drill_4mm_05_batch_00_collet_1_30-01-2025,66,0.7756928,0,0.1,1,73
drill_4mm_05_batch_00_collet_1_30-01-2025,67,0.63760763,0,0.1,1,73
drill_4mm_05_batch_00_collet_1_30-01-2025,68,0.83844274,0,0.1,1,73
drill_4mm_05_batch_00_collet_1_30-01-2025,69,0.7188808,0,0.1,1,73
drill_4mm_05_batch_00_collet_1_30-01-2025,70,0.6131696,0,0.1,1,73
drill_4mm_05_batch_00_collet_1_30-01-2025,71,0.59217966,0,0.1,1,73
drill_4mm_05_batch_00_collet_1_30-01-2025,72,0.78646874,0,0.1,1,73
drill_4mm_05_batch_00_collet_1_30-01-2025,73,0.78646874,0,0.1,1,73
drill_4mm_05_batch_00_collet_1_30-01-2025,74,0.8849741,0,0.1,1,73
drill_4mm_05_batch_00_collet_1_30-01-2025,75,0.8165586,0,0.1,1,73
drill_4mm_05_batch_00_collet_1_30-01-2025,76,0.84307694,0,0.1,1,73
drill_4mm_05_batch_00_collet_1_30-01-2025,77,0.88261354,0,0.1,1,73
drill_4mm_05_batch_00_collet_1_30-01-2025,78,0.772674,0,0.1,1,73
drill_4mm_05_batch_00_collet_1_30-01-2025,79,0.42815387,0,0.1,1,73
drill_4mm_05_batch_00_collet_1_30-01-2025,80,0.30187777,0,0.1,1,73
drill_4mm_05_batch_00_collet_1_30-01-2025,81,0.66717863,0,0.1,1,73
drill_4mm_05_batch_00_collet_1_30-01-2025,82,0.7179797,0,0.1,1,73
drill_4mm_05_batch_00_collet_1_30-01-2025,83,0.35783377,0,0.1,1,73
drill_4mm_05_batch_00_collet_1_30-01-2025,84,0.49518907,0,0.1,1,73
drill_4mm_05_batch_00_collet_1_30-01-2025,85,0.22202963,0,0.1,1,73
drill_4mm_05_batch_00_collet_1_30-01-2025,86,0.54679674,1,0.1,1,73
drill_4mm_05_batch_00_collet_1_30-01-2025,87,0.2069365,1,0.1,1,73
drill_4mm_05_batch_00_collet_1_30-01-2025,88,0.3348521,1,0.1,1,73
drill_4mm_05_batch_00_collet_1_30-01-2025,89,0.25231856,1,0.1,1,73
drill_4mm_05_batch_00_collet_1_30-01-2025,90,0.739015,1,0.1,1,73
drill_4mm_05_batch_00_collet_1_30-01-2025,91,0.45460457,1,0.1,1,73
drill_4mm_05_batch_00_collet_1_30-01-2025,92,0.786225,1,0.1,1,73
drill_4mm_05_batch_00_collet_1_30-01-2025,93,0.7043782,1,0.1,1,73
drill_4mm_05_batch_00_collet_1_30-01-2025,94,0.58963376,1,0.1,1,73
drill_4mm_05_batch_00_collet_1_30-01-2025,95,0.27296615,1,0.1,1,73
drill_4mm_05_batch_00_collet_1_30-01-2025,96,0.46518302,1,0.1,1,73
drill_4mm_05_batch_00_collet_1_30-01-2025,97,0.19568941,1,0.1,1,73
drill_4mm_05_batch_00_collet_1_30-01-2025,98,0.2083493,1,0.1,1,73
drill_4mm_05_batch_00_collet_1_30-01-2025,99,0.060436435,1,0.1,0,73
drill_4mm_05_batch_00_collet_1_30-01-2025,100,0.10937559,1,0.1,0,73
drill_4mm_05_batch_00_collet_1_30-01-2025,101,0.17045063,1,0.1,1,73
drill_4mm_05_batch_00_collet_1_30-01-2025,102,0.56972384,1,0.1,1,73
drill_4mm_05_batch_00_collet_1_30-01-2025,103,0.21603028,1,0.1,1,73
drill_4mm_05_batch_00_collet_1_30-01-2025,104,0.45580313,1,0.1,1,73
drill_4mm_05_batch_00_collet_1_30-01-2025,105,0.38271663,1,0.1,1,73
drill_4mm_05_batch_00_collet_1_30-01-2025,106,0.2063521,1,0.1,1,73
drill_4mm_06_batch_00_collet_1_30-01-2025,1,0.0035932579,0,0.1,0,10
drill_4mm_06_batch_00_collet_1_30-01-2025,2,0.004850381,0,0.1,0,10
drill_4mm_06_batch_00_collet_1_30-01-2025,3,0.010539534,0,0.1,0,10
drill_4mm_06_batch_00_collet_1_30-01-2025,4,0.014079994,0,0.1,0,10
drill_4mm_06_batch_00_collet_1_30-01-2025,5,0.012344295,0,0.1,0,10
drill_4mm_06_batch_00_collet_1_30-01-2025,6,0.008879258,0,0.1,0,10
drill_4mm_06_batch_00_collet_1_30-01-2025,7,0.015012464,0,0.1,0,10
drill_4mm_06_batch_00_collet_1_30-01-2025,8,0.016265104,0,0.1,0,10
drill_4mm_06_batch_00_collet_1_30-01-2025,9,0.021882946,0,0.1,0,10
drill_4mm_06_batch_00_collet_1_30-01-2025,10,0.061648868,0,0.1,0,10
drill_4mm_06_batch_00_collet_1_30-01-2025,11,0.08069402,0,0.1,0,10
drill_4mm_06_batch_00_collet_1_30-01-2025,12,0.0866044,0,0.1,0,10
drill_4mm_06_batch_00_collet_1_30-01-2025,13,0.0732971,0,0.1,0,10
drill_4mm_06_batch_00_collet_1_30-01-2025,14,0.5147388,0,0.1,0,10
drill_4mm_06_batch_00_collet_1_30-01-2025,15,0.4018173,0,0.1,1,10
drill_4mm_06_batch_00_collet_1_30-01-2025,16,0.39063713,0,0.1,1,10
drill_4mm_06_batch_00_collet_1_30-01-2025,17,0.13028145,0,0.1,1,10
drill_4mm_06_batch_00_collet_1_30-01-2025,18,0.56952995,0,0.1,1,10
drill_4mm_06_batch_00_collet_1_30-01-2025,19,0.096053906,0,0.1,0,10
drill_4mm_06_batch_00_collet_1_30-01-2025,20,0.4472947,0,0.1,0,10
drill_4mm_06_batch_00_collet_1_30-01-2025,21,0.67517924,1,0.1,1,10
drill_4mm_06_batch_00_collet_1_30-01-2025,22,0.81292176,1,0.1,1,10
drill_4mm_06_batch_00_collet_1_30-01-2025,23,0.554124,1,0.1,1,10
drill_4mm_06_batch_00_collet_1_30-01-2025,24,0.34138018,1,0.1,1,10
drill_4mm_06_batch_00_collet_1_30-01-2025,25,0.5746678,1,0.1,1,10
drill_4mm_07_batch_00_collet_1_31-01-2025,1,0.007685385,0,0.6461901068687439,0,0
drill_4mm_07_batch_00_collet_1_31-01-2025,2,0.008339338,0,0.6461901068687439,0,0
drill_4mm_07_batch_00_collet_1_31-01-2025,3,0.012220576,0,0.6461901068687439,0,0
drill_4mm_07_batch_00_collet_1_31-01-2025,4,0.6854075,0,0.6461901068687439,0,0
drill_4mm_07_batch_00_collet_1_31-01-2025,5,0.29323307,0,0.6461901068687439,0,0
drill_4mm_07_batch_00_collet_1_31-01-2025,6,0.14084749,0,0.6461901068687439,0,0
drill_4mm_07_batch_00_collet_1_31-01-2025,7,0.043762762,0,0.6461901068687439,0,0
drill_4mm_07_batch_00_collet_1_31-01-2025,8,0.11233127,0,0.6461901068687439,0,0
drill_4mm_07_batch_00_collet_1_31-01-2025,9,0.14014277,0,0.6461901068687439,0,0
drill_4mm_07_batch_00_collet_1_31-01-2025,10,0.039578076,0,0.6461901068687439,0,0
drill_4mm_07_batch_00_collet_1_31-01-2025,11,0.050030656,0,0.6461901068687439,0,0
drill_4mm_07_batch_00_collet_1_31-01-2025,12,0.37820002,0,0.6461901068687439,0,0
drill_4mm_07_batch_00_collet_1_31-01-2025,13,0.0975201,0,0.6461901068687439,0,0
drill_4mm_07_batch_00_collet_1_31-01-2025,14,0.22115082,0,0.6461901068687439,0,0
drill_4mm_07_batch_00_collet_1_31-01-2025,15,0.22882275,0,0.6461901068687439,0,0
drill_4mm_07_batch_00_collet_1_31-01-2025,16,0.10394879,0,0.6461901068687439,0,0
drill_4mm_07_batch_00_collet_1_31-01-2025,17,0.42761326,0,0.6461901068687439,0,0
drill_4mm_07_batch_00_collet_1_31-01-2025,18,0.28949836,0,0.6461901068687439,0,0
drill_4mm_07_batch_00_collet_1_31-01-2025,19,0.1389277,0,0.6461901068687439,0,0
drill_4mm_07_batch_00_collet_1_31-01-2025,20,0.42431742,0,0.6461901068687439,0,0
drill_4mm_07_batch_00_collet_1_31-01-2025,21,0.53354883,0,0.6461901068687439,0,0
drill_4mm_07_batch_00_collet_1_31-01-2025,22,0.47242352,0,0.6461901068687439,0,0
drill_4mm_07_batch_00_collet_1_31-01-2025,23,0.09029621,0,0.6461901068687439,0,0
drill_4mm_07_batch_00_collet_1_31-01-2025,24,0.15523495,0,0.6461901068687439,0,0
drill_4mm_07_batch_00_collet_1_31-01-2025,25,0.3238426,0,0.6461901068687439,0,0
drill_4mm_07_batch_00_collet_1_31-01-2025,26,0.38428852,0,0.6461901068687439,0,0
drill_4mm_07_batch_00_collet_1_31-01-2025,27,0.37681222,1,0.6461901068687439,0,0
drill_4mm_07_batch_00_collet_1_31-01-2025,28,0.5104773,1,0.6461901068687439,0,0
drill_4mm_07_batch_00_collet_1_31-01-2025,29,0.14728361,1,0.6461901068687439,0,0
drill_4mm_07_batch_00_collet_1_31-01-2025,30,0.13072003,1,0.6461901068687439,0,0
drill_4mm_07_batch_00_collet_1_31-01-2025,31,0.942917,1,0.6461901068687439,0,0
drill_4mm_07_batch_00_collet_1_31-01-2025,32,0.5173339,1,0.6461901068687439,0,0
drill_4mm_08_batch_00_collet_1_31-01-2025,1,0.008061549,0,0.1,0,13
drill_4mm_08_batch_00_collet_1_31-01-2025,2,0.0066911113,0,0.1,0,13
drill_4mm_08_batch_00_collet_1_31-01-2025,3,0.013331901,0,0.1,0,13
drill_4mm_08_batch_00_collet_1_31-01-2025,4,0.010265075,0,0.1,0,13
drill_4mm_08_batch_00_collet_1_31-01-2025,5,0.03788425,0,0.1,0,13
drill_4mm_08_batch_00_collet_1_31-01-2025,6,0.042183917,0,0.1,0,13
drill_4mm_08_batch_00_collet_1_31-01-2025,7,0.96369994,0,0.1,0,13
drill_4mm_08_batch_00_collet_1_31-01-2025,8,0.29592252,0,0.1,1,13
drill_4mm_08_batch_00_collet_1_31-01-2025,9,0.06909648,0,0.1,0,13
drill_4mm_08_batch_00_collet_1_31-01-2025,10,0.061314367,0,0.1,0,13
drill_4mm_08_batch_00_collet_1_31-01-2025,11,0.130555,0,0.1,0,13
drill_4mm_08_batch_00_collet_1_31-01-2025,12,0.14851035,0,0.1,1,13
drill_4mm_08_batch_00_collet_1_31-01-2025,13,0.08857435,0,0.1,0,13
drill_4mm_08_batch_00_collet_1_31-01-2025,14,0.12731427,0,0.1,0,13
drill_4mm_08_batch_00_collet_1_31-01-2025,15,0.17188893,0,0.1,1,13
drill_4mm_08_batch_00_collet_1_31-01-2025,16,0.35013986,0,0.1,1,13
drill_4mm_08_batch_00_collet_1_31-01-2025,17,0.31221735,0,0.1,1,13
drill_4mm_08_batch_00_collet_1_31-01-2025,18,0.042663302,1,0.1,0,13
drill_4mm_08_batch_00_collet_1_31-01-2025,19,0.8725373,1,0.1,0,13
drill_4mm_08_batch_00_collet_1_31-01-2025,20,0.043165646,1,0.1,0,13
drill_4mm_08_batch_00_collet_1_31-01-2025,21,0.03268236,1,0.1,0,13
drill_4mm_09_batch_00_collet_1_31-01-2025,1,0.016337585,0,0.11851703375577927,0,45
drill_4mm_09_batch_00_collet_1_31-01-2025,2,0.007108318,0,0.11851703375577927,0,45
drill_4mm_09_batch_00_collet_1_31-01-2025,3,0.0037382017,0,0.11851703375577927,0,45
drill_4mm_09_batch_00_collet_1_31-01-2025,4,0.010255647,0,0.11851703375577927,0,45
drill_4mm_09_batch_00_collet_1_31-01-2025,5,0.1298703,0,0.11851703375577927,0,45
drill_4mm_09_batch_00_collet_1_31-01-2025,6,0.19325016,0,0.11851703375577927,1,45
drill_4mm_09_batch_00_collet_1_31-01-2025,7,0.15529728,0,0.11851703375577927,1,45
drill_4mm_09_batch_00_collet_1_31-01-2025,8,0.19343029,0,0.11851703375577927,1,45
drill_4mm_09_batch_00_collet_1_31-01-2025,9,0.24226882,0,0.11851703375577927,1,45
drill_4mm_09_batch_00_collet_1_31-01-2025,10,0.3349675,0,0.11851703375577927,1,45
drill_4mm_09_batch_00_collet_1_31-01-2025,11,0.33010936,0,0.11851703375577927,1,45
drill_4mm_09_batch_00_collet_1_31-01-2025,12,0.082400784,0,0.11851703375577927,0,45
drill_4mm_09_batch_00_collet_1_31-01-2025,13,0.40902224,0,0.11851703375577927,0,45
drill_4mm_09_batch_00_collet_1_31-01-2025,14,0.29196793,0,0.11851703375577927,1,45
drill_4mm_09_batch_00_collet_1_31-01-2025,15,0.37969947,0,0.11851703375577927,1,45
drill_4mm_09_batch_00_collet_1_31-01-2025,16,0.5511419,0,0.11851703375577927,1,45
drill_4mm_09_batch_00_collet_1_31-01-2025,17,0.87458616,0,0.11851703375577927,1,45
drill_4mm_09_batch_00_collet_1_31-01-2025,18,0.62168896,0,0.11851703375577927,1,45
drill_4mm_09_batch_00_collet_1_31-01-2025,19,0.872381,0,0.11851703375577927,1,45
drill_4mm_09_batch_00_collet_1_31-01-2025,20,0.85466826,0,0.11851703375577927,1,45
drill_4mm_09_batch_00_collet_1_31-01-2025,21,0.9617932,0,0.11851703375577927,1,45
drill_4mm_09_batch_00_collet_1_31-01-2025,22,0.8722429,0,0.11851703375577927,1,45
drill_4mm_09_batch_00_collet_1_31-01-2025,23,0.8867621,0,0.11851703375577927,1,45
drill_4mm_09_batch_00_collet_1_31-01-2025,24,0.6226314,0,0.11851703375577927,1,45
drill_4mm_09_batch_00_collet_1_31-01-2025,25,0.4532035,0,0.11851703375577927,1,45
drill_4mm_09_batch_00_collet_1_31-01-2025,26,0.9544871,0,0.11851703375577927,1,45
drill_4mm_09_batch_00_collet_1_31-01-2025,27,0.97063565,0,0.11851703375577927,1,45
drill_4mm_09_batch_00_collet_1_31-01-2025,28,0.9275734,0,0.11851703375577927,1,45
drill_4mm_09_batch_00_collet_1_31-01-2025,29,0.95531255,0,0.11851703375577927,1,45
drill_4mm_09_batch_00_collet_1_31-01-2025,30,0.9535746,0,0.11851703375577927,1,45
drill_4mm_09_batch_00_collet_1_31-01-2025,31,0.7701056,0,0.11851703375577927,1,45
drill_4mm_09_batch_00_collet_1_31-01-2025,32,0.85181665,0,0.11851703375577927,1,45
drill_4mm_09_batch_00_collet_1_31-01-2025,33,0.49487007,0,0.11851703375577927,1,45
drill_4mm_09_batch_00_collet_1_31-01-2025,34,0.65151083,0,0.11851703375577927,1,45
drill_4mm_09_batch_00_collet_1_31-01-2025,35,0.22267938,0,0.11851703375577927,1,45
drill_4mm_09_batch_00_collet_1_31-01-2025,36,0.70037156,0,0.11851703375577927,1,45
drill_4mm_09_batch_00_collet_1_31-01-2025,37,0.8197808,0,0.11851703375577927,1,45
drill_4mm_09_batch_00_collet_1_31-01-2025,38,0.8656889,0,0.11851703375577927,1,45
drill_4mm_09_batch_00_collet_1_31-01-2025,39,0.9214164,0,0.11851703375577927,1,45
drill_4mm_09_batch_00_collet_1_31-01-2025,40,0.9394143,0,0.11851703375577927,1,45
drill_4mm_09_batch_00_collet_1_31-01-2025,41,0.9028664,0,0.11851703375577927,1,45
drill_4mm_09_batch_00_collet_1_31-01-2025,42,0.39621493,1,0.11851703375577927,1,45
drill_4mm_09_batch_00_collet_1_31-01-2025,43,0.39371905,1,0.11851703375577927,1,45
drill_4mm_09_batch_00_collet_1_31-01-2025,44,0.9345587,1,0.11851703375577927,1,45
drill_4mm_09_batch_00_collet_1_31-01-2025,45,0.7327384,1,0.11851703375577927,1,45
drill_4mm_09_batch_00_collet_1_31-01-2025,46,0.6672482,1,0.11851703375577927,1,45
drill_4mm_09_batch_00_collet_1_31-01-2025,47,0.90762246,1,0.11851703375577927,1,45
drill_4mm_09_batch_00_collet_1_31-01-2025,48,0.7583785,1,0.11851703375577927,1,45
drill_4mm_09_batch_00_collet_1_31-01-2025,49,0.7130131,1,0.11851703375577927,1,45
drill_4mm_09_batch_00_collet_1_31-01-2025,50,0.9886947,1,0.11851703375577927,1,45
drill_4mm_09_batch_00_collet_1_31-01-2025,51,0.96552706,1,0.11851703375577927,1,45
drill_4mm_10_batch_00_collet_1_04-02-2025,1,0.014677262,0,0.6744776368141174,0,44
drill_4mm_10_batch_00_collet_1_04-02-2025,2,0.7430339,0,0.6744776368141174,0,44
drill_4mm_10_batch_00_collet_1_04-02-2025,3,0.05747088,0,0.6744776368141174,0,44
drill_4mm_10_batch_00_collet_1_04-02-2025,4,0.009766208,0,0.6744776368141174,0,44
drill_4mm_10_batch_00_collet_1_04-02-2025,5,0.021121087,0,0.6744776368141174,0,44
drill_4mm_10_batch_00_collet_1_04-02-2025,6,0.05696249,0,0.6744776368141174,0,44
drill_4mm_10_batch_00_collet_1_04-02-2025,7,0.076905996,0,0.6744776368141174,0,44
drill_4mm_10_batch_00_collet_1_04-02-2025,8,0.37931,0,0.6744776368141174,0,44
drill_4mm_10_batch_00_collet_1_04-02-2025,9,0.9266048,0,0.6744776368141174,0,44
drill_4mm_10_batch_00_collet_1_04-02-2025,10,0.46531847,0,0.6744776368141174,0,44
drill_4mm_10_batch_00_collet_1_04-02-2025,11,0.08273861,0,0.6744776368141174,0,44
drill_4mm_10_batch_00_collet_1_04-02-2025,12,0.28066194,0,0.6744776368141174,0,44
drill_4mm_10_batch_00_collet_1_04-02-2025,13,0.16535558,0,0.6744776368141174,0,44
drill_4mm_10_batch_00_collet_1_04-02-2025,14,0.84425765,0,0.6744776368141174,0,44
drill_4mm_10_batch_00_collet_1_04-02-2025,15,0.9617556,0,0.6744776368141174,1,44
drill_4mm_10_batch_00_collet_1_04-02-2025,16,0.1748107,0,0.6744776368141174,0,44
drill_4mm_10_batch_00_collet_1_04-02-2025,17,0.6273107,0,0.6744776368141174,0,44
drill_4mm_10_batch_00_collet_1_04-02-2025,18,0.5099862,0,0.6744776368141174,0,44
drill_4mm_10_batch_00_collet_1_04-02-2025,19,0.7025836,0,0.6744776368141174,0,44
drill_4mm_10_batch_00_collet_1_04-02-2025,20,0.34073654,0,0.6744776368141174,0,44
drill_4mm_10_batch_00_collet_1_04-02-2025,21,0.24750307,0,0.6744776368141174,0,44
drill_4mm_10_batch_00_collet_1_04-02-2025,22,0.42734075,0,0.6744776368141174,0,44
drill_4mm_10_batch_00_collet_1_04-02-2025,23,0.5948854,0,0.6744776368141174,0,44
drill_4mm_10_batch_00_collet_1_04-02-2025,24,0.45631757,0,0.6744776368141174,0,44
drill_4mm_10_batch_00_collet_1_04-02-2025,25,0.13502589,0,0.6744776368141174,0,44
drill_4mm_10_batch_00_collet_1_04-02-2025,26,0.32152393,0,0.6744776368141174,0,44
drill_4mm_10_batch_00_collet_1_04-02-2025,27,0.247991,0,0.6744776368141174,0,44
drill_4mm_10_batch_00_collet_1_04-02-2025,28,0.06211026,0,0.6744776368141174,0,44
drill_4mm_10_batch_00_collet_1_04-02-2025,29,0.08067642,0,0.6744776368141174,0,44
drill_4mm_10_batch_00_collet_1_04-02-2025,30,0.35045934,0,0.6744776368141174,0,44
drill_4mm_10_batch_00_collet_1_04-02-2025,31,0.46489003,0,0.6744776368141174,0,44
drill_4mm_10_batch_00_collet_1_04-02-2025,32,0.41039333,0,0.6744776368141174,0,44
drill_4mm_10_batch_00_collet_1_04-02-2025,33,0.40490156,0,0.6744776368141174,0,44
drill_4mm_10_batch_00_collet_1_04-02-2025,34,0.30836916,0,0.6744776368141174,0,44
drill_4mm_10_batch_00_collet_1_04-02-2025,35,0.16061074,0,0.6744776368141174,0,44
drill_4mm_10_batch_00_collet_1_04-02-2025,36,0.0149602415,0,0.6744776368141174,0,44
drill_4mm_10_batch_00_collet_1_04-02-2025,37,0.14386341,0,0.6744776368141174,0,44
drill_4mm_10_batch_00_collet_1_04-02-2025,38,0.69703376,0,0.6744776368141174,0,44
drill_4mm_10_batch_00_collet_1_04-02-2025,39,0.6007374,0,0.6744776368141174,0,44
drill_4mm_10_batch_00_collet_1_04-02-2025,40,0.21654364,0,0.6744776368141174,0,44
drill_4mm_10_batch_00_collet_1_04-02-2025,41,0.21019693,0,0.6744776368141174,0,44
drill_4mm_10_batch_00_collet_1_04-02-2025,42,0.5422998,0,0.6744776368141174,0,44
drill_4mm_10_batch_00_collet_1_04-02-2025,43,0.7473548,0,0.6744776368141174,0,44
drill_4mm_10_batch_00_collet_1_04-02-2025,44,0.82084894,0,0.6744776368141174,1,44
drill_4mm_10_batch_00_collet_1_04-02-2025,45,0.5612326,0,0.6744776368141174,0,44
drill_4mm_10_batch_00_collet_1_04-02-2025,46,0.56806695,0,0.6744776368141174,0,44
drill_4mm_10_batch_00_collet_1_04-02-2025,47,0.382501,0,0.6744776368141174,0,44
drill_4mm_10_batch_00_collet_1_04-02-2025,48,0.30882716,0,0.6744776368141174,0,44
drill_4mm_10_batch_00_collet_1_04-02-2025,49,0.14776146,1,0.6744776368141174,0,44
drill_4mm_10_batch_00_collet_1_04-02-2025,50,0.9227614,1,0.6744776368141174,0,44
drill_4mm_10_batch_00_collet_1_04-02-2025,51,0.9129962,1,0.6744776368141174,1,44
drill_4mm_10_batch_00_collet_1_04-02-2025,52,0.58036464,1,0.6744776368141174,0,44
drill_4mm_10_batch_00_collet_1_04-02-2025,53,0.8831471,1,0.6744776368141174,0,44
drill_4mm_10_batch_00_collet_1_04-02-2025,54,0.731573,1,0.6744776368141174,1,44
drill_4mm_10_batch_00_collet_1_04-02-2025,55,0.77532965,1,0.6744776368141174,1,44
drill_4mm_10_batch_00_collet_1_04-02-2025,56,0.81817687,1,0.6744776368141174,1,44
drill_4mm_10_batch_00_collet_1_04-02-2025,57,0.17134008,1,0.6744776368141174,0,44
drill_4mm_10_batch_00_collet_1_04-02-2025,58,0.73934156,1,0.6744776368141174,0,44
drill_4mm_10_batch_00_collet_1_04-02-2025,59,0.8746215,1,0.6744776368141174,1,44
drill_4mm_11_batch_00_collet_1_05-02-2025,1,0.009501676,0,0.11469151824712753,0,11
drill_4mm_11_batch_00_collet_1_05-02-2025,2,0.0050994847,0,0.11469151824712753,0,11
drill_4mm_11_batch_00_collet_1_05-02-2025,3,0.0027190517,0,0.11469151824712753,0,11
drill_4mm_11_batch_00_collet_1_05-02-2025,4,0.004876165,0,0.11469151824712753,0,11
drill_4mm_11_batch_00_collet_1_05-02-2025,5,0.12637927,0,0.11469151824712753,0,11
drill_4mm_11_batch_00_collet_1_05-02-2025,6,0.073926024,0,0.11469151824712753,0,11
drill_4mm_11_batch_00_collet_1_05-02-2025,7,0.34266275,0,0.11469151824712753,0,11
drill_4mm_11_batch_00_collet_1_05-02-2025,8,0.3984544,0,0.11469151824712753,1,11
drill_4mm_11_batch_00_collet_1_05-02-2025,9,0.581767,0,0.11469151824712753,1,11
drill_4mm_11_batch_00_collet_1_05-02-2025,10,0.5556172,0,0.11469151824712753,1,11
drill_4mm_11_batch_00_collet_1_05-02-2025,11,0.43585598,0,0.11469151824712753,1,11
drill_4mm_11_batch_00_collet_1_05-02-2025,12,0.45399445,0,0.11469151824712753,1,11
drill_4mm_11_batch_00_collet_1_05-02-2025,13,0.5075215,0,0.11469151824712753,1,11
drill_4mm_11_batch_00_collet_1_05-02-2025,14,0.5759455,0,0.11469151824712753,1,11
drill_4mm_11_batch_00_collet_1_05-02-2025,15,0.76311755,0,0.11469151824712753,1,11
drill_4mm_11_batch_00_collet_1_05-02-2025,16,0.88219315,0,0.11469151824712753,1,11
drill_4mm_11_batch_00_collet_1_05-02-2025,17,0.8279781,1,0.11469151824712753,1,11
drill_4mm_11_batch_00_collet_1_05-02-2025,18,0.65439594,1,0.11469151824712753,1,11
drill_4mm_11_batch_00_collet_1_05-02-2025,19,0.76932746,1,0.11469151824712753,1,11
drill_4mm_12_batch_01_collet_1_05-02-2025,1,0.004490324,0,0.1,0,2
drill_4mm_12_batch_01_collet_1_05-02-2025,2,0.0038895463,0,0.1,0,2
drill_4mm_12_batch_01_collet_1_05-02-2025,3,0.0019516505,0,0.1,0,2
drill_4mm_12_batch_01_collet_1_05-02-2025,4,0.0017786522,0,0.1,0,2
drill_4mm_12_batch_01_collet_1_05-02-2025,5,0.002217876,0,0.1,0,2
drill_4mm_12_batch_01_collet_1_05-02-2025,6,0.002335688,0,0.1,0,2
drill_4mm_12_batch_01_collet_1_05-02-2025,7,0.013624942,0,0.1,0,2
drill_4mm_12_batch_01_collet_1_05-02-2025,8,0.014141566,0,0.1,0,2
drill_4mm_12_batch_01_collet_1_05-02-2025,9,0.009470569,0,0.1,0,2
drill_4mm_12_batch_01_collet_1_05-02-2025,10,0.024635874,0,0.1,0,2
drill_4mm_12_batch_01_collet_1_05-02-2025,11,0.032651536,0,0.1,0,2
drill_4mm_12_batch_01_collet_1_05-02-2025,12,0.09364701,0,0.1,0,2
drill_4mm_12_batch_01_collet_1_05-02-2025,13,0.090082735,0,0.1,0,2
drill_4mm_12_batch_01_collet_1_05-02-2025,14,0.104883246,0,0.1,0,2
drill_4mm_12_batch_01_collet_1_05-02-2025,15,0.31487176,1,0.1,1,2
drill_4mm_12_batch_01_collet_1_05-02-2025,16,0.5734809,1,0.1,1,2
drill_4mm_12_batch_01_collet_1_05-02-2025,17,0.74063486,1,0.1,1,2
drill_4mm_13_batch_01_collet_1_05-02-2025,1,0.019224968,0,0.1,0,11
drill_4mm_13_batch_01_collet_1_05-02-2025,2,0.0078624105,0,0.1,0,11
drill_4mm_13_batch_01_collet_1_05-02-2025,3,0.018632898,0,0.1,0,11
drill_4mm_13_batch_01_collet_1_05-02-2025,4,0.0044453084,0,0.1,0,11
drill_4mm_13_batch_01_collet_1_05-02-2025,5,0.027108632,0,0.1,0,11
drill_4mm_13_batch_01_collet_1_05-02-2025,6,0.17903762,0,0.1,0,11
drill_4mm_13_batch_01_collet_1_05-02-2025,7,0.11732841,0,0.1,1,11
drill_4mm_13_batch_01_collet_1_05-02-2025,8,0.16257147,0,0.1,1,11
drill_4mm_13_batch_01_collet_1_05-02-2025,9,0.1146513,0,0.1,1,11
drill_4mm_13_batch_01_collet_1_05-02-2025,10,0.1551424,0,0.1,1,11
drill_4mm_13_batch_01_collet_1_05-02-2025,11,0.079882756,0,0.1,0,11
drill_4mm_13_batch_01_collet_1_05-02-2025,12,0.008387966,0,0.1,0,11
drill_4mm_13_batch_01_collet_1_05-02-2025,13,0.10686189,0,0.1,0,11
drill_4mm_13_batch_01_collet_1_05-02-2025,14,0.23714481,0,0.1,1,11
drill_4mm_13_batch_01_collet_1_05-02-2025,15,0.22970895,0,0.1,1,11
drill_4mm_13_batch_01_collet_1_05-02-2025,16,0.2494237,1,0.1,1,11
drill_4mm_13_batch_01_collet_1_05-02-2025,17,0.95108557,1,0.1,1,11
drill_4mm_13_batch_01_collet_1_05-02-2025,18,0.09363741,1,0.1,0,11
drill_4mm_14_batch_01_collet_1_06-02-2025,1,0.041742332,0,0.1,0,11
drill_4mm_14_batch_01_collet_1_06-02-2025,2,0.006040398,0,0.1,0,11
drill_4mm_14_batch_01_collet_1_06-02-2025,3,0.015317693,0,0.1,0,11
drill_4mm_14_batch_01_collet_1_06-02-2025,4,0.017186953,0,0.1,0,11
drill_4mm_14_batch_01_collet_1_06-02-2025,5,0.00841829,0,0.1,0,11
drill_4mm_14_batch_01_collet_1_06-02-2025,6,0.01428466,0,0.1,0,11
drill_4mm_14_batch_01_collet_1_06-02-2025,7,0.0153832,0,0.1,0,11
drill_4mm_14_batch_01_collet_1_06-02-2025,8,0.047813423,0,0.1,0,11
drill_4mm_14_batch_01_collet_1_06-02-2025,9,0.21389043,0,0.1,0,11
drill_4mm_14_batch_01_collet_1_06-02-2025,10,0.3066993,0,0.1,1,11
drill_4mm_14_batch_01_collet_1_06-02-2025,11,0.11975757,0,0.1,1,11
drill_4mm_14_batch_01_collet_1_06-02-2025,12,0.14944944,0,0.1,1,11
drill_4mm_14_batch_01_collet_1_06-02-2025,13,0.7565997,0,0.1,1,11
drill_4mm_14_batch_01_collet_1_06-02-2025,14,0.9382638,0,0.1,1,11
drill_4mm_14_batch_01_collet_1_06-02-2025,15,0.050181877,0,0.1,0,11
drill_4mm_14_batch_01_collet_1_06-02-2025,16,0.32766092,0,0.1,0,11
drill_4mm_14_batch_01_collet_1_06-02-2025,17,0.15808472,0,0.1,1,11
drill_4mm_14_batch_01_collet_1_06-02-2025,18,0.15441315,1,0.1,1,11
drill_4mm_14_batch_01_collet_1_06-02-2025,19,0.21121791,1,0.1,1,11
drill_4mm_14_batch_01_collet_1_06-02-2025,20,0.031464174,1,0.1,0,11
drill_4mm_14_batch_01_collet_1_06-02-2025,21,0.92549664,1,0.1,0,11
drill_4mm_15_batch_01_collet_1_06-02-2025,1,0.019450376,0,0.888302206993103,0,0
drill_4mm_15_batch_01_collet_1_06-02-2025,2,0.019689871,0,0.888302206993103,0,0
drill_4mm_15_batch_01_collet_1_06-02-2025,3,0.027713299,0,0.888302206993103,0,0
drill_4mm_15_batch_01_collet_1_06-02-2025,4,0.93742263,0,0.888302206993103,0,0
drill_4mm_15_batch_01_collet_1_06-02-2025,5,0.44621816,0,0.888302206993103,0,0
drill_4mm_15_batch_01_collet_1_06-02-2025,6,0.0410946,0,0.888302206993103,0,0
drill_4mm_15_batch_01_collet_1_06-02-2025,7,0.897833,0,0.888302206993103,0,0
drill_4mm_15_batch_01_collet_1_06-02-2025,8,0.31470132,0,0.888302206993103,0,0
drill_4mm_15_batch_01_collet_1_06-02-2025,9,0.85834455,0,0.888302206993103,0,0
drill_4mm_15_batch_01_collet_1_06-02-2025,10,0.45378727,0,0.888302206993103,0,0
drill_4mm_15_batch_01_collet_1_06-02-2025,11,0.041012548,0,0.888302206993103,0,0
drill_4mm_15_batch_01_collet_1_06-02-2025,12,0.07883568,0,0.888302206993103,0,0
drill_4mm_15_batch_01_collet_1_06-02-2025,13,0.23076406,0,0.888302206993103,0,0
drill_4mm_15_batch_01_collet_1_06-02-2025,14,0.5713726,0,0.888302206993103,0,0
drill_4mm_15_batch_01_collet_1_06-02-2025,15,0.46941808,0,0.888302206993103,0,0
drill_4mm_15_batch_01_collet_1_06-02-2025,16,0.30105618,0,0.888302206993103,0,0
drill_4mm_15_batch_01_collet_1_06-02-2025,17,0.2679947,0,0.888302206993103,0,0
drill_4mm_15_batch_01_collet_1_06-02-2025,18,0.27656174,0,0.888302206993103,0,0
drill_4mm_15_batch_01_collet_1_06-02-2025,19,0.1691979,0,0.888302206993103,0,0
drill_4mm_15_batch_01_collet_1_06-02-2025,20,0.08127844,0,0.888302206993103,0,0
drill_4mm_15_batch_01_collet_1_06-02-2025,21,0.1148441,0,0.888302206993103,0,0
drill_4mm_15_batch_01_collet_1_06-02-2025,22,0.053311564,0,0.888302206993103,0,0
drill_4mm_15_batch_01_collet_1_06-02-2025,23,0.388997,0,0.888302206993103,0,0
drill_4mm_15_batch_01_collet_1_06-02-2025,24,0.17381977,0,0.888302206993103,0,0
drill_4mm_15_batch_01_collet_1_06-02-2025,25,0.30303127,0,0.888302206993103,0,0
drill_4mm_15_batch_01_collet_1_06-02-2025,26,0.41410807,0,0.888302206993103,0,0
drill_4mm_15_batch_01_collet_1_06-02-2025,27,0.073957965,0,0.888302206993103,0,0
drill_4mm_15_batch_01_collet_1_06-02-2025,28,0.1845004,0,0.888302206993103,0,0
drill_4mm_15_batch_01_collet_1_06-02-2025,29,0.17019166,0,0.888302206993103,0,0
drill_4mm_15_batch_01_collet_1_06-02-2025,30,0.19292718,0,0.888302206993103,0,0
drill_4mm_15_batch_01_collet_1_06-02-2025,31,0.7704045,0,0.888302206993103,0,0
drill_4mm_15_batch_01_collet_1_06-02-2025,32,0.37678728,0,0.888302206993103,0,0
drill_4mm_15_batch_01_collet_1_06-02-2025,33,0.6247328,0,0.888302206993103,0,0
drill_4mm_15_batch_01_collet_1_06-02-2025,34,0.54326624,0,0.888302206993103,0,0
drill_4mm_15_batch_01_collet_1_06-02-2025,35,0.26684275,0,0.888302206993103,0,0
drill_4mm_15_batch_01_collet_1_06-02-2025,36,0.82226384,0,0.888302206993103,0,0
drill_4mm_15_batch_01_collet_1_06-02-2025,37,0.75880855,1,0.888302206993103,0,0
drill_4mm_15_batch_01_collet_1_06-02-2025,38,0.8681953,1,0.888302206993103,0,0
drill_4mm_15_batch_01_collet_1_06-02-2025,39,0.7282187,1,0.888302206993103,0,0
drill_4mm_15_batch_01_collet_1_06-02-2025,40,0.88369775,1,0.888302206993103,0,0
drill_4mm_15_batch_01_collet_1_06-02-2025,41,0.31435862,1,0.888302206993103,0,0
drill_4mm_15_batch_01_collet_1_06-02-2025,42,0.71385074,1,0.888302206993103,0,0
drill_4mm_15_batch_01_collet_1_06-02-2025,43,0.9078718,1,0.888302206993103,0,0
drill_4mm_15_batch_01_collet_1_06-02-2025,44,0.55617994,1,0.888302206993103,0,0
drill_4mm_16_batch_01_collet_1_06-02-2025,1,0.0070165647,0,0.1,0,23
drill_4mm_16_batch_01_collet_1_06-02-2025,2,0.0044184644,0,0.1,0,23
drill_4mm_16_batch_01_collet_1_06-02-2025,3,0.0038390171,0,0.1,0,23
drill_4mm_16_batch_01_collet_1_06-02-2025,4,0.0045259413,0,0.1,0,23
drill_4mm_16_batch_01_collet_1_06-02-2025,5,0.031068252,0,0.1,0,23
drill_4mm_16_batch_01_collet_1_06-02-2025,6,0.014483467,0,0.1,0,23
drill_4mm_16_batch_01_collet_1_06-02-2025,7,0.5923565,0,0.1,0,23
drill_4mm_16_batch_01_collet_1_06-02-2025,8,0.012265208,0,0.1,0,23
drill_4mm_16_batch_01_collet_1_06-02-2025,9,0.011384457,0,0.1,0,23
drill_4mm_16_batch_01_collet_1_06-02-2025,10,0.048025597,0,0.1,0,23
drill_4mm_16_batch_01_collet_1_06-02-2025,11,0.0975059,0,0.1,0,23
drill_4mm_16_batch_01_collet_1_06-02-2025,12,0.14279424,0,0.1,0,23
drill_4mm_16_batch_01_collet_1_06-02-2025,13,0.041790206,0,0.1,0,23
drill_4mm_16_batch_01_collet_1_06-02-2025,14,0.66956717,0,0.1,0,23
drill_4mm_16_batch_01_collet_1_06-02-2025,15,0.3603001,0,0.1,1,23
drill_4mm_16_batch_01_collet_1_06-02-2025,16,0.29422873,0,0.1,1,23
drill_4mm_16_batch_01_collet_1_06-02-2025,17,0.18090902,0,0.1,1,23
drill_4mm_16_batch_01_collet_1_06-02-2025,18,0.22913249,0,0.1,1,23
drill_4mm_16_batch_01_collet_1_06-02-2025,19,0.041884717,0,0.1,0,23
drill_4mm_16_batch_01_collet_1_06-02-2025,20,0.12476262,0,0.1,0,23
drill_4mm_16_batch_01_collet_1_06-02-2025,21,0.0663779,0,0.1,0,23
drill_4mm_16_batch_01_collet_1_06-02-2025,22,0.041361958,0,0.1,0,23
drill_4mm_16_batch_01_collet_1_06-02-2025,23,0.017926611,0,0.1,0,23
drill_4mm_16_batch_01_collet_1_06-02-2025,24,0.0234684,0,0.1,0,23
drill_4mm_16_batch_01_collet_1_06-02-2025,25,0.0064923344,0,0.1,0,23
drill_4mm_16_batch_01_collet_1_06-02-2025,26,0.01004466,0,0.1,0,23
drill_4mm_16_batch_01_collet_1_06-02-2025,27,0.0062597855,0,0.1,0,23
drill_4mm_16_batch_01_collet_1_06-02-2025,28,0.012008375,0,0.1,0,23
drill_4mm_16_batch_01_collet_1_06-02-2025,29,0.561443,0,0.1,0,23
drill_4mm_16_batch_01_collet_1_06-02-2025,30,0.3505664,0,0.1,1,23
drill_4mm_16_batch_01_collet_1_06-02-2025,31,0.1423726,0,0.1,1,23
drill_4mm_16_batch_01_collet_1_06-02-2025,32,0.12366301,1,0.1,1,23
drill_4mm_16_batch_01_collet_1_06-02-2025,33,0.8608408,1,0.1,1,23
drill_4mm_16_batch_01_collet_1_06-02-2025,34,0.7607413,1,0.1,1,23
drill_4mm_16_batch_01_collet_1_06-02-2025,35,0.72263813,1,0.1,1,23
drill_4mm_16_batch_01_collet_1_06-02-2025,36,0.14647569,1,0.1,1,23
drill_4mm_16_batch_01_collet_1_06-02-2025,37,0.54571307,1,0.1,1,23
drill_4mm_16_batch_01_collet_1_06-02-2025,38,0.2811304,1,0.1,1,23
drill_4mm_17_batch_01_collet_1_06-02-2025,1,0.7284183,0,0.6566354036331177,0,5
drill_4mm_17_batch_01_collet_1_06-02-2025,2,0.010588473,0,0.6566354036331177,0,5
drill_4mm_17_batch_01_collet_1_06-02-2025,3,0.0041275066,0,0.6566354036331177,0,5
drill_4mm_17_batch_01_collet_1_06-02-2025,4,0.008571089,0,0.6566354036331177,0,5
drill_4mm_17_batch_01_collet_1_06-02-2025,5,0.0059629646,0,0.6566354036331177,0,5
drill_4mm_17_batch_01_collet_1_06-02-2025,6,0.009125534,0,0.6566354036331177,0,5
drill_4mm_17_batch_01_collet_1_06-02-2025,7,0.02286671,0,0.6566354036331177,0,5
drill_4mm_17_batch_01_collet_1_06-02-2025,8,0.019997763,0,0.6566354036331177,0,5
drill_4mm_17_batch_01_collet_1_06-02-2025,9,0.8063862,0,0.6566354036331177,0,5
drill_4mm_17_batch_01_collet_1_06-02-2025,10,0.5037195,0,0.6566354036331177,0,5
drill_4mm_17_batch_01_collet_1_06-02-2025,11,0.03148153,0,0.6566354036331177,0,5
drill_4mm_17_batch_01_collet_1_06-02-2025,12,0.20188949,0,0.6566354036331177,0,5
drill_4mm_17_batch_01_collet_1_06-02-2025,13,0.8693104,0,0.6566354036331177,0,5
drill_4mm_17_batch_01_collet_1_06-02-2025,14,0.7692314,0,0.6566354036331177,1,5
drill_4mm_17_batch_01_collet_1_06-02-2025,15,0.6410286,0,0.6566354036331177,0,5
drill_4mm_17_batch_01_collet_1_06-02-2025,16,0.27153248,0,0.6566354036331177,0,5
drill_4mm_17_batch_01_collet_1_06-02-2025,17,0.46771625,1,0.6566354036331177,0,5
drill_4mm_17_batch_01_collet_1_06-02-2025,18,0.35657462,1,0.6566354036331177,0,5
drill_4mm_17_batch_01_collet_1_06-02-2025,19,0.52465343,1,0.6566354036331177,0,5
drill_4mm_18_batch_01_collet_1_07-02-2025,1,0.0034799401,0,0.407228946685791,0,36
drill_4mm_18_batch_01_collet_1_07-02-2025,2,0.0066621117,0,0.407228946685791,0,36
drill_4mm_18_batch_01_collet_1_07-02-2025,3,0.4511123,0,0.407228946685791,0,36
drill_4mm_18_batch_01_collet_1_07-02-2025,4,0.012278248,0,0.407228946685791,0,36
drill_4mm_18_batch_01_collet_1_07-02-2025,5,0.01114054,0,0.407228946685791,0,36
drill_4mm_18_batch_01_collet_1_07-02-2025,6,0.010191584,0,0.407228946685791,0,36
drill_4mm_18_batch_01_collet_1_07-02-2025,7,0.011135955,0,0.407228946685791,0,36
drill_4mm_18_batch_01_collet_1_07-02-2025,8,0.016525976,0,0.407228946685791,0,36
drill_4mm_18_batch_01_collet_1_07-02-2025,9,0.038805768,0,0.407228946685791,0,36
drill_4mm_18_batch_01_collet_1_07-02-2025,10,0.047321234,0,0.407228946685791,0,36
drill_4mm_18_batch_01_collet_1_07-02-2025,11,0.047321234,0,0.407228946685791,0,36
drill_4mm_18_batch_01_collet_1_07-02-2025,12,0.0363337,0,0.407228946685791,0,36
drill_4mm_18_batch_01_collet_1_07-02-2025,13,0.05185536,0,0.407228946685791,0,36
drill_4mm_18_batch_01_collet_1_07-02-2025,14,0.044822834,0,0.407228946685791,0,36
drill_4mm_18_batch_01_collet_1_07-02-2025,15,0.045592066,0,0.407228946685791,0,36
drill_4mm_18_batch_01_collet_1_07-02-2025,16,0.019672,0,0.407228946685791,0,36
drill_4mm_18_batch_01_collet_1_07-02-2025,17,0.035963908,0,0.407228946685791,0,36
drill_4mm_18_batch_01_collet_1_07-02-2025,18,0.023473088,0,0.407228946685791,0,36
drill_4mm_18_batch_01_collet_1_07-02-2025,19,0.027377242,0,0.407228946685791,0,36
drill_4mm_18_batch_01_collet_1_07-02-2025,20,0.032979187,0,0.407228946685791,0,36
drill_4mm_18_batch_01_collet_1_07-02-2025,21,0.019822642,0,0.407228946685791,0,36
drill_4mm_18_batch_01_collet_1_07-02-2025,22,0.018789068,0,0.407228946685791,0,36
drill_4mm_18_batch_01_collet_1_07-02-2025,23,0.010553217,0,0.407228946685791,0,36
drill_4mm_18_batch_01_collet_1_07-02-2025,24,0.021455448,0,0.407228946685791,0,36
drill_4mm_18_batch_01_collet_1_07-02-2025,25,0.05370264,0,0.407228946685791,0,36
drill_4mm_18_batch_01_collet_1_07-02-2025,26,0.026540795,0,0.407228946685791,0,36
drill_4mm_18_batch_01_collet_1_07-02-2025,27,0.021721905,0,0.407228946685791,0,36
drill_4mm_18_batch_01_collet_1_07-02-2025,28,0.018247835,0,0.407228946685791,0,36
drill_4mm_18_batch_01_collet_1_07-02-2025,29,0.015072784,0,0.407228946685791,0,36
drill_4mm_18_batch_01_collet_1_07-02-2025,30,0.12948683,0,0.407228946685791,0,36
drill_4mm_18_batch_01_collet_1_07-02-2025,31,0.022967031,0,0.407228946685791,0,36
drill_4mm_18_batch_01_collet_1_07-02-2025,32,0.030006027,0,0.407228946685791,0,36
drill_4mm_18_batch_01_collet_1_07-02-2025,33,0.6294703,0,0.407228946685791,0,36
drill_4mm_18_batch_01_collet_1_07-02-2025,34,0.010225758,0,0.407228946685791,0,36
drill_4mm_18_batch_01_collet_1_07-02-2025,35,0.0048021926,0,0.407228946685791,0,36
drill_4mm_18_batch_01_collet_1_07-02-2025,36,0.002806589,0,0.407228946685791,0,36
drill_4mm_18_batch_01_collet_1_07-02-2025,37,0.15429798,0,0.407228946685791,0,36
drill_4mm_18_batch_01_collet_1_07-02-2025,38,0.082675315,0,0.407228946685791,0,36
drill_4mm_18_batch_01_collet_1_07-02-2025,39,0.14929695,0,0.407228946685791,0,36
drill_4mm_18_batch_01_collet_1_07-02-2025,40,0.2640334,0,0.407228946685791,0,36
drill_4mm_18_batch_01_collet_1_07-02-2025,41,0.14825414,0,0.407228946685791,0,36
drill_4mm_18_batch_01_collet_1_07-02-2025,42,0.29858127,0,0.407228946685791,0,36
drill_4mm_18_batch_01_collet_1_07-02-2025,43,0.37217596,0,0.407228946685791,0,36
drill_4mm_18_batch_01_collet_1_07-02-2025,44,0.4352415,0,0.407228946685791,0,36
drill_4mm_18_batch_01_collet_1_07-02-2025,45,0.8249162,0,0.407228946685791,1,36
drill_4mm_18_batch_01_collet_1_07-02-2025,46,0.5004983,0,0.407228946685791,1,36
drill_4mm_18_batch_01_collet_1_07-02-2025,47,0.42011976,0,0.407228946685791,1,36
drill_4mm_18_batch_01_collet_1_07-02-2025,48,0.26401916,0,0.407228946685791,0,36
drill_4mm_18_batch_01_collet_1_07-02-2025,49,0.31571972,0,0.407228946685791,0,36
drill_4mm_18_batch_01_collet_1_07-02-2025,50,0.4058832,0,0.407228946685791,0,36
drill_4mm_18_batch_01_collet_1_07-02-2025,51,0.30415013,0,0.407228946685791,0,36
drill_4mm_18_batch_01_collet_1_07-02-2025,52,0.3382171,0,0.407228946685791,0,36
drill_4mm_18_batch_01_collet_1_07-02-2025,53,0.57091624,0,0.407228946685791,0,36
drill_4mm_18_batch_01_collet_1_07-02-2025,54,0.11002375,0,0.407228946685791,0,36
drill_4mm_18_batch_01_collet_1_07-02-2025,55,0.15053917,0,0.407228946685791,0,36
drill_4mm_18_batch_01_collet_1_07-02-2025,56,0.07902746,0,0.407228946685791,0,36
drill_4mm_18_batch_01_collet_1_07-02-2025,57,0.10793183,0,0.407228946685791,0,36
drill_4mm_18_batch_01_collet_1_07-02-2025,58,0.29431272,0,0.407228946685791,0,36
drill_4mm_18_batch_01_collet_1_07-02-2025,59,0.17499667,0,0.407228946685791,0,36
drill_4mm_18_batch_01_collet_1_07-02-2025,60,0.13273863,0,0.407228946685791,0,36
drill_4mm_18_batch_01_collet_1_07-02-2025,61,0.18033217,0,0.407228946685791,0,36
drill_4mm_18_batch_01_collet_1_07-02-2025,62,0.07428122,0,0.407228946685791,0,36
drill_4mm_18_batch_01_collet_1_07-02-2025,63,0.06679642,0,0.407228946685791,0,36
drill_4mm_18_batch_01_collet_1_07-02-2025,64,0.09175365,0,0.407228946685791,0,36
drill_4mm_18_batch_01_collet_1_07-02-2025,65,0.034379072,0,0.407228946685791,0,36
drill_4mm_18_batch_01_collet_1_07-02-2025,66,0.44921017,1,0.407228946685791,0,36
drill_4mm_18_batch_01_collet_1_07-02-2025,67,0.20982502,1,0.407228946685791,0,36
drill_4mm_18_batch_01_collet_1_07-02-2025,68,0.56787574,1,0.407228946685791,0,36
drill_4mm_18_batch_01_collet_1_07-02-2025,69,0.4420931,1,0.407228946685791,1,36
drill_4mm_18_batch_01_collet_1_07-02-2025,70,0.46661517,1,0.407228946685791,1,36
drill_4mm_18_batch_01_collet_1_07-02-2025,71,0.45170563,1,0.407228946685791,1,36
drill_4mm_18_batch_01_collet_1_07-02-2025,72,0.18298098,1,0.407228946685791,0,36
drill_4mm_18_batch_01_collet_1_07-02-2025,73,0.047912523,1,0.407228946685791,0,36
drill_4mm_18_batch_01_collet_1_07-02-2025,74,0.15334083,1,0.407228946685791,0,36
drill_4mm_18_batch_01_collet_1_07-02-2025,75,0.8990662,1,0.407228946685791,0,36
drill_4mm_18_batch_01_collet_1_07-02-2025,76,0.5031456,1,0.407228946685791,1,36
drill_4mm_18_batch_01_collet_1_07-02-2025,77,0.34265178,1,0.407228946685791,0,36
drill_4mm_18_batch_01_collet_1_07-02-2025,78,0.8211288,1,0.407228946685791,0,36
drill_4mm_18_batch_01_collet_1_07-02-2025,79,0.5400376,1,0.407228946685791,1,36
drill_4mm_18_batch_01_collet_1_07-02-2025,80,0.7650626,1,0.407228946685791,1,36
drill_4mm_18_batch_01_collet_1_07-02-2025,81,0.61523944,1,0.407228946685791,1,36
drill_4mm_19_batch_02_collet_1_13-02-2025,1,0.0047735185,0,0.1,0,42
drill_4mm_19_batch_02_collet_1_13-02-2025,2,0.0022348315,0,0.1,0,42
drill_4mm_19_batch_02_collet_1_13-02-2025,3,0.013903542,0,0.1,0,42
drill_4mm_19_batch_02_collet_1_13-02-2025,4,0.012310825,0,0.1,0,42
drill_4mm_19_batch_02_collet_1_13-02-2025,5,0.02290829,0,0.1,0,42
drill_4mm_19_batch_02_collet_1_13-02-2025,6,0.0063351654,0,0.1,0,42
drill_4mm_19_batch_02_collet_1_13-02-2025,7,0.031392906,0,0.1,0,42
drill_4mm_19_batch_02_collet_1_13-02-2025,8,0.059216235,0,0.1,0,42
drill_4mm_19_batch_02_collet_1_13-02-2025,9,0.025271362,0,0.1,0,42
drill_4mm_19_batch_02_collet_1_13-02-2025,10,0.81169957,0,0.1,0,42
drill_4mm_19_batch_02_collet_1_13-02-2025,11,0.6988272,0,0.1,1,42
drill_4mm_19_batch_02_collet_1_13-02-2025,12,0.4007815,0,0.1,1,42
drill_4mm_19_batch_02_collet_1_13-02-2025,13,0.251281,0,0.1,1,42
drill_4mm_19_batch_02_collet_1_13-02-2025,14,0.6388865,0,0.1,1,42
drill_4mm_19_batch_02_collet_1_13-02-2025,15,0.38013694,0,0.1,1,42
drill_4mm_19_batch_02_collet_1_13-02-2025,16,0.88593364,0,0.1,1,42
drill_4mm_19_batch_02_collet_1_13-02-2025,17,0.7717943,0,0.1,1,42
drill_4mm_19_batch_02_collet_1_13-02-2025,18,0.5612244,0,0.1,1,42
drill_4mm_19_batch_02_collet_1_13-02-2025,19,0.608416,0,0.1,1,42
drill_4mm_19_batch_02_collet_1_13-02-2025,20,0.5407752,0,0.1,1,42
drill_4mm_19_batch_02_collet_1_13-02-2025,21,0.83401316,0,0.1,1,42
drill_4mm_19_batch_02_collet_1_13-02-2025,22,0.9039523,0,0.1,1,42
drill_4mm_19_batch_02_collet_1_13-02-2025,23,0.7770758,0,0.1,1,42
drill_4mm_19_batch_02_collet_1_13-02-2025,24,0.6208633,0,0.1,1,42
drill_4mm_19_batch_02_collet_1_13-02-2025,25,0.91409165,0,0.1,1,42
drill_4mm_19_batch_02_collet_1_13-02-2025,26,0.7897185,0,0.1,1,42
drill_4mm_19_batch_02_collet_1_13-02-2025,27,0.7781676,0,0.1,1,42
drill_4mm_19_batch_02_collet_1_13-02-2025,28,0.19660477,0,0.1,1,42
drill_4mm_19_batch_02_collet_1_13-02-2025,29,0.61052877,0,0.1,1,42
drill_4mm_19_batch_02_collet_1_13-02-2025,30,0.54912823,0,0.1,1,42
drill_4mm_19_batch_02_collet_1_13-02-2025,31,0.9432236,0,0.1,1,42
drill_4mm_19_batch_02_collet_1_13-02-2025,32,0.804631,0,0.1,1,42
drill_4mm_19_batch_02_collet_1_13-02-2025,33,0.8005223,0,0.1,1,42
drill_4mm_19_batch_02_collet_1_13-02-2025,34,0.8539051,0,0.1,1,42
drill_4mm_19_batch_02_collet_1_13-02-2025,35,0.9122823,0,0.1,1,42
drill_4mm_19_batch_02_collet_1_13-02-2025,36,0.9501685,0,0.1,1,42
drill_4mm_19_batch_02_collet_1_13-02-2025,37,0.8780248,0,0.1,1,42
drill_4mm_19_batch_02_collet_1_13-02-2025,38,0.86727864,0,0.1,1,42
drill_4mm_19_batch_02_collet_1_13-02-2025,39,0.9335645,0,0.1,1,42
drill_4mm_19_batch_02_collet_1_13-02-2025,40,0.61021125,0,0.1,1,42
drill_4mm_19_batch_02_collet_1_13-02-2025,41,0.5221108,0,0.1,1,42
drill_4mm_19_batch_02_collet_1_13-02-2025,42,0.64936084,0,0.1,1,42
drill_4mm_19_batch_02_collet_1_13-02-2025,43,0.90265805,0,0.1,1,42
drill_4mm_19_batch_02_collet_1_13-02-2025,44,0.83912134,1,0.1,1,42
drill_4mm_19_batch_02_collet_1_13-02-2025,45,0.7953503,1,0.1,1,42
drill_4mm_19_batch_02_collet_1_13-02-2025,46,0.599508,1,0.1,1,42
drill_4mm_19_batch_02_collet_1_13-02-2025,47,0.8510921,1,0.1,1,42
drill_4mm_19_batch_02_collet_1_13-02-2025,48,0.57008946,1,0.1,1,42
drill_4mm_19_batch_02_collet_1_13-02-2025,49,0.99066985,1,0.1,1,42
drill_4mm_19_batch_02_collet_1_13-02-2025,50,0.777529,1,0.1,1,42
drill_4mm_19_batch_02_collet_1_13-02-2025,51,0.9852491,1,0.1,1,42
drill_4mm_19_batch_02_collet_1_13-02-2025,52,0.92076427,1,0.1,1,42
drill_4mm_19_batch_02_collet_1_13-02-2025,53,0.8108597,1,0.1,1,42
drill_4mm_20_batch_03_collet_1_13-02-2025,1,0.009735346,0,0.45208874344825745,0,29
drill_4mm_20_batch_03_collet_1_13-02-2025,2,0.051561605,0,0.45208874344825745,0,29
drill_4mm_20_batch_03_collet_1_13-02-2025,3,0.012076793,0,0.45208874344825745,0,29
drill_4mm_20_batch_03_collet_1_13-02-2025,4,0.06361766,0,0.45208874344825745,0,29
drill_4mm_20_batch_03_collet_1_13-02-2025,5,0.49525216,0,0.45208874344825745,0,29
drill_4mm_20_batch_03_collet_1_13-02-2025,6,0.9486636,0,0.45208874344825745,1,29
drill_4mm_20_batch_03_collet_1_13-02-2025,7,0.7988267,0,0.45208874344825745,1,29
drill_4mm_20_batch_03_collet_1_13-02-2025,8,0.42484677,0,0.45208874344825745,0,29
drill_4mm_20_batch_03_collet_1_13-02-2025,9,0.22403543,0,0.45208874344825745,0,29
drill_4mm_20_batch_03_collet_1_13-02-2025,10,0.14166671,0,0.45208874344825745,0,29
drill_4mm_20_batch_03_collet_1_13-02-2025,11,0.43220955,0,0.45208874344825745,0,29
drill_4mm_20_batch_03_collet_1_13-02-2025,12,0.77369297,0,0.45208874344825745,0,29
drill_4mm_20_batch_03_collet_1_13-02-2025,13,0.8247372,0,0.45208874344825745,1,29
drill_4mm_20_batch_03_collet_1_13-02-2025,14,0.15141389,0,0.45208874344825745,0,29
drill_4mm_20_batch_03_collet_1_13-02-2025,15,0.50788194,0,0.45208874344825745,0,29
drill_4mm_20_batch_03_collet_1_13-02-2025,16,0.5766443,0,0.45208874344825745,1,29
drill_4mm_20_batch_03_collet_1_13-02-2025,17,0.20982131,0,0.45208874344825745,0,29
drill_4mm_20_batch_03_collet_1_13-02-2025,18,0.2565234,0,0.45208874344825745,0,29
drill_4mm_20_batch_03_collet_1_13-02-2025,19,0.58127785,0,0.45208874344825745,0,29
drill_4mm_20_batch_03_collet_1_13-02-2025,20,0.03537689,0,0.45208874344825745,0,29
drill_4mm_20_batch_03_collet_1_13-02-2025,21,0.018960517,0,0.45208874344825745,0,29
drill_4mm_20_batch_03_collet_1_13-02-2025,22,0.137622,0,0.45208874344825745,0,29
drill_4mm_20_batch_03_collet_1_13-02-2025,23,0.04751187,0,0.45208874344825745,0,29
drill_4mm_20_batch_03_collet_1_13-02-2025,24,0.16756251,0,0.45208874344825745,0,29
drill_4mm_20_batch_03_collet_1_13-02-2025,25,0.6894781,0,0.45208874344825745,0,29
drill_4mm_20_batch_03_collet_1_13-02-2025,26,0.11035027,0,0.45208874344825745,0,29
drill_4mm_20_batch_03_collet_1_13-02-2025,27,0.065197825,0,0.45208874344825745,0,29
drill_4mm_20_batch_03_collet_1_13-02-2025,28,0.123637915,0,0.45208874344825745,0,29
drill_4mm_20_batch_03_collet_1_13-02-2025,29,0.059714805,1,0.45208874344825745,0,29
drill_4mm_20_batch_03_collet_1_13-02-2025,30,0.7835022,1,0.45208874344825745,0,29
drill_4mm_20_batch_03_collet_1_13-02-2025,31,0.82204425,1,0.45208874344825745,1,29
drill_4mm_20_batch_03_collet_1_13-02-2025,32,0.8694224,1,0.45208874344825745,1,29
drill_4mm_20_batch_03_collet_1_13-02-2025,33,0.96177906,1,0.45208874344825745,1,29
drill_4mm_20_batch_03_collet_1_13-02-2025,34,0.421507,1,0.45208874344825745,0,29
drill_4mm_20_batch_03_collet_1_13-02-2025,35,0.20148362,1,0.45208874344825745,0,29
drill_4mm_21_batch_02_collet_2_14-02-2025,1,0.007415403,0,0.17065563797950745,0,14
drill_4mm_21_batch_02_collet_2_14-02-2025,2,0.020242374,0,0.17065563797950745,0,14
drill_4mm_21_batch_02_collet_2_14-02-2025,3,0.022781314,0,0.17065563797950745,0,14
drill_4mm_21_batch_02_collet_2_14-02-2025,4,0.07814435,0,0.17065563797950745,0,14
drill_4mm_21_batch_02_collet_2_14-02-2025,5,0.18093467,0,0.17065563797950745,0,14
drill_4mm_21_batch_02_collet_2_14-02-2025,6,0.029413402,0,0.17065563797950745,0,14
drill_4mm_21_batch_02_collet_2_14-02-2025,7,0.038626377,0,0.17065563797950745,0,14
drill_4mm_21_batch_02_collet_2_14-02-2025,8,0.015033582,0,0.17065563797950745,0,14
drill_4mm_21_batch_02_collet_2_14-02-2025,9,0.033764202,0,0.17065563797950745,0,14
drill_4mm_21_batch_02_collet_2_14-02-2025,10,0.10208071,0,0.17065563797950745,0,14
drill_4mm_21_batch_02_collet_2_14-02-2025,11,0.298521,0,0.17065563797950745,0,14
drill_4mm_21_batch_02_collet_2_14-02-2025,12,0.07642242,0,0.17065563797950745,0,14
drill_4mm_21_batch_02_collet_2_14-02-2025,13,0.8136827,0,0.17065563797950745,0,14
drill_4mm_21_batch_02_collet_2_14-02-2025,14,0.3032095,0,0.17065563797950745,1,14
drill_4mm_21_batch_02_collet_2_14-02-2025,15,0.011398678,0,0.17065563797950745,0,14
drill_4mm_21_batch_02_collet_2_14-02-2025,16,0.030671252,0,0.17065563797950745,0,14
drill_4mm_21_batch_02_collet_2_14-02-2025,17,0.011626033,0,0.17065563797950745,0,14
drill_4mm_21_batch_02_collet_2_14-02-2025,18,0.010597543,0,0.17065563797950745,0,14
drill_4mm_21_batch_02_collet_2_14-02-2025,19,0.007671434,0,0.17065563797950745,0,14
drill_4mm_21_batch_02_collet_2_14-02-2025,20,0.009109323,0,0.17065563797950745,0,14
drill_4mm_21_batch_02_collet_2_14-02-2025,21,0.009132621,0,0.17065563797950745,0,14
drill_4mm_21_batch_02_collet_2_14-02-2025,22,0.8182244,0,0.17065563797950745,0,14
drill_4mm_21_batch_02_collet_2_14-02-2025,23,0.21507786,0,0.17065563797950745,1,14
drill_4mm_21_batch_02_collet_2_14-02-2025,24,0.9281646,1,0.17065563797950745,1,14
drill_4mm_21_batch_02_collet_2_14-02-2025,25,0.056497086,1,0.17065563797950745,0,14
drill_4mm_21_batch_02_collet_2_14-02-2025,26,0.7743462,1,0.17065563797950745,0,14
drill_4mm_21_batch_02_collet_2_14-02-2025,27,0.46805796,1,0.17065563797950745,1,14
drill_4mm_21_batch_02_collet_2_14-02-2025,28,0.35962135,1,0.17065563797950745,1,14
drill_4mm_22_batch_03_collet_2_14-02-2025,1,0.038165152,0,0.1,0,10
drill_4mm_22_batch_03_collet_2_14-02-2025,2,0.020538492,0,0.1,0,10
drill_4mm_22_batch_03_collet_2_14-02-2025,3,0.019645166,0,0.1,0,10
drill_4mm_22_batch_03_collet_2_14-02-2025,4,0.015643789,0,0.1,0,10
drill_4mm_22_batch_03_collet_2_14-02-2025,5,0.02592872,0,0.1,0,10
drill_4mm_22_batch_03_collet_2_14-02-2025,6,0.032362845,0,0.1,0,10
drill_4mm_22_batch_03_collet_2_14-02-2025,7,0.053855922,0,0.1,0,10
drill_4mm_22_batch_03_collet_2_14-02-2025,8,0.08528318,0,0.1,0,10
drill_4mm_22_batch_03_collet_2_14-02-2025,9,0.065123975,0,0.1,0,10
drill_4mm_22_batch_03_collet_2_14-02-2025,10,0.093589075,0,0.1,0,10
drill_4mm_22_batch_03_collet_2_14-02-2025,11,0.077237785,0,0.1,0,10
drill_4mm_22_batch_03_collet_2_14-02-2025,12,0.030437361,0,0.1,0,10
drill_4mm_22_batch_03_collet_2_14-02-2025,13,0.10231474,0,0.1,0,10
drill_4mm_22_batch_03_collet_2_14-02-2025,14,0.20900708,0,0.1,1,10
drill_4mm_22_batch_03_collet_2_14-02-2025,15,0.119750366,0,0.1,1,10
drill_4mm_22_batch_03_collet_2_14-02-2025,16,0.048660267,0,0.1,0,10
drill_4mm_22_batch_03_collet_2_14-02-2025,17,0.051177263,0,0.1,0,10
drill_4mm_22_batch_03_collet_2_14-02-2025,18,0.12846403,0,0.1,0,10
drill_4mm_22_batch_03_collet_2_14-02-2025,19,0.024182595,0,0.1,0,10
drill_4mm_22_batch_03_collet_2_14-02-2025,20,0.28794637,0,0.1,0,10
drill_4mm_22_batch_03_collet_2_14-02-2025,21,0.17467986,1,0.1,1,10
drill_4mm_22_batch_03_collet_2_14-02-2025,22,0.9223797,1,0.1,1,10
drill_4mm_22_batch_03_collet_2_14-02-2025,23,0.8265832,1,0.1,1,10
drill_4mm_22_batch_03_collet_2_14-02-2025,24,0.54833114,1,0.1,1,10
drill_4mm_23_batch_01_collet_2_14-02-2025,1,0.019023905,0,0.1,0,33
drill_4mm_23_batch_01_collet_2_14-02-2025,2,0.00949697,0,0.1,0,33
drill_4mm_23_batch_01_collet_2_14-02-2025,3,0.0060565486,0,0.1,0,33
drill_4mm_23_batch_01_collet_2_14-02-2025,4,0.0113482345,0,0.1,0,33
drill_4mm_23_batch_01_collet_2_14-02-2025,5,0.041286614,0,0.1,0,33
drill_4mm_23_batch_01_collet_2_14-02-2025,6,0.13518338,0,0.1,0,33
drill_4mm_23_batch_01_collet_2_14-02-2025,7,0.19976062,0,0.1,1,33
drill_4mm_23_batch_01_collet_2_14-02-2025,8,0.2805078,0,0.1,1,33
drill_4mm_23_batch_01_collet_2_14-02-2025,9,0.14099225,0,0.1,1,33
drill_4mm_23_batch_01_collet_2_14-02-2025,10,0.08451801,0,0.1,0,33
drill_4mm_23_batch_01_collet_2_14-02-2025,11,0.16721866,0,0.1,0,33
drill_4mm_23_batch_01_collet_2_14-02-2025,12,0.0697471,0,0.1,0,33
drill_4mm_23_batch_01_collet_2_14-02-2025,13,0.1435498,0,0.1,0,33
drill_4mm_23_batch_01_collet_2_14-02-2025,14,0.069223896,0,0.1,0,33
drill_4mm_23_batch_01_collet_2_14-02-2025,15,0.19105966,0,0.1,0,33
drill_4mm_23_batch_01_collet_2_14-02-2025,16,0.06825335,0,0.1,0,33
drill_4mm_23_batch_01_collet_2_14-02-2025,17,0.11850381,0,0.1,0,33
drill_4mm_23_batch_01_collet_2_14-02-2025,18,0.30983114,0,0.1,1,33
drill_4mm_23_batch_01_collet_2_14-02-2025,19,0.17468593,0,0.1,1,33
drill_4mm_23_batch_01_collet_2_14-02-2025,20,0.28558174,0,0.1,1,33
drill_4mm_23_batch_01_collet_2_14-02-2025,21,0.3421729,0,0.1,1,33
drill_4mm_23_batch_01_collet_2_14-02-2025,22,0.29705122,0,0.1,1,33
drill_4mm_23_batch_01_collet_2_14-02-2025,23,0.30400378,0,0.1,1,33
drill_4mm_23_batch_01_collet_2_14-02-2025,24,0.5114003,0,0.1,1,33
drill_4mm_23_batch_01_collet_2_14-02-2025,25,0.673414,0,0.1,1,33
drill_4mm_23_batch_01_collet_2_14-02-2025,26,0.8477128,0,0.1,1,33
drill_4mm_23_batch_01_collet_2_14-02-2025,27,0.85354763,0,0.1,1,33
drill_4mm_23_batch_01_collet_2_14-02-2025,28,0.6636696,0,0.1,1,33
drill_4mm_23_batch_01_collet_2_14-02-2025,29,0.8034006,0,0.1,1,33
drill_4mm_23_batch_01_collet_2_14-02-2025,30,0.08340387,0,0.1,0,33
drill_4mm_23_batch_01_collet_2_14-02-2025,31,0.2296638,0,0.1,0,33
drill_4mm_23_batch_01_collet_2_14-02-2025,32,0.56549,0,0.1,1,33
drill_4mm_23_batch_01_collet_2_14-02-2025,33,0.93907493,1,0.1,1,33
drill_4mm_23_batch_01_collet_2_14-02-2025,34,0.8248922,1,0.1,1,33
drill_4mm_23_batch_01_collet_2_14-02-2025,35,0.6724948,1,0.1,1,33
drill_4mm_23_batch_01_collet_2_14-02-2025,36,0.34364632,1,0.1,1,33
drill_4mm_23_batch_01_collet_2_14-02-2025,37,0.13361897,1,0.1,1,33
drill_4mm_23_batch_01_collet_2_14-02-2025,38,0.09874657,1,0.1,0,33
drill_4mm_23_batch_01_collet_2_14-02-2025,39,0.81661546,1,0.1,0,33
drill_4mm_23_batch_01_collet_2_14-02-2025,40,0.75874865,1,0.1,1,33
