drill,hole,score,prediction,label
drill_4mm_04,1,0.003386221593245864,0,0
drill_4mm_04,2,0.002915928838774562,0,0
drill_4mm_04,3,0.0020392662845551968,0,0
drill_4mm_04,4,0.0021555894054472446,0,0
drill_4mm_04,5,0.002388558816164732,0,0
drill_4mm_04,6,0.003618919523432851,0,0
drill_4mm_04,7,0.006241368595510721,0,0
drill_4mm_04,8,0.0049593523144721985,0,0
drill_4mm_04,9,0.0034426830243319273,0,0
drill_4mm_04,10,0.003762084525078535,0,0
drill_4mm_04,11,0.0011457288637757301,0,0
drill_4mm_04,12,0.0010902653448283672,0,0
drill_4mm_04,13,0.004269693978130817,0,0
drill_4mm_04,14,0.0011656921124085784,0,0
drill_4mm_04,15,0.0020503189880400896,0,0
drill_4mm_04,16,0.002944080624729395,0,0
drill_4mm_04,17,0.001679302891716361,0,0
drill_4mm_04,18,0.00335469632409513,0,0
drill_4mm_04,19,0.003923267126083374,0,0
drill_4mm_04,20,0.001440402353182435,0,0
drill_4mm_04,21,0.003148753196001053,0,0
drill_4mm_04,22,0.0012838690308853984,0,0
drill_4mm_04,23,0.0018282657256349921,0,0
drill_4mm_04,24,0.001635876134969294,0,0
drill_4mm_04,25,0.0052285343408584595,0,0
drill_4mm_04,26,0.0017765825614333153,0,0
drill_4mm_04,27,0.0017959524411708117,0,0
drill_4mm_04,28,0.006730454042553902,0,0
drill_4mm_04,29,0.0035093396436423063,0,0
drill_4mm_04,30,0.017235830426216125,0,0
drill_4mm_04,31,0.08001360297203064,0,0
drill_4mm_04,32,0.0018582828342914581,0,0
drill_4mm_04,33,0.006316181272268295,0,0
drill_4mm_04,34,0.00227520358748734,0,0
drill_4mm_04,35,0.003682362614199519,0,0
drill_4mm_04,36,0.003172729630023241,0,0
drill_4mm_04,37,0.0021509758662432432,0,0
drill_4mm_04,38,0.005569748114794493,0,0
drill_4mm_04,39,0.6390237808227539,0,0
drill_4mm_04,40,0.012093587778508663,0,0
drill_4mm_04,41,0.002089868765324354,0,0
drill_4mm_04,42,0.0022135241888463497,0,1
drill_4mm_04,43,0.005315741524100304,0,1
drill_4mm_04,44,0.00736622978001833,0,1
drill_4mm_04,45,0.003684852970764041,0,1
drill_4mm_04,46,0.0016348548233509064,0,1
drill_4mm_04,47,0.004742390010505915,0,1
drill_4mm_04,48,0.006488703191280365,0,1
drill_4mm_04,49,0.9585834741592407,0,1
drill_4mm_04,50,0.25595468282699585,1,1
drill_4mm_04,51,0.0032509551383554935,0,1
drill_4mm_05,1,0.014046341180801392,0,0
drill_4mm_05,2,0.0009107756777666509,0,0
drill_4mm_05,3,0.0005238211597315967,0,0
drill_4mm_05,4,0.0016300310380756855,0,0
drill_4mm_05,5,0.0025786515325307846,0,0
drill_4mm_05,6,0.002804179908707738,0,0
drill_4mm_05,7,0.0015455716056749225,0,0
drill_4mm_05,8,0.003972781356424093,0,0
drill_4mm_05,9,0.004700027406215668,0,0
drill_4mm_05,10,0.007883763872087002,0,0
drill_4mm_05,11,0.005138165317475796,0,0
drill_4mm_05,12,0.0033755216281861067,0,0
drill_4mm_05,13,0.01589660905301571,0,0
drill_4mm_05,14,0.003291868604719639,0,0
drill_4mm_05,15,0.015967542305588722,0,0
drill_4mm_05,16,0.02289387583732605,0,0
drill_4mm_05,17,0.04607454314827919,0,0
drill_4mm_05,18,0.03071824088692665,0,0
drill_4mm_05,19,0.07671667635440826,0,0
drill_4mm_05,20,0.08241835981607437,0,0
drill_4mm_05,21,0.02512575313448906,0,0
drill_4mm_05,22,0.014226002618670464,0,0
drill_4mm_05,23,0.00284496508538723,0,0
drill_4mm_05,24,0.015427717007696629,0,0
drill_4mm_05,25,0.009444061666727066,0,0
drill_4mm_05,26,0.0037237086798995733,0,0
drill_4mm_05,27,0.007085017394274473,0,0
drill_4mm_05,28,0.0045857857912778854,0,0
drill_4mm_05,29,0.013080433942377567,0,0
drill_4mm_05,30,0.013124123215675354,0,0
drill_4mm_05,31,0.03938741236925125,0,0
drill_4mm_05,32,0.007951662875711918,0,0
drill_4mm_05,33,0.019807009026408195,0,0
drill_4mm_05,34,0.007548673544079065,0,0
drill_4mm_05,35,0.02065434493124485,0,0
drill_4mm_05,36,0.005726884119212627,0,0
drill_4mm_05,37,0.00624330947175622,0,0
drill_4mm_05,38,0.005144370254129171,0,0
drill_4mm_05,39,0.04836365953087807,0,0
drill_4mm_05,40,0.2017584890127182,0,0
drill_4mm_05,41,0.013565504923462868,0,0
drill_4mm_05,42,0.7396317720413208,0,0
drill_4mm_05,43,0.07318169623613358,0,0
drill_4mm_05,44,0.12441278994083405,0,0
drill_4mm_05,45,0.20209333300590515,1,0
drill_4mm_05,46,0.1732611060142517,1,0
drill_4mm_05,47,0.2832396924495697,1,0
drill_4mm_05,48,0.2182733416557312,1,0
drill_4mm_05,49,0.17672938108444214,1,0
drill_4mm_05,50,0.06197856366634369,0,0
drill_4mm_05,51,0.28772035241127014,0,0
drill_4mm_05,52,0.06505013257265091,0,0
drill_4mm_05,53,0.010486072860658169,0,0
drill_4mm_05,54,0.012315996922552586,0,0
drill_4mm_05,55,0.0225972980260849,0,0
drill_4mm_05,56,0.16401654481887817,0,0
drill_4mm_05,57,0.0063907247968018055,0,0
drill_4mm_05,58,0.015744401142001152,0,0
drill_4mm_05,59,0.007087701465934515,0,0
drill_4mm_05,60,0.057951945811510086,0,0
drill_4mm_05,61,0.21850977838039398,0,0
drill_4mm_05,62,0.7194038033485413,1,0
drill_4mm_05,63,0.2956187129020691,1,0
drill_4mm_05,64,0.3191540241241455,1,0
drill_4mm_05,65,0.04005423188209534,0,0
drill_4mm_05,66,0.08421601355075836,0,0
drill_4mm_05,67,0.3841385841369629,0,0
drill_4mm_05,68,0.824347198009491,1,0
drill_4mm_05,69,0.8983488082885742,1,0
drill_4mm_05,70,0.6016944050788879,1,0
drill_4mm_05,71,0.6952783465385437,1,0
drill_4mm_05,72,0.665452241897583,1,0
drill_4mm_05,73,0.7630487084388733,1,0
drill_4mm_05,74,0.4023682177066803,1,0
drill_4mm_05,75,0.6437433958053589,1,0
drill_4mm_05,76,0.7722775340080261,1,0
drill_4mm_05,77,0.6549220085144043,1,0
drill_4mm_05,78,0.8771035671234131,1,0
drill_4mm_05,79,0.886858344078064,1,0
drill_4mm_05,80,0.810194730758667,1,0
drill_4mm_05,81,0.8226373791694641,1,0
drill_4mm_05,82,0.5237334966659546,1,0
drill_4mm_05,83,0.728617250919342,1,0
drill_4mm_05,84,0.8802334666252136,1,0
drill_4mm_05,85,0.8426650762557983,1,0
drill_4mm_05,86,0.7878702878952026,1,1
drill_4mm_05,87,0.8956369161605835,1,1
drill_4mm_05,88,0.5817781686782837,1,1
drill_4mm_05,89,0.7310838103294373,1,1
drill_4mm_05,90,0.6541977524757385,1,1
drill_4mm_05,91,0.9146211743354797,1,1
drill_4mm_05,92,0.3991295397281647,1,1
drill_4mm_05,93,0.7953575849533081,1,1
drill_4mm_05,94,0.920209527015686,1,1
drill_4mm_05,95,0.768319308757782,1,1
drill_4mm_05,96,0.9323234558105469,1,1
drill_4mm_05,97,0.646966814994812,1,1
drill_4mm_05,98,0.8774786591529846,1,1
drill_4mm_05,99,0.6226224303245544,1,1
drill_4mm_05,100,0.7545672059059143,1,1
drill_4mm_05,101,0.8051429986953735,1,1
drill_4mm_05,102,0.7723392844200134,1,1
drill_4mm_05,103,0.870342493057251,1,1
drill_4mm_05,104,0.8277876377105713,1,1
drill_4mm_05,105,0.9121594429016113,1,1
drill_4mm_05,106,0.7397147417068481,1,1
drill_4mm_06,1,0.017515523359179497,0,0
drill_4mm_06,2,0.022051377221941948,0,0
drill_4mm_06,3,0.016318483278155327,0,0
drill_4mm_06,4,0.014763349667191505,0,0
drill_4mm_06,5,0.007395592518150806,0,0
drill_4mm_06,6,0.004930825904011726,0,0
drill_4mm_06,7,0.00991817843168974,0,0
drill_4mm_06,8,0.007592438254505396,0,0
drill_4mm_06,9,0.006333803292363882,0,0
drill_4mm_06,10,0.010486052371561527,0,0
drill_4mm_06,11,0.05060506612062454,0,0
drill_4mm_06,12,0.24300025403499603,0,0
drill_4mm_06,13,0.4630799889564514,1,0
drill_4mm_06,14,0.12300574779510498,1,0
drill_4mm_06,15,0.24040192365646362,1,0
drill_4mm_06,16,0.27598077058792114,1,0
drill_4mm_06,17,0.6579086184501648,1,0
drill_4mm_06,18,0.7209650278091431,1,0
drill_4mm_06,19,0.20637746155261993,1,0
drill_4mm_06,20,0.5861598253250122,1,0
drill_4mm_06,21,0.8262268304824829,1,1
drill_4mm_06,22,0.7232927680015564,1,1
drill_4mm_06,23,0.6591376066207886,1,1
drill_4mm_06,24,0.8442595601081848,1,1
drill_4mm_06,25,0.8596498966217041,1,1
drill_4mm_07,1,0.05927291139960289,0,0
drill_4mm_07,2,0.012788478285074234,0,0
drill_4mm_07,3,0.017119014635682106,0,0
drill_4mm_07,4,0.8927959203720093,0,0
drill_4mm_07,5,0.09011249989271164,0,0
drill_4mm_07,6,0.13640905916690826,0,0
drill_4mm_07,7,0.053390052169561386,0,0
drill_4mm_07,8,0.06929125636816025,0,0
drill_4mm_07,9,0.014243901707231998,0,0
drill_4mm_07,10,0.003419541986659169,0,0
drill_4mm_07,11,0.17998121678829193,0,0
drill_4mm_07,12,0.36082378029823303,0,0
drill_4mm_07,13,0.263104110956192,0,0
drill_4mm_07,14,0.5189878940582275,0,0
drill_4mm_07,15,0.12444629520177841,0,0
drill_4mm_07,16,0.34698548913002014,0,0
drill_4mm_07,17,0.2590908706188202,0,0
drill_4mm_07,18,0.7515021562576294,0,0
drill_4mm_07,19,0.44145381450653076,0,0
drill_4mm_07,20,0.5002846717834473,0,0
drill_4mm_07,21,0.5603472590446472,0,0
drill_4mm_07,22,0.4266676604747772,0,0
drill_4mm_07,23,0.5555019974708557,0,0
drill_4mm_07,24,0.4501499831676483,0,0
drill_4mm_07,25,0.37961989641189575,0,0
drill_4mm_07,26,0.16007781028747559,0,0
drill_4mm_07,27,0.13855481147766113,0,1
drill_4mm_07,28,0.024413174018263817,0,1
drill_4mm_07,29,0.05448182672262192,0,1
drill_4mm_07,30,0.030235273763537407,0,1
drill_4mm_07,31,0.561354398727417,0,1
drill_4mm_07,32,0.2078329622745514,0,1
drill_4mm_08,1,0.012989465147256851,0,0
drill_4mm_08,2,0.003916648216545582,0,0
drill_4mm_08,3,0.004321738611906767,0,0
drill_4mm_08,4,0.002128238556906581,0,0
drill_4mm_08,5,0.005834271665662527,0,0
drill_4mm_08,6,0.005169928073883057,0,0
drill_4mm_08,7,0.2706920802593231,0,0
drill_4mm_08,8,0.03977120667695999,0,0
drill_4mm_08,9,0.01717308722436428,0,0
drill_4mm_08,10,0.05408360809087753,0,0
drill_4mm_08,11,0.06196533888578415,0,0
drill_4mm_08,12,0.08029835671186447,0,0
drill_4mm_08,13,0.01744523085653782,0,0
drill_4mm_08,14,0.011832774616777897,0,0
drill_4mm_08,15,0.012423300184309483,0,0
drill_4mm_08,16,0.09113059192895889,0,0
drill_4mm_08,17,0.3099810779094696,0,0
drill_4mm_08,18,0.009947927668690681,0,1
drill_4mm_08,19,0.7670960426330566,0,1
drill_4mm_08,20,0.01562099065631628,0,1
drill_4mm_08,21,0.006896646227687597,0,1
drill_4mm_09,1,0.044102992862463,0,0
drill_4mm_09,2,0.025421779602766037,0,0
drill_4mm_09,3,0.012580287642776966,0,0
drill_4mm_09,4,0.008407040499150753,0,0
drill_4mm_09,5,0.1045156791806221,0,0
drill_4mm_09,6,0.03711383417248726,0,0
drill_4mm_09,7,0.14744246006011963,0,0
drill_4mm_09,8,0.05903596431016922,0,0
drill_4mm_09,9,0.12871584296226501,0,0
drill_4mm_09,10,0.3029237985610962,1,0
drill_4mm_09,11,0.29019051790237427,1,0
drill_4mm_09,12,0.26845040917396545,1,0
drill_4mm_09,13,0.09333080053329468,0,0
drill_4mm_09,14,0.013076599687337875,0,0
drill_4mm_09,15,0.11394263058900833,0,0
drill_4mm_09,16,0.18677450716495514,1,0
drill_4mm_09,17,0.44432711601257324,1,0
drill_4mm_09,18,0.2670252323150635,1,0
drill_4mm_09,19,0.3585532307624817,1,0
drill_4mm_09,20,0.6019157767295837,1,0
drill_4mm_09,21,0.37874773144721985,1,0
drill_4mm_09,22,0.4563758075237274,1,0
drill_4mm_09,23,0.41154026985168457,1,0
drill_4mm_09,24,0.82919842004776,1,0
drill_4mm_09,25,0.46670687198638916,1,0
drill_4mm_09,26,0.8623954057693481,1,0
drill_4mm_09,27,0.7614002227783203,1,0
drill_4mm_09,28,0.45370835065841675,1,0
drill_4mm_09,29,0.26163047552108765,1,0
drill_4mm_09,30,0.370587557554245,1,0
drill_4mm_09,31,0.9026064872741699,1,0
drill_4mm_09,32,0.5708282589912415,1,0
drill_4mm_09,33,0.41444501280784607,1,0
drill_4mm_09,34,0.3292733132839203,1,0
drill_4mm_09,35,0.4355684220790863,1,0
drill_4mm_09,36,0.6355648636817932,1,0
drill_4mm_09,37,0.6328300833702087,1,0
drill_4mm_09,38,0.6880813837051392,1,0
drill_4mm_09,39,0.5473492741584778,1,0
drill_4mm_09,40,0.3298492133617401,1,0
drill_4mm_09,41,0.6790595054626465,1,0
drill_4mm_09,42,0.3302623927593231,1,1
drill_4mm_09,43,0.06028309836983681,0,1
drill_4mm_09,44,0.6032564640045166,0,1
drill_4mm_09,45,0.9222068190574646,1,1
drill_4mm_09,46,0.34239116311073303,1,1
drill_4mm_09,47,0.6967163681983948,1,1
drill_4mm_09,48,0.6736185550689697,1,1
drill_4mm_09,49,0.731691300868988,1,1
drill_4mm_09,50,0.7981865406036377,1,1
drill_4mm_09,51,0.9784327745437622,1,1
drill_4mm_10,1,0.017998484894633293,0,0
drill_4mm_10,2,0.6693695187568665,0,0
drill_4mm_10,3,0.24694804847240448,0,0
drill_4mm_10,4,0.008730420842766762,0,0
drill_4mm_10,5,0.009253829717636108,0,0
drill_4mm_10,6,0.07136078178882599,0,0
drill_4mm_10,7,0.14004628360271454,0,0
drill_4mm_10,8,0.06518086045980453,0,0
drill_4mm_10,9,0.8876907229423523,0,0
drill_4mm_10,10,0.3812968134880066,0,0
drill_4mm_10,11,0.35240674018859863,0,0
drill_4mm_10,12,0.06292717158794403,0,0
drill_4mm_10,13,0.12660710513591766,0,0
drill_4mm_10,14,0.492782324552536,0,0
drill_4mm_10,15,0.48326486349105835,0,0
drill_4mm_10,16,0.20731213688850403,0,0
drill_4mm_10,17,0.5110426545143127,0,0
drill_4mm_10,18,0.5707477927207947,0,0
drill_4mm_10,19,0.5232259631156921,0,0
drill_4mm_10,20,0.24145126342773438,0,0
drill_4mm_10,21,0.5074537992477417,0,0
drill_4mm_10,22,0.9558020234107971,0,0
drill_4mm_10,23,0.2580166161060333,0,0
drill_4mm_10,24,0.5229629874229431,0,0
drill_4mm_10,25,0.06992689520120621,0,0
drill_4mm_10,26,0.9534114599227905,0,0
drill_4mm_10,27,0.900175154209137,1,0
drill_4mm_10,28,0.8631944060325623,1,0
drill_4mm_10,29,0.7830755114555359,1,0
drill_4mm_10,30,0.5939416885375977,0,0
drill_4mm_10,31,0.37673768401145935,0,0
drill_4mm_10,32,0.47567248344421387,0,0
drill_4mm_10,33,0.6898163557052612,0,0
drill_4mm_10,34,0.48647117614746094,0,0
drill_4mm_10,35,0.6461833715438843,0,0
drill_4mm_10,36,0.2631757855415344,0,0
drill_4mm_10,37,0.4605245590209961,0,0
drill_4mm_10,38,0.2894116938114166,0,0
drill_4mm_10,39,0.9280993938446045,0,0
drill_4mm_10,40,0.4082662761211395,0,0
drill_4mm_10,41,0.3623200058937073,0,0
drill_4mm_10,42,0.774082601070404,0,0
drill_4mm_10,43,0.9528988599777222,1,0
drill_4mm_10,44,0.7589752674102783,1,0
drill_4mm_10,45,0.5507984757423401,0,0
drill_4mm_10,46,0.7699002027511597,0,0
drill_4mm_10,47,0.7328055500984192,1,0
drill_4mm_10,48,0.7698862552642822,1,0
drill_4mm_10,49,0.25604620575904846,0,1
drill_4mm_10,50,0.8156381249427795,0,1
drill_4mm_10,51,0.8277732133865356,1,1
drill_4mm_10,52,0.30491891503334045,0,1
drill_4mm_10,53,0.5362426042556763,0,1
drill_4mm_10,54,0.606709897518158,0,1
drill_4mm_10,55,0.8366720676422119,0,1
drill_4mm_10,56,0.7145926356315613,1,1
drill_4mm_10,57,0.9698580503463745,1,1
drill_4mm_10,58,0.9289842844009399,1,1
drill_4mm_10,59,0.9032538533210754,1,1
drill_4mm_11,1,0.01088772900402546,0,0
drill_4mm_11,2,0.0012872416991740465,0,0
drill_4mm_11,3,0.004658989142626524,0,0
drill_4mm_11,4,0.01403903216123581,0,0
drill_4mm_11,5,0.015887511894106865,0,0
drill_4mm_11,6,0.039730608463287354,0,0
drill_4mm_11,7,0.02198142185807228,0,0
drill_4mm_11,8,0.03552107885479927,0,0
drill_4mm_11,9,0.022813407704234123,0,0
drill_4mm_11,10,0.05908814072608948,0,0
drill_4mm_11,11,0.1297437697649002,0,0
drill_4mm_11,12,0.08166811615228653,0,0
drill_4mm_11,13,0.1598549634218216,0,0
drill_4mm_11,14,0.79684978723526,1,0
drill_4mm_11,15,0.7557010650634766,1,0
drill_4mm_11,16,0.9766690135002136,1,0
drill_4mm_11,17,0.9324841499328613,1,1
drill_4mm_11,18,0.8574592471122742,1,1
drill_4mm_11,19,0.8217568397521973,1,1
drill_4mm_12,1,0.02645104192197323,0,0
drill_4mm_12,2,0.009121580980718136,0,0
drill_4mm_12,3,0.002958583412691951,0,0
drill_4mm_12,4,0.0023071218747645617,0,0
drill_4mm_12,5,0.004662716295570135,0,0
drill_4mm_12,6,0.004547583404928446,0,0
drill_4mm_12,7,0.007341630756855011,0,0
drill_4mm_12,8,0.008385015651583672,0,0
drill_4mm_12,9,0.01197518315166235,0,0
drill_4mm_12,10,0.0289393812417984,0,0
drill_4mm_12,11,0.011588145047426224,0,0
drill_4mm_12,12,0.00726854195818305,0,0
drill_4mm_12,13,0.029813962057232857,0,0
drill_4mm_12,14,0.04027552530169487,0,0
drill_4mm_12,15,0.35107603669166565,0,1
drill_4mm_12,16,0.8564121127128601,1,1
drill_4mm_12,17,0.8043612837791443,1,1
drill_4mm_13,1,0.0522858127951622,0,0
drill_4mm_13,2,0.002638093661516905,0,0
drill_4mm_13,3,0.07843062281608582,0,0
drill_4mm_13,4,0.0012385353911668062,0,0
drill_4mm_13,5,0.026248378679156303,0,0
drill_4mm_13,6,0.16033567488193512,0,0
drill_4mm_13,7,0.026974184438586235,0,0
drill_4mm_13,8,0.15864838659763336,0,0
drill_4mm_13,9,0.028690854087471962,0,0
drill_4mm_13,10,0.08232097327709198,0,0
drill_4mm_13,11,0.038815222680568695,0,0
drill_4mm_13,12,0.013628941960632801,0,0
drill_4mm_13,13,0.024508541449904442,0,0
drill_4mm_13,14,0.05624818056821823,0,0
drill_4mm_13,15,0.5272341966629028,0,0
drill_4mm_13,16,0.6903434991836548,1,1
drill_4mm_13,17,0.7300806641578674,1,1
drill_4mm_13,18,0.7498289346694946,1,1
drill_4mm_14,1,0.01615695096552372,0,0
drill_4mm_14,2,0.0017995216185227036,0,0
drill_4mm_14,3,0.0022499144542962313,0,0
drill_4mm_14,4,0.0022166185081005096,0,0
drill_4mm_14,5,0.003856376279145479,0,0
drill_4mm_14,6,0.006259061861783266,0,0
drill_4mm_14,7,0.0034308184403926134,0,0
drill_4mm_14,8,0.0038184463046491146,0,0
drill_4mm_14,9,0.03250650316476822,0,0
drill_4mm_14,10,0.1680385172367096,0,0
drill_4mm_14,11,0.0629688948392868,0,0
drill_4mm_14,12,0.05238709598779678,0,0
drill_4mm_14,13,0.9262468218803406,0,0
drill_4mm_14,14,0.8184133768081665,1,0
drill_4mm_14,15,0.16397704184055328,1,0
drill_4mm_14,16,0.3676075041294098,1,0
drill_4mm_14,17,0.17411074042320251,1,0
drill_4mm_14,18,0.14480294287204742,1,1
drill_4mm_14,19,0.36225560307502747,1,1
drill_4mm_14,20,0.1500452607870102,1,1
drill_4mm_14,21,0.9331462979316711,1,1
drill_4mm_15,1,0.10208036005496979,0,0
drill_4mm_15,2,0.00939267035573721,0,0
drill_4mm_15,3,0.03271980211138725,0,0
drill_4mm_15,4,0.9054951071739197,0,0
drill_4mm_15,5,0.5288801789283752,0,0
drill_4mm_15,6,0.0044745588675141335,0,0
drill_4mm_15,7,0.28595423698425293,0,0
drill_4mm_15,8,0.4788780212402344,0,0
drill_4mm_15,9,0.7952436208724976,0,0
drill_4mm_15,10,0.0546146035194397,0,0
drill_4mm_15,11,0.047892626374959946,0,0
drill_4mm_15,12,0.14635595679283142,0,0
drill_4mm_15,13,0.33567744493484497,0,0
drill_4mm_15,14,0.7481585741043091,0,0
drill_4mm_15,15,0.5100221037864685,0,0
drill_4mm_15,16,0.270770400762558,0,0
drill_4mm_15,17,0.3022412955760956,0,0
drill_4mm_15,18,0.04347045719623566,0,0
drill_4mm_15,19,0.05805196240544319,0,0
drill_4mm_15,20,0.02839946560561657,0,0
drill_4mm_15,21,0.11706572771072388,0,0
drill_4mm_15,22,0.15259693562984467,0,0
drill_4mm_15,23,0.019736990332603455,0,0
drill_4mm_15,24,0.006172717548906803,0,0
drill_4mm_15,25,0.00847467128187418,0,0
drill_4mm_15,26,0.03722291812300682,0,0
drill_4mm_15,27,0.028017934411764145,0,0
drill_4mm_15,28,0.018688499927520752,0,0
drill_4mm_15,29,0.017132379114627838,0,0
drill_4mm_15,30,0.010528613813221455,0,0
drill_4mm_15,31,0.4083104729652405,0,0
drill_4mm_15,32,0.6142525672912598,0,0
drill_4mm_15,33,0.2852106988430023,0,0
drill_4mm_15,34,0.7173698544502258,0,0
drill_4mm_15,35,0.4625093638896942,0,0
drill_4mm_15,36,0.35443371534347534,0,0
drill_4mm_15,37,0.7603296041488647,0,1
drill_4mm_15,38,0.820160984992981,0,1
drill_4mm_15,39,0.6694945096969604,0,1
drill_4mm_15,40,0.8245981931686401,0,1
drill_4mm_15,41,0.36657094955444336,0,1
drill_4mm_15,42,0.4591323137283325,0,1
drill_4mm_15,43,0.9601077437400818,0,1
drill_4mm_15,44,0.8589356541633606,0,1
drill_4mm_16,1,0.016284562647342682,0,0
drill_4mm_16,2,0.0016383687034249306,0,0
drill_4mm_16,3,0.002620845101773739,0,0
drill_4mm_16,4,0.003600636962801218,0,0
drill_4mm_16,5,0.007324372883886099,0,0
drill_4mm_16,6,0.002602508058771491,0,0
drill_4mm_16,7,0.22092418372631073,0,0
drill_4mm_16,8,0.014833327382802963,0,0
drill_4mm_16,9,0.017870744690299034,0,0
drill_4mm_16,10,0.031453125178813934,0,0
drill_4mm_16,11,0.04074741527438164,0,0
drill_4mm_16,12,0.014376848004758358,0,0
drill_4mm_16,13,0.01953652687370777,0,0
drill_4mm_16,14,0.44592589139938354,0,0
drill_4mm_16,15,0.18065397441387177,1,0
drill_4mm_16,16,0.29996195435523987,1,0
drill_4mm_16,17,0.23509961366653442,1,0
drill_4mm_16,18,0.5138940811157227,1,0
drill_4mm_16,19,0.3105353116989136,1,0
drill_4mm_16,20,0.018626198172569275,0,0
drill_4mm_16,21,0.023247534409165382,0,0
drill_4mm_16,22,0.08466178178787231,0,0
drill_4mm_16,23,0.05795023962855339,0,0
drill_4mm_16,24,0.016909807920455933,0,0
drill_4mm_16,25,0.01723657175898552,0,0
drill_4mm_16,26,0.0038180272094905376,0,0
drill_4mm_16,27,0.04133087769150734,0,0
drill_4mm_16,28,0.026094162836670876,0,0
drill_4mm_16,29,0.28657370805740356,0,0
drill_4mm_16,30,0.7678948640823364,1,0
drill_4mm_16,31,0.33823636174201965,1,0
drill_4mm_16,32,0.07252462208271027,0,1
drill_4mm_16,33,0.9085633158683777,0,1
drill_4mm_16,34,0.7613862752914429,1,1
drill_4mm_16,35,0.5276138186454773,1,1
drill_4mm_16,36,0.4097641408443451,1,1
drill_4mm_16,37,0.5509322285652161,1,1
drill_4mm_16,38,0.8416720628738403,1,1
drill_4mm_17,1,0.9593473672866821,0,0
drill_4mm_17,2,0.03250354528427124,0,0
drill_4mm_17,3,0.0037318922113627195,0,0
drill_4mm_17,4,0.0016035547014325857,0,0
drill_4mm_17,5,0.029392505064606667,0,0
drill_4mm_17,6,0.0019168549915775657,0,0
drill_4mm_17,7,0.09988508373498917,0,0
drill_4mm_17,8,0.0046036685816943645,0,0
drill_4mm_17,9,0.8241928219795227,0,0
drill_4mm_17,10,0.6992163062095642,0,0
drill_4mm_17,11,0.03586209565401077,0,0
drill_4mm_17,12,0.06645334511995316,0,0
drill_4mm_17,13,0.8872203230857849,0,0
drill_4mm_17,14,0.9392575621604919,1,0
drill_4mm_17,15,0.3531504273414612,0,0
drill_4mm_17,16,0.6524894833564758,0,0
drill_4mm_17,17,0.305029034614563,0,1
drill_4mm_17,18,0.057424161583185196,0,1
drill_4mm_17,19,0.1892918348312378,0,1
drill_4mm_18,1,0.0047164978459477425,0,0
drill_4mm_18,2,0.0027174409478902817,0,0
drill_4mm_18,3,0.1218845546245575,0,0
drill_4mm_18,4,0.0038178041577339172,0,0
drill_4mm_18,5,0.0011507192393764853,0,0
drill_4mm_18,6,0.0017146513564512134,0,0
drill_4mm_18,7,0.0023669064976274967,0,0
drill_4mm_18,8,0.0017108821775764227,0,0
drill_4mm_18,9,0.0015760936075821519,0,0
drill_4mm_18,10,0.0054231383837759495,0,0
drill_4mm_18,11,0.004134790971875191,0,0
drill_4mm_18,12,0.005347623955458403,0,0
drill_4mm_18,13,0.0043298364616930485,0,0
drill_4mm_18,14,0.0038629488553851843,0,0
drill_4mm_18,15,0.005048071499913931,0,0
drill_4mm_18,16,0.00527948047965765,0,0
drill_4mm_18,17,0.0034681069664657116,0,0
drill_4mm_18,18,0.006598717998713255,0,0
drill_4mm_18,19,0.003369775367900729,0,0
drill_4mm_18,20,0.006504476070404053,0,0
drill_4mm_18,21,0.012880749069154263,0,0
drill_4mm_18,22,0.005763103719800711,0,0
drill_4mm_18,23,0.016704333946108818,0,0
drill_4mm_18,24,0.011975984089076519,0,0
drill_4mm_18,25,0.017337927594780922,0,0
drill_4mm_18,26,0.016379278153181076,0,0
drill_4mm_18,27,0.014238272793591022,0,0
drill_4mm_18,28,0.03980247676372528,0,0
drill_4mm_18,29,0.010720471851527691,0,0
drill_4mm_18,30,0.1806904524564743,0,0
drill_4mm_18,31,0.024228010326623917,0,0
drill_4mm_18,32,0.022954778745770454,0,0
drill_4mm_18,33,0.0786866843700409,0,0
drill_4mm_18,34,0.0024685945827513933,0,0
drill_4mm_18,35,0.004582414869219065,0,0
drill_4mm_18,36,0.010376599617302418,0,0
drill_4mm_18,37,0.17026837170124054,0,0
drill_4mm_18,38,0.16663916409015656,1,0
drill_4mm_18,39,0.038891710340976715,0,0
drill_4mm_18,40,0.09216061979532242,0,0
drill_4mm_18,41,0.1108635663986206,0,0
drill_4mm_18,42,0.14077340066432953,1,0
drill_4mm_18,43,0.6864098310470581,1,0
drill_4mm_18,44,0.665964663028717,1,0
drill_4mm_18,45,0.7885541319847107,1,0
drill_4mm_18,46,0.6046608686447144,1,0
drill_4mm_18,47,0.5154778957366943,1,0
drill_4mm_18,48,0.48175913095474243,1,0
drill_4mm_18,49,0.20761027932167053,1,0
drill_4mm_18,50,0.008125984109938145,0,0
drill_4mm_18,51,0.29103925824165344,0,0
drill_4mm_18,52,0.638494074344635,1,0
drill_4mm_18,53,0.3687106668949127,1,0
drill_4mm_18,54,0.04994760826230049,0,0
drill_4mm_18,55,0.697968602180481,0,0
drill_4mm_18,56,0.3714154362678528,1,0
drill_4mm_18,57,0.5223583579063416,1,0
drill_4mm_18,58,0.0622759610414505,0,0
drill_4mm_18,59,0.24154330790042877,0,0
drill_4mm_18,60,0.5134151577949524,1,0
drill_4mm_18,61,0.4445437490940094,1,0
drill_4mm_18,62,0.6865313649177551,1,0
drill_4mm_18,63,0.5845469832420349,1,0
drill_4mm_18,64,0.5561650991439819,1,0
drill_4mm_18,65,0.29395580291748047,1,0
drill_4mm_18,66,0.5998795032501221,1,1
drill_4mm_18,67,0.5607464909553528,1,1
drill_4mm_18,68,0.768978476524353,1,1
drill_4mm_18,69,0.8871351480484009,1,1
drill_4mm_18,70,0.4762650728225708,1,1
drill_4mm_18,71,0.6118049621582031,1,1
drill_4mm_18,72,0.6526073217391968,1,1
drill_4mm_18,73,0.6621737480163574,1,1
drill_4mm_18,74,0.5238114595413208,1,1
drill_4mm_18,75,0.738457977771759,1,1
drill_4mm_18,76,0.9624549150466919,1,1
drill_4mm_18,77,0.6098986268043518,1,1
drill_4mm_18,78,0.959838330745697,1,1
drill_4mm_18,79,0.9402168393135071,1,1
drill_4mm_18,80,0.989639163017273,1,1
drill_4mm_18,81,0.9381991028785706,1,1
drill_4mm_19,1,0.005024836864322424,0,0
drill_4mm_19,2,0.007421235088258982,0,0
drill_4mm_19,3,0.11822965741157532,0,0
drill_4mm_19,4,0.18150487542152405,0,0
drill_4mm_19,5,0.2530827820301056,0,0
drill_4mm_19,6,0.06867531687021255,0,0
drill_4mm_19,7,0.16111208498477936,0,0
drill_4mm_19,8,0.1337263584136963,0,0
drill_4mm_19,9,0.06016023829579353,0,0
drill_4mm_19,10,0.6162669062614441,0,0
drill_4mm_19,11,0.9406644105911255,1,0
drill_4mm_19,12,0.1811739206314087,0,0
drill_4mm_19,13,0.33120793104171753,0,0
drill_4mm_19,14,0.8949935436248779,1,0
drill_4mm_19,15,0.5510628819465637,1,0
drill_4mm_19,16,0.905082643032074,1,0
drill_4mm_19,17,0.9086915850639343,1,0
drill_4mm_19,18,0.7506123185157776,1,0
drill_4mm_19,19,0.8683058619499207,1,0
drill_4mm_19,20,0.860529899597168,1,0
drill_4mm_19,21,0.9084594249725342,1,0
drill_4mm_19,22,0.8666256666183472,1,0
drill_4mm_19,23,0.5299493670463562,1,0
drill_4mm_19,24,0.6547757387161255,1,0
drill_4mm_19,25,0.4142817556858063,1,0
drill_4mm_19,26,0.850558876991272,1,0
drill_4mm_19,27,0.813555896282196,1,0
drill_4mm_19,28,0.8062443733215332,1,0
drill_4mm_19,29,0.7303832769393921,1,0
drill_4mm_19,30,0.6680469512939453,1,0
drill_4mm_19,31,0.7346142530441284,1,0
drill_4mm_19,32,0.3548538088798523,1,0
drill_4mm_19,33,0.8271740078926086,1,0
drill_4mm_19,34,0.8114593029022217,1,0
drill_4mm_19,35,0.6389985680580139,1,0
drill_4mm_19,36,0.8964748382568359,1,0
drill_4mm_19,37,0.879544198513031,1,0
drill_4mm_19,38,0.5820398330688477,1,0
drill_4mm_19,39,0.9317491054534912,1,0
drill_4mm_19,40,0.8160335421562195,1,0
drill_4mm_19,41,0.8785663843154907,1,0
drill_4mm_19,42,0.848127007484436,1,0
drill_4mm_19,43,0.9035462141036987,1,0
drill_4mm_19,44,0.9065938591957092,1,1
drill_4mm_19,45,0.819865345954895,1,1
drill_4mm_19,46,0.7493957877159119,1,1
drill_4mm_19,47,0.6707400679588318,1,1
drill_4mm_19,48,0.9360635876655579,1,1
drill_4mm_19,49,0.9781614542007446,1,1
drill_4mm_19,50,0.951361894607544,1,1
drill_4mm_19,51,0.941547691822052,1,1
drill_4mm_19,52,0.7734625339508057,1,1
drill_4mm_19,53,0.8847372531890869,1,1
drill_4mm_20,1,0.006801499053835869,0,0
drill_4mm_20,2,0.07238501310348511,0,0
drill_4mm_20,3,0.01731375977396965,0,0
drill_4mm_20,4,0.18251778185367584,0,0
drill_4mm_20,5,0.3004888892173767,0,0
drill_4mm_20,6,0.8634259700775146,1,0
drill_4mm_20,7,0.2225208282470703,0,0
drill_4mm_20,8,0.247013121843338,0,0
drill_4mm_20,9,0.21077798306941986,0,0
drill_4mm_20,10,0.27581948041915894,0,0
drill_4mm_20,11,0.1700725108385086,0,0
drill_4mm_20,12,0.5408875942230225,0,0
drill_4mm_20,13,0.29831668734550476,1,0
drill_4mm_20,14,0.046891722828149796,0,0
drill_4mm_20,15,0.05081970989704132,0,0
drill_4mm_20,16,0.10644890367984772,0,0
drill_4mm_20,17,0.07345179468393326,0,0
drill_4mm_20,18,0.11522728204727173,0,0
drill_4mm_20,19,0.14589977264404297,0,0
drill_4mm_20,20,0.05251346901059151,0,0
drill_4mm_20,21,0.12055914849042892,0,0
drill_4mm_20,22,0.09758183360099792,0,0
drill_4mm_20,23,0.08893942087888718,0,0
drill_4mm_20,24,0.09613668918609619,0,0
drill_4mm_20,25,0.9597126245498657,0,0
drill_4mm_20,26,0.11040159314870834,0,0
drill_4mm_20,27,0.24973218142986298,0,0
drill_4mm_20,28,0.20156167447566986,0,0
drill_4mm_20,29,0.33812662959098816,0,1
drill_4mm_20,30,0.2721310257911682,0,1
drill_4mm_20,31,0.8734909892082214,0,1
drill_4mm_20,32,0.3547448217868805,1,1
drill_4mm_20,33,0.9503108859062195,1,1
drill_4mm_20,34,0.2912277579307556,1,1
drill_4mm_20,35,0.44442400336265564,1,1
drill_4mm_21,1,0.10298363119363785,0,0
drill_4mm_21,2,0.005446272436529398,0,0
drill_4mm_21,3,0.004939086735248566,0,0
drill_4mm_21,4,0.014374462887644768,0,0
drill_4mm_21,5,0.07747436314821243,0,0
drill_4mm_21,6,0.21342585980892181,0,0
drill_4mm_21,7,0.0972476378083229,0,0
drill_4mm_21,8,0.07256395369768143,0,0
drill_4mm_21,9,0.07376600801944733,0,0
drill_4mm_21,10,0.08673831820487976,0,0
drill_4mm_21,11,0.05053523927927017,0,0
drill_4mm_21,12,0.03798835352063179,0,0
drill_4mm_21,13,0.9685971140861511,0,0
drill_4mm_21,14,0.2503620386123657,1,0
drill_4mm_21,15,0.0482332818210125,0,0
drill_4mm_21,16,0.04674294963479042,0,0
drill_4mm_21,17,0.031966086477041245,0,0
drill_4mm_21,18,0.017648745328187943,0,0
drill_4mm_21,19,0.04163525253534317,0,0
drill_4mm_21,20,0.04372552037239075,0,0
drill_4mm_21,21,0.03335420787334442,0,0
drill_4mm_21,22,0.8144640922546387,0,0
drill_4mm_21,23,0.17490269243717194,1,0
drill_4mm_21,24,0.8687546253204346,1,1
drill_4mm_21,25,0.7090549468994141,1,1
drill_4mm_21,26,0.8445970416069031,1,1
drill_4mm_21,27,0.7437081336975098,1,1
drill_4mm_21,28,0.277891606092453,1,1
drill_4mm_22,1,0.0895124152302742,0,0
drill_4mm_22,2,0.008138081058859825,0,0
drill_4mm_22,3,0.046569179743528366,0,0
drill_4mm_22,4,0.027603480964899063,0,0
drill_4mm_22,5,0.06330475956201553,0,0
drill_4mm_22,6,0.22025321424007416,0,0
drill_4mm_22,7,0.11330687999725342,1,0
drill_4mm_22,8,0.029078004881739616,0,0
drill_4mm_22,9,0.026577237993478775,0,0
drill_4mm_22,10,0.058043330907821655,0,0
drill_4mm_22,11,0.23134885728359222,0,0
drill_4mm_22,12,0.015107687562704086,0,0
drill_4mm_22,13,0.22042183578014374,0,0
drill_4mm_22,14,0.22527755796909332,1,0
drill_4mm_22,15,0.24004046618938446,1,0
drill_4mm_22,16,0.045407142490148544,0,0
drill_4mm_22,17,0.16569064557552338,0,0
drill_4mm_22,18,0.11376696079969406,1,0
drill_4mm_22,19,0.12261413782835007,1,0
drill_4mm_22,20,0.02311340533196926,0,0
drill_4mm_22,21,0.0711510106921196,0,1
drill_4mm_22,22,0.7320704460144043,0,1
drill_4mm_22,23,0.7635339498519897,1,1
drill_4mm_22,24,0.8614900708198547,1,1
drill_4mm_23,1,0.22859515249729156,0,0
drill_4mm_23,2,0.0261221956461668,0,0
drill_4mm_23,3,0.020502258092164993,0,0
drill_4mm_23,4,0.06765536963939667,0,0
drill_4mm_23,5,0.5930516123771667,0,0
drill_4mm_23,6,0.18845102190971375,0,0
drill_4mm_23,7,0.031930502504110336,0,0
drill_4mm_23,8,0.0015757310902699828,0,0
drill_4mm_23,9,0.0019502335926517844,0,0
drill_4mm_23,10,0.03808562457561493,0,0
drill_4mm_23,11,0.09782880544662476,0,0
drill_4mm_23,12,0.14452341198921204,0,0
drill_4mm_23,13,0.14114733040332794,0,0
drill_4mm_23,14,0.10852769017219543,0,0
drill_4mm_23,15,0.08493982255458832,0,0
drill_4mm_23,16,0.09924545139074326,0,0
drill_4mm_23,17,0.05731547251343727,0,0
drill_4mm_23,18,0.3896365165710449,0,0
drill_4mm_23,19,0.14200137555599213,0,0
drill_4mm_23,20,0.08051842451095581,0,0
drill_4mm_23,21,0.07116817682981491,0,0
drill_4mm_23,22,0.1677224189043045,0,0
drill_4mm_23,23,0.052053071558475494,0,0
drill_4mm_23,24,0.06827879697084427,0,0
drill_4mm_23,25,0.03474097326397896,0,0
drill_4mm_23,26,0.6979524493217468,0,0
drill_4mm_23,27,0.32221370935440063,0,0
drill_4mm_23,28,0.7280994057655334,0,0
drill_4mm_23,29,0.8028886318206787,1,0
drill_4mm_23,30,0.3797336518764496,0,0
drill_4mm_23,31,0.384008526802063,0,0
drill_4mm_23,32,0.2320837527513504,0,0
drill_4mm_23,33,0.9658941626548767,0,1
drill_4mm_23,34,0.7521585822105408,1,1
drill_4mm_23,35,0.5501341819763184,0,1
drill_4mm_23,36,0.470163494348526,0,1
drill_4mm_23,37,0.4250347316265106,0,1
drill_4mm_23,38,0.5407148003578186,0,1
drill_4mm_23,39,0.9474186897277832,0,1
drill_4mm_23,40,0.9249612092971802,1,1
