drill,hole,score,label,threshold,prediction,drill_lead_time
drill_4mm_04_batch_00_collet_1_30-01-2025,1,0.004892191,0,0.1,0,1
drill_4mm_04_batch_00_collet_1_30-01-2025,2,0.005180408,0,0.1,0,1
drill_4mm_04_batch_00_collet_1_30-01-2025,3,0.0050259717,0,0.1,0,1
drill_4mm_04_batch_00_collet_1_30-01-2025,4,0.0048375777,0,0.1,0,1
drill_4mm_04_batch_00_collet_1_30-01-2025,5,0.0057846652,0,0.1,0,1
drill_4mm_04_batch_00_collet_1_30-01-2025,6,0.003942938,0,0.1,0,1
drill_4mm_04_batch_00_collet_1_30-01-2025,7,0.0059044207,0,0.1,0,1
drill_4mm_04_batch_00_collet_1_30-01-2025,8,0.006111032,0,0.1,0,1
drill_4mm_04_batch_00_collet_1_30-01-2025,9,0.0069826893,0,0.1,0,1
drill_4mm_04_batch_00_collet_1_30-01-2025,10,0.003690475,0,0.1,0,1
drill_4mm_04_batch_00_collet_1_30-01-2025,11,0.0025947134,0,0.1,0,1
drill_4mm_04_batch_00_collet_1_30-01-2025,12,0.0021492182,0,0.1,0,1
drill_4mm_04_batch_00_collet_1_30-01-2025,13,0.0030780463,0,0.1,0,1
drill_4mm_04_batch_00_collet_1_30-01-2025,14,0.0016864656,0,0.1,0,1
drill_4mm_04_batch_00_collet_1_30-01-2025,15,0.0037455452,0,0.1,0,1
drill_4mm_04_batch_00_collet_1_30-01-2025,16,0.0044536158,0,0.1,0,1
drill_4mm_04_batch_00_collet_1_30-01-2025,17,0.0025057695,0,0.1,0,1
drill_4mm_04_batch_00_collet_1_30-01-2025,18,0.00553083,0,0.1,0,1
drill_4mm_04_batch_00_collet_1_30-01-2025,19,0.0042230166,0,0.1,0,1
drill_4mm_04_batch_00_collet_1_30-01-2025,20,0.003028706,0,0.1,0,1
drill_4mm_04_batch_00_collet_1_30-01-2025,21,0.005056888,0,0.1,0,1
drill_4mm_04_batch_00_collet_1_30-01-2025,22,0.0024581417,0,0.1,0,1
drill_4mm_04_batch_00_collet_1_30-01-2025,23,0.003408746,0,0.1,0,1
drill_4mm_04_batch_00_collet_1_30-01-2025,24,0.0018917,0,0.1,0,1
drill_4mm_04_batch_00_collet_1_30-01-2025,25,0.00648324,0,0.1,0,1
drill_4mm_04_batch_00_collet_1_30-01-2025,26,0.0025804536,0,0.1,0,1
drill_4mm_04_batch_00_collet_1_30-01-2025,27,0.0028194485,0,0.1,0,1
drill_4mm_04_batch_00_collet_1_30-01-2025,28,0.006907419,0,0.1,0,1
drill_4mm_04_batch_00_collet_1_30-01-2025,29,0.011860204,0,0.1,0,1
drill_4mm_04_batch_00_collet_1_30-01-2025,30,0.02177049,0,0.1,0,1
drill_4mm_04_batch_00_collet_1_30-01-2025,31,0.08712447,0,0.1,0,1
drill_4mm_04_batch_00_collet_1_30-01-2025,32,0.0056023593,0,0.1,0,1
drill_4mm_04_batch_00_collet_1_30-01-2025,33,0.0051496783,0,0.1,0,1
drill_4mm_04_batch_00_collet_1_30-01-2025,34,0.0041687335,0,0.1,0,1
drill_4mm_04_batch_00_collet_1_30-01-2025,35,0.007450837,0,0.1,0,1
drill_4mm_04_batch_00_collet_1_30-01-2025,36,0.00545329,0,0.1,0,1
drill_4mm_04_batch_00_collet_1_30-01-2025,37,0.0063197375,0,0.1,0,1
drill_4mm_04_batch_00_collet_1_30-01-2025,38,0.0073393895,0,0.1,0,1
drill_4mm_04_batch_00_collet_1_30-01-2025,39,0.64920723,0,0.1,0,1
drill_4mm_04_batch_00_collet_1_30-01-2025,40,0.035566162,0,0.1,0,1
drill_4mm_04_batch_00_collet_1_30-01-2025,41,0.0073850853,0,0.1,0,1
drill_4mm_04_batch_00_collet_1_30-01-2025,42,0.0029285538,1,0.1,0,1
drill_4mm_04_batch_00_collet_1_30-01-2025,43,0.0034781613,1,0.1,0,1
drill_4mm_04_batch_00_collet_1_30-01-2025,44,0.01192952,1,0.1,0,1
drill_4mm_04_batch_00_collet_1_30-01-2025,45,0.006206375,1,0.1,0,1
drill_4mm_04_batch_00_collet_1_30-01-2025,46,0.0024267398,1,0.1,0,1
drill_4mm_04_batch_00_collet_1_30-01-2025,47,0.0123260245,1,0.1,0,1
drill_4mm_04_batch_00_collet_1_30-01-2025,48,0.0046272096,1,0.1,0,1
drill_4mm_04_batch_00_collet_1_30-01-2025,49,0.96122336,1,0.1,0,1
drill_4mm_04_batch_00_collet_1_30-01-2025,50,0.22512445,1,0.1,1,1
drill_4mm_04_batch_00_collet_1_30-01-2025,51,0.0021238613,1,0.1,0,1
drill_4mm_05_batch_00_collet_1_30-01-2025,1,0.027091106,0,0.1,0,63
drill_4mm_05_batch_00_collet_1_30-01-2025,2,0.0010292988,0,0.1,0,63
drill_4mm_05_batch_00_collet_1_30-01-2025,3,0.00056701433,0,0.1,0,63
drill_4mm_05_batch_00_collet_1_30-01-2025,4,0.0011791993,0,0.1,0,63
drill_4mm_05_batch_00_collet_1_30-01-2025,5,0.0019577828,0,0.1,0,63
drill_4mm_05_batch_00_collet_1_30-01-2025,6,0.0015370446,0,0.1,0,63
drill_4mm_05_batch_00_collet_1_30-01-2025,7,0.0009550192,0,0.1,0,63
drill_4mm_05_batch_00_collet_1_30-01-2025,8,0.006891165,0,0.1,0,63
drill_4mm_05_batch_00_collet_1_30-01-2025,9,0.0050233826,0,0.1,0,63
drill_4mm_05_batch_00_collet_1_30-01-2025,10,0.011722312,0,0.1,0,63
drill_4mm_05_batch_00_collet_1_30-01-2025,11,0.005026806,0,0.1,0,63
drill_4mm_05_batch_00_collet_1_30-01-2025,12,0.0045074066,0,0.1,0,63
drill_4mm_05_batch_00_collet_1_30-01-2025,13,0.013348917,0,0.1,0,63
drill_4mm_05_batch_00_collet_1_30-01-2025,14,0.0026328757,0,0.1,0,63
drill_4mm_05_batch_00_collet_1_30-01-2025,15,0.038983162,0,0.1,0,63
drill_4mm_05_batch_00_collet_1_30-01-2025,16,0.01343159,0,0.1,0,63
drill_4mm_05_batch_00_collet_1_30-01-2025,17,0.15434624,0,0.1,0,63
drill_4mm_05_batch_00_collet_1_30-01-2025,18,0.027138464,0,0.1,0,63
drill_4mm_05_batch_00_collet_1_30-01-2025,19,0.049181614,0,0.1,0,63
drill_4mm_05_batch_00_collet_1_30-01-2025,20,0.040204275,0,0.1,0,63
drill_4mm_05_batch_00_collet_1_30-01-2025,21,0.101283126,0,0.1,0,63
drill_4mm_05_batch_00_collet_1_30-01-2025,22,0.027148884,0,0.1,0,63
drill_4mm_05_batch_00_collet_1_30-01-2025,23,0.0033337208,0,0.1,0,63
drill_4mm_05_batch_00_collet_1_30-01-2025,24,0.06136334,0,0.1,0,63
drill_4mm_05_batch_00_collet_1_30-01-2025,25,0.025841491,0,0.1,0,63
drill_4mm_05_batch_00_collet_1_30-01-2025,26,0.0047303285,0,0.1,0,63
drill_4mm_05_batch_00_collet_1_30-01-2025,27,0.021364888,0,0.1,0,63
drill_4mm_05_batch_00_collet_1_30-01-2025,28,0.0063754036,0,0.1,0,63
drill_4mm_05_batch_00_collet_1_30-01-2025,29,0.02964873,0,0.1,0,63
drill_4mm_05_batch_00_collet_1_30-01-2025,30,0.033133775,0,0.1,0,63
drill_4mm_05_batch_00_collet_1_30-01-2025,31,0.031478055,0,0.1,0,63
drill_4mm_05_batch_00_collet_1_30-01-2025,32,0.016704258,0,0.1,0,63
drill_4mm_05_batch_00_collet_1_30-01-2025,33,0.05326073,0,0.1,0,63
drill_4mm_05_batch_00_collet_1_30-01-2025,34,0.019941874,0,0.1,0,63
drill_4mm_05_batch_00_collet_1_30-01-2025,35,0.045294397,0,0.1,0,63
drill_4mm_05_batch_00_collet_1_30-01-2025,36,0.02619508,0,0.1,0,63
drill_4mm_05_batch_00_collet_1_30-01-2025,37,0.0039918725,0,0.1,0,63
drill_4mm_05_batch_00_collet_1_30-01-2025,38,0.008689892,0,0.1,0,63
drill_4mm_05_batch_00_collet_1_30-01-2025,39,0.033996932,0,0.1,0,63
drill_4mm_05_batch_00_collet_1_30-01-2025,40,0.21967961,0,0.1,0,63
drill_4mm_05_batch_00_collet_1_30-01-2025,41,0.016533572,0,0.1,0,63
drill_4mm_05_batch_00_collet_1_30-01-2025,42,0.8593048,0,0.1,0,63
drill_4mm_05_batch_00_collet_1_30-01-2025,43,0.12348579,0,0.1,1,63
drill_4mm_05_batch_00_collet_1_30-01-2025,44,0.097533405,0,0.1,0,63
drill_4mm_05_batch_00_collet_1_30-01-2025,45,0.4507355,0,0.1,0,63
drill_4mm_05_batch_00_collet_1_30-01-2025,46,0.39323667,0,0.1,1,63
drill_4mm_05_batch_00_collet_1_30-01-2025,47,0.560152,0,0.1,1,63
drill_4mm_05_batch_00_collet_1_30-01-2025,48,0.20969172,0,0.1,1,63
drill_4mm_05_batch_00_collet_1_30-01-2025,49,0.32309645,0,0.1,1,63
drill_4mm_05_batch_00_collet_1_30-01-2025,50,0.25509924,0,0.1,1,63
drill_4mm_05_batch_00_collet_1_30-01-2025,51,0.40894657,0,0.1,1,63
drill_4mm_05_batch_00_collet_1_30-01-2025,52,0.13522416,0,0.1,1,63
drill_4mm_05_batch_00_collet_1_30-01-2025,53,0.016814182,0,0.1,0,63
drill_4mm_05_batch_00_collet_1_30-01-2025,54,0.021675436,0,0.1,0,63
drill_4mm_05_batch_00_collet_1_30-01-2025,55,0.1321968,0,0.1,0,63
drill_4mm_05_batch_00_collet_1_30-01-2025,56,0.39724347,0,0.1,1,63
drill_4mm_05_batch_00_collet_1_30-01-2025,57,0.02044079,0,0.1,0,63
drill_4mm_05_batch_00_collet_1_30-01-2025,58,0.036276918,0,0.1,0,63
drill_4mm_05_batch_00_collet_1_30-01-2025,59,0.020044439,0,0.1,0,63
drill_4mm_05_batch_00_collet_1_30-01-2025,60,0.09186423,0,0.1,0,63
drill_4mm_05_batch_00_collet_1_30-01-2025,61,0.061379302,0,0.1,0,63
drill_4mm_05_batch_00_collet_1_30-01-2025,62,0.6077087,0,0.1,0,63
drill_4mm_05_batch_00_collet_1_30-01-2025,63,0.20822515,0,0.1,1,63
drill_4mm_05_batch_00_collet_1_30-01-2025,64,0.36512163,0,0.1,1,63
drill_4mm_05_batch_00_collet_1_30-01-2025,65,0.08857799,0,0.1,0,63
drill_4mm_05_batch_00_collet_1_30-01-2025,66,0.12796842,0,0.1,0,63
drill_4mm_05_batch_00_collet_1_30-01-2025,67,0.2749218,0,0.1,1,63
drill_4mm_05_batch_00_collet_1_30-01-2025,68,0.8117932,0,0.1,1,63
drill_4mm_05_batch_00_collet_1_30-01-2025,69,0.46898898,0,0.1,1,63
drill_4mm_05_batch_00_collet_1_30-01-2025,70,0.5282562,0,0.1,1,63
drill_4mm_05_batch_00_collet_1_30-01-2025,71,0.35316336,0,0.1,1,63
drill_4mm_05_batch_00_collet_1_30-01-2025,72,0.2707665,0,0.1,1,63
drill_4mm_05_batch_00_collet_1_30-01-2025,73,0.4736901,0,0.1,1,63
drill_4mm_05_batch_00_collet_1_30-01-2025,74,0.728217,0,0.1,1,63
drill_4mm_05_batch_00_collet_1_30-01-2025,75,0.5308579,0,0.1,1,63
drill_4mm_05_batch_00_collet_1_30-01-2025,76,0.75929666,0,0.1,1,63
drill_4mm_05_batch_00_collet_1_30-01-2025,77,0.90133375,0,0.1,1,63
drill_4mm_05_batch_00_collet_1_30-01-2025,78,0.6266392,0,0.1,1,63
drill_4mm_05_batch_00_collet_1_30-01-2025,79,0.538534,0,0.1,1,63
drill_4mm_05_batch_00_collet_1_30-01-2025,80,0.52013284,0,0.1,1,63
drill_4mm_05_batch_00_collet_1_30-01-2025,81,0.58643353,0,0.1,1,63
drill_4mm_05_batch_00_collet_1_30-01-2025,82,0.70523703,0,0.1,1,63
drill_4mm_05_batch_00_collet_1_30-01-2025,83,0.49254844,0,0.1,1,63
drill_4mm_05_batch_00_collet_1_30-01-2025,84,0.5188627,0,0.1,1,63
drill_4mm_05_batch_00_collet_1_30-01-2025,85,0.16373757,0,0.1,1,63
drill_4mm_05_batch_00_collet_1_30-01-2025,86,0.4406663,1,0.1,1,63
drill_4mm_05_batch_00_collet_1_30-01-2025,87,0.64077574,1,0.1,1,63
drill_4mm_05_batch_00_collet_1_30-01-2025,88,0.22247654,1,0.1,1,63
drill_4mm_05_batch_00_collet_1_30-01-2025,89,0.40441987,1,0.1,1,63
drill_4mm_05_batch_00_collet_1_30-01-2025,90,0.7587394,1,0.1,1,63
drill_4mm_05_batch_00_collet_1_30-01-2025,91,0.7848108,1,0.1,1,63
drill_4mm_05_batch_00_collet_1_30-01-2025,92,0.49737576,1,0.1,1,63
drill_4mm_05_batch_00_collet_1_30-01-2025,93,0.91885495,1,0.1,1,63
drill_4mm_05_batch_00_collet_1_30-01-2025,94,0.9114466,1,0.1,1,63
drill_4mm_05_batch_00_collet_1_30-01-2025,95,0.34724164,1,0.1,1,63
drill_4mm_05_batch_00_collet_1_30-01-2025,96,0.95773596,1,0.1,1,63
drill_4mm_05_batch_00_collet_1_30-01-2025,97,0.136278,1,0.1,1,63
drill_4mm_05_batch_00_collet_1_30-01-2025,98,0.3352485,1,0.1,1,63
drill_4mm_05_batch_00_collet_1_30-01-2025,99,0.05569998,1,0.1,0,63
drill_4mm_05_batch_00_collet_1_30-01-2025,100,0.25379863,1,0.1,0,63
drill_4mm_05_batch_00_collet_1_30-01-2025,101,0.49402314,1,0.1,1,63
drill_4mm_05_batch_00_collet_1_30-01-2025,102,0.40809906,1,0.1,1,63
drill_4mm_05_batch_00_collet_1_30-01-2025,103,0.45621115,1,0.1,1,63
drill_4mm_05_batch_00_collet_1_30-01-2025,104,0.50503063,1,0.1,1,63
drill_4mm_05_batch_00_collet_1_30-01-2025,105,0.89859027,1,0.1,1,63
drill_4mm_05_batch_00_collet_1_30-01-2025,106,0.2637723,1,0.1,1,63
drill_4mm_06_batch_00_collet_1_30-01-2025,1,0.013343133,0,0.1,0,12
drill_4mm_06_batch_00_collet_1_30-01-2025,2,0.010675239,0,0.1,0,12
drill_4mm_06_batch_00_collet_1_30-01-2025,3,0.018487705,0,0.1,0,12
drill_4mm_06_batch_00_collet_1_30-01-2025,4,0.0150331715,0,0.1,0,12
drill_4mm_06_batch_00_collet_1_30-01-2025,5,0.0075476733,0,0.1,0,12
drill_4mm_06_batch_00_collet_1_30-01-2025,6,0.0060127084,0,0.1,0,12
drill_4mm_06_batch_00_collet_1_30-01-2025,7,0.021618031,0,0.1,0,12
drill_4mm_06_batch_00_collet_1_30-01-2025,8,0.0074102324,0,0.1,0,12
drill_4mm_06_batch_00_collet_1_30-01-2025,9,0.0073369797,0,0.1,0,12
drill_4mm_06_batch_00_collet_1_30-01-2025,10,0.026015406,0,0.1,0,12
drill_4mm_06_batch_00_collet_1_30-01-2025,11,0.03947716,0,0.1,0,12
drill_4mm_06_batch_00_collet_1_30-01-2025,12,0.1487545,0,0.1,0,12
drill_4mm_06_batch_00_collet_1_30-01-2025,13,0.18508007,0,0.1,1,12
drill_4mm_06_batch_00_collet_1_30-01-2025,14,0.14500624,0,0.1,1,12
drill_4mm_06_batch_00_collet_1_30-01-2025,15,0.2270539,0,0.1,1,12
drill_4mm_06_batch_00_collet_1_30-01-2025,16,0.18002401,0,0.1,1,12
drill_4mm_06_batch_00_collet_1_30-01-2025,17,0.27953148,0,0.1,1,12
drill_4mm_06_batch_00_collet_1_30-01-2025,18,0.73923665,0,0.1,1,12
drill_4mm_06_batch_00_collet_1_30-01-2025,19,0.26831016,0,0.1,1,12
drill_4mm_06_batch_00_collet_1_30-01-2025,20,0.3883738,0,0.1,1,12
drill_4mm_06_batch_00_collet_1_30-01-2025,21,0.6161807,1,0.1,1,12
drill_4mm_06_batch_00_collet_1_30-01-2025,22,0.74568117,1,0.1,1,12
drill_4mm_06_batch_00_collet_1_30-01-2025,23,0.8594314,1,0.1,1,12
drill_4mm_06_batch_00_collet_1_30-01-2025,24,0.5639343,1,0.1,1,12
drill_4mm_06_batch_00_collet_1_30-01-2025,25,0.9144737,1,0.1,1,12
drill_4mm_07_batch_00_collet_1_31-01-2025,1,0.01250993,0,0.820519208908081,0,0
drill_4mm_07_batch_00_collet_1_31-01-2025,2,0.0046611833,0,0.820519208908081,0,0
drill_4mm_07_batch_00_collet_1_31-01-2025,3,0.006919686,0,0.820519208908081,0,0
drill_4mm_07_batch_00_collet_1_31-01-2025,4,0.9050931,0,0.820519208908081,0,0
drill_4mm_07_batch_00_collet_1_31-01-2025,5,0.05935396,0,0.820519208908081,0,0
drill_4mm_07_batch_00_collet_1_31-01-2025,6,0.06016958,0,0.820519208908081,0,0
drill_4mm_07_batch_00_collet_1_31-01-2025,7,0.044993304,0,0.820519208908081,0,0
drill_4mm_07_batch_00_collet_1_31-01-2025,8,0.035842463,0,0.820519208908081,0,0
drill_4mm_07_batch_00_collet_1_31-01-2025,9,0.0113359,0,0.820519208908081,0,0
drill_4mm_07_batch_00_collet_1_31-01-2025,10,0.0023600694,0,0.820519208908081,0,0
drill_4mm_07_batch_00_collet_1_31-01-2025,11,0.07287033,0,0.820519208908081,0,0
drill_4mm_07_batch_00_collet_1_31-01-2025,12,0.45959798,0,0.820519208908081,0,0
drill_4mm_07_batch_00_collet_1_31-01-2025,13,0.14923592,0,0.820519208908081,0,0
drill_4mm_07_batch_00_collet_1_31-01-2025,14,0.5012074,0,0.820519208908081,0,0
drill_4mm_07_batch_00_collet_1_31-01-2025,15,0.1709738,0,0.820519208908081,0,0
drill_4mm_07_batch_00_collet_1_31-01-2025,16,0.3914752,0,0.820519208908081,0,0
drill_4mm_07_batch_00_collet_1_31-01-2025,17,0.4505469,0,0.820519208908081,0,0
drill_4mm_07_batch_00_collet_1_31-01-2025,18,0.5667618,0,0.820519208908081,0,0
drill_4mm_07_batch_00_collet_1_31-01-2025,19,0.44615775,0,0.820519208908081,0,0
drill_4mm_07_batch_00_collet_1_31-01-2025,20,0.35055423,0,0.820519208908081,0,0
drill_4mm_07_batch_00_collet_1_31-01-2025,21,0.6117289,0,0.820519208908081,0,0
drill_4mm_07_batch_00_collet_1_31-01-2025,22,0.5816043,0,0.820519208908081,0,0
drill_4mm_07_batch_00_collet_1_31-01-2025,23,0.3139231,0,0.820519208908081,0,0
drill_4mm_07_batch_00_collet_1_31-01-2025,24,0.12134087,0,0.820519208908081,0,0
drill_4mm_07_batch_00_collet_1_31-01-2025,25,0.35006532,0,0.820519208908081,0,0
drill_4mm_07_batch_00_collet_1_31-01-2025,26,0.13842459,0,0.820519208908081,0,0
drill_4mm_07_batch_00_collet_1_31-01-2025,27,0.25280705,1,0.820519208908081,0,0
drill_4mm_07_batch_00_collet_1_31-01-2025,28,0.038922463,1,0.820519208908081,0,0
drill_4mm_07_batch_00_collet_1_31-01-2025,29,0.022954317,1,0.820519208908081,0,0
drill_4mm_07_batch_00_collet_1_31-01-2025,30,0.030815756,1,0.820519208908081,0,0
drill_4mm_07_batch_00_collet_1_31-01-2025,31,0.81420165,1,0.820519208908081,0,0
drill_4mm_07_batch_00_collet_1_31-01-2025,32,0.20110561,1,0.820519208908081,0,0
drill_4mm_08_batch_00_collet_1_31-01-2025,1,0.026077908,0,0.1,0,0
drill_4mm_08_batch_00_collet_1_31-01-2025,2,0.0027539858,0,0.1,0,0
drill_4mm_08_batch_00_collet_1_31-01-2025,3,0.0026566756,0,0.1,0,0
drill_4mm_08_batch_00_collet_1_31-01-2025,4,0.0024155958,0,0.1,0,0
drill_4mm_08_batch_00_collet_1_31-01-2025,5,0.0015729999,0,0.1,0,0
drill_4mm_08_batch_00_collet_1_31-01-2025,6,0.003666129,0,0.1,0,0
drill_4mm_08_batch_00_collet_1_31-01-2025,7,0.6957294,0,0.1,0,0
drill_4mm_08_batch_00_collet_1_31-01-2025,8,0.017119432,0,0.1,0,0
drill_4mm_08_batch_00_collet_1_31-01-2025,9,0.011508707,0,0.1,0,0
drill_4mm_08_batch_00_collet_1_31-01-2025,10,0.05344418,0,0.1,0,0
drill_4mm_08_batch_00_collet_1_31-01-2025,11,0.054936647,0,0.1,0,0
drill_4mm_08_batch_00_collet_1_31-01-2025,12,0.029041188,0,0.1,0,0
drill_4mm_08_batch_00_collet_1_31-01-2025,13,0.006546698,0,0.1,0,0
drill_4mm_08_batch_00_collet_1_31-01-2025,14,0.008848994,0,0.1,0,0
drill_4mm_08_batch_00_collet_1_31-01-2025,15,0.0064396095,0,0.1,0,0
drill_4mm_08_batch_00_collet_1_31-01-2025,16,0.041769214,0,0.1,0,0
drill_4mm_08_batch_00_collet_1_31-01-2025,17,0.2196855,0,0.1,0,0
drill_4mm_08_batch_00_collet_1_31-01-2025,18,0.0135497665,1,0.1,0,0
drill_4mm_08_batch_00_collet_1_31-01-2025,19,0.88068813,1,0.1,0,0
drill_4mm_08_batch_00_collet_1_31-01-2025,20,0.014618363,1,0.1,0,0
drill_4mm_08_batch_00_collet_1_31-01-2025,21,0.007397767,1,0.1,0,0
drill_4mm_09_batch_00_collet_1_31-01-2025,1,0.03402548,0,0.1,0,43
drill_4mm_09_batch_00_collet_1_31-01-2025,2,0.0068673673,0,0.1,0,43
drill_4mm_09_batch_00_collet_1_31-01-2025,3,0.0057183243,0,0.1,0,43
drill_4mm_09_batch_00_collet_1_31-01-2025,4,0.0043554497,0,0.1,0,43
drill_4mm_09_batch_00_collet_1_31-01-2025,5,0.040244278,0,0.1,0,43
drill_4mm_09_batch_00_collet_1_31-01-2025,6,0.015786776,0,0.1,0,43
drill_4mm_09_batch_00_collet_1_31-01-2025,7,0.13356914,0,0.1,0,43
drill_4mm_09_batch_00_collet_1_31-01-2025,8,0.11858865,0,0.1,1,43
drill_4mm_09_batch_00_collet_1_31-01-2025,9,0.35767624,0,0.1,1,43
drill_4mm_09_batch_00_collet_1_31-01-2025,10,0.56293637,0,0.1,1,43
drill_4mm_09_batch_00_collet_1_31-01-2025,11,0.57958436,0,0.1,1,43
drill_4mm_09_batch_00_collet_1_31-01-2025,12,0.23863634,0,0.1,1,43
drill_4mm_09_batch_00_collet_1_31-01-2025,13,0.315348,0,0.1,1,43
drill_4mm_09_batch_00_collet_1_31-01-2025,14,0.021971691,0,0.1,0,43
drill_4mm_09_batch_00_collet_1_31-01-2025,15,0.3377288,0,0.1,0,43
drill_4mm_09_batch_00_collet_1_31-01-2025,16,0.4426592,0,0.1,1,43
drill_4mm_09_batch_00_collet_1_31-01-2025,17,0.6738177,0,0.1,1,43
drill_4mm_09_batch_00_collet_1_31-01-2025,18,0.33192214,0,0.1,1,43
drill_4mm_09_batch_00_collet_1_31-01-2025,19,0.7504274,0,0.1,1,43
drill_4mm_09_batch_00_collet_1_31-01-2025,20,0.81907845,0,0.1,1,43
drill_4mm_09_batch_00_collet_1_31-01-2025,21,0.75221246,0,0.1,1,43
drill_4mm_09_batch_00_collet_1_31-01-2025,22,0.7789931,0,0.1,1,43
drill_4mm_09_batch_00_collet_1_31-01-2025,23,0.6285202,0,0.1,1,43
drill_4mm_09_batch_00_collet_1_31-01-2025,24,0.7616456,0,0.1,1,43
drill_4mm_09_batch_00_collet_1_31-01-2025,25,0.42043984,0,0.1,1,43
drill_4mm_09_batch_00_collet_1_31-01-2025,26,0.93479884,0,0.1,1,43
drill_4mm_09_batch_00_collet_1_31-01-2025,27,0.9388307,0,0.1,1,43
drill_4mm_09_batch_00_collet_1_31-01-2025,28,0.87295955,0,0.1,1,43
drill_4mm_09_batch_00_collet_1_31-01-2025,29,0.9292411,0,0.1,1,43
drill_4mm_09_batch_00_collet_1_31-01-2025,30,0.83844,0,0.1,1,43
drill_4mm_09_batch_00_collet_1_31-01-2025,31,0.93411225,0,0.1,1,43
drill_4mm_09_batch_00_collet_1_31-01-2025,32,0.7860699,0,0.1,1,43
drill_4mm_09_batch_00_collet_1_31-01-2025,33,0.41754153,0,0.1,1,43
drill_4mm_09_batch_00_collet_1_31-01-2025,34,0.71102655,0,0.1,1,43
drill_4mm_09_batch_00_collet_1_31-01-2025,35,0.54724413,0,0.1,1,43
drill_4mm_09_batch_00_collet_1_31-01-2025,36,0.76989627,0,0.1,1,43
drill_4mm_09_batch_00_collet_1_31-01-2025,37,0.66220117,0,0.1,1,43
drill_4mm_09_batch_00_collet_1_31-01-2025,38,0.8283121,0,0.1,1,43
drill_4mm_09_batch_00_collet_1_31-01-2025,39,0.71075916,0,0.1,1,43
drill_4mm_09_batch_00_collet_1_31-01-2025,40,0.79245436,0,0.1,1,43
drill_4mm_09_batch_00_collet_1_31-01-2025,41,0.871823,0,0.1,1,43
drill_4mm_09_batch_00_collet_1_31-01-2025,42,0.37576303,1,0.1,1,43
drill_4mm_09_batch_00_collet_1_31-01-2025,43,0.2109406,1,0.1,1,43
drill_4mm_09_batch_00_collet_1_31-01-2025,44,0.9356635,1,0.1,1,43
drill_4mm_09_batch_00_collet_1_31-01-2025,45,0.9605287,1,0.1,1,43
drill_4mm_09_batch_00_collet_1_31-01-2025,46,0.44408894,1,0.1,1,43
drill_4mm_09_batch_00_collet_1_31-01-2025,47,0.696656,1,0.1,1,43
drill_4mm_09_batch_00_collet_1_31-01-2025,48,0.6767036,1,0.1,1,43
drill_4mm_09_batch_00_collet_1_31-01-2025,49,0.8671509,1,0.1,1,43
drill_4mm_09_batch_00_collet_1_31-01-2025,50,0.9609992,1,0.1,1,43
drill_4mm_09_batch_00_collet_1_31-01-2025,51,0.9879078,1,0.1,1,43
drill_4mm_10_batch_00_collet_1_04-02-2025,1,0.008257567,0,0.7466241121292114,0,15
drill_4mm_10_batch_00_collet_1_04-02-2025,2,0.8246866,0,0.7466241121292114,0,15
drill_4mm_10_batch_00_collet_1_04-02-2025,3,0.04406141,0,0.7466241121292114,0,15
drill_4mm_10_batch_00_collet_1_04-02-2025,4,0.010242142,0,0.7466241121292114,0,15
drill_4mm_10_batch_00_collet_1_04-02-2025,5,0.010873892,0,0.7466241121292114,0,15
drill_4mm_10_batch_00_collet_1_04-02-2025,6,0.061225202,0,0.7466241121292114,0,15
drill_4mm_10_batch_00_collet_1_04-02-2025,7,0.10949621,0,0.7466241121292114,0,15
drill_4mm_10_batch_00_collet_1_04-02-2025,8,0.09364396,0,0.7466241121292114,0,15
drill_4mm_10_batch_00_collet_1_04-02-2025,9,0.8526306,0,0.7466241121292114,0,15
drill_4mm_10_batch_00_collet_1_04-02-2025,10,0.43704298,0,0.7466241121292114,0,15
drill_4mm_10_batch_00_collet_1_04-02-2025,11,0.28990898,0,0.7466241121292114,0,15
drill_4mm_10_batch_00_collet_1_04-02-2025,12,0.04546224,0,0.7466241121292114,0,15
drill_4mm_10_batch_00_collet_1_04-02-2025,13,0.11251262,0,0.7466241121292114,0,15
drill_4mm_10_batch_00_collet_1_04-02-2025,14,0.47412798,0,0.7466241121292114,0,15
drill_4mm_10_batch_00_collet_1_04-02-2025,15,0.66808766,0,0.7466241121292114,0,15
drill_4mm_10_batch_00_collet_1_04-02-2025,16,0.47694516,0,0.7466241121292114,0,15
drill_4mm_10_batch_00_collet_1_04-02-2025,17,0.8104986,0,0.7466241121292114,0,15
drill_4mm_10_batch_00_collet_1_04-02-2025,18,0.73884016,0,0.7466241121292114,0,15
drill_4mm_10_batch_00_collet_1_04-02-2025,19,0.72654706,0,0.7466241121292114,0,15
drill_4mm_10_batch_00_collet_1_04-02-2025,20,0.32181007,0,0.7466241121292114,0,15
drill_4mm_10_batch_00_collet_1_04-02-2025,21,0.38810834,0,0.7466241121292114,0,15
drill_4mm_10_batch_00_collet_1_04-02-2025,22,0.87231433,0,0.7466241121292114,0,15
drill_4mm_10_batch_00_collet_1_04-02-2025,23,0.71058995,0,0.7466241121292114,0,15
drill_4mm_10_batch_00_collet_1_04-02-2025,24,0.65534586,0,0.7466241121292114,0,15
drill_4mm_10_batch_00_collet_1_04-02-2025,25,0.12288656,0,0.7466241121292114,0,15
drill_4mm_10_batch_00_collet_1_04-02-2025,26,0.8982229,0,0.7466241121292114,0,15
drill_4mm_10_batch_00_collet_1_04-02-2025,27,0.6426085,0,0.7466241121292114,0,15
drill_4mm_10_batch_00_collet_1_04-02-2025,28,0.7073577,0,0.7466241121292114,0,15
drill_4mm_10_batch_00_collet_1_04-02-2025,29,0.4227021,0,0.7466241121292114,0,15
drill_4mm_10_batch_00_collet_1_04-02-2025,30,0.25597277,0,0.7466241121292114,0,15
drill_4mm_10_batch_00_collet_1_04-02-2025,31,0.41588917,0,0.7466241121292114,0,15
drill_4mm_10_batch_00_collet_1_04-02-2025,32,0.15363967,0,0.7466241121292114,0,15
drill_4mm_10_batch_00_collet_1_04-02-2025,33,0.45742932,0,0.7466241121292114,0,15
drill_4mm_10_batch_00_collet_1_04-02-2025,34,0.21216772,0,0.7466241121292114,0,15
drill_4mm_10_batch_00_collet_1_04-02-2025,35,0.38274935,0,0.7466241121292114,0,15
drill_4mm_10_batch_00_collet_1_04-02-2025,36,0.15581778,0,0.7466241121292114,0,15
drill_4mm_10_batch_00_collet_1_04-02-2025,37,0.09581951,0,0.7466241121292114,0,15
drill_4mm_10_batch_00_collet_1_04-02-2025,38,0.39607835,0,0.7466241121292114,0,15
drill_4mm_10_batch_00_collet_1_04-02-2025,39,0.78149277,0,0.7466241121292114,0,15
drill_4mm_10_batch_00_collet_1_04-02-2025,40,0.4927197,0,0.7466241121292114,0,15
drill_4mm_10_batch_00_collet_1_04-02-2025,41,0.1946975,0,0.7466241121292114,0,15
drill_4mm_10_batch_00_collet_1_04-02-2025,42,0.678397,0,0.7466241121292114,0,15
drill_4mm_10_batch_00_collet_1_04-02-2025,43,0.82315296,0,0.7466241121292114,0,15
drill_4mm_10_batch_00_collet_1_04-02-2025,44,0.8140666,0,0.7466241121292114,1,15
drill_4mm_10_batch_00_collet_1_04-02-2025,45,0.5647036,0,0.7466241121292114,0,15
drill_4mm_10_batch_00_collet_1_04-02-2025,46,0.87425363,0,0.7466241121292114,0,15
drill_4mm_10_batch_00_collet_1_04-02-2025,47,0.79427934,0,0.7466241121292114,1,15
drill_4mm_10_batch_00_collet_1_04-02-2025,48,0.63033843,0,0.7466241121292114,0,15
drill_4mm_10_batch_00_collet_1_04-02-2025,49,0.4679745,1,0.7466241121292114,0,15
drill_4mm_10_batch_00_collet_1_04-02-2025,50,0.9005707,1,0.7466241121292114,0,15
drill_4mm_10_batch_00_collet_1_04-02-2025,51,0.9033813,1,0.7466241121292114,1,15
drill_4mm_10_batch_00_collet_1_04-02-2025,52,0.3939026,1,0.7466241121292114,0,15
drill_4mm_10_batch_00_collet_1_04-02-2025,53,0.60495406,1,0.7466241121292114,0,15
drill_4mm_10_batch_00_collet_1_04-02-2025,54,0.802254,1,0.7466241121292114,0,15
drill_4mm_10_batch_00_collet_1_04-02-2025,55,0.7331588,1,0.7466241121292114,0,15
drill_4mm_10_batch_00_collet_1_04-02-2025,56,0.67401975,1,0.7466241121292114,0,15
drill_4mm_10_batch_00_collet_1_04-02-2025,57,0.9266108,1,0.7466241121292114,0,15
drill_4mm_10_batch_00_collet_1_04-02-2025,58,0.92627597,1,0.7466241121292114,1,15
drill_4mm_10_batch_00_collet_1_04-02-2025,59,0.9003189,1,0.7466241121292114,1,15
drill_4mm_11_batch_00_collet_1_05-02-2025,1,0.006991456,0,0.1,0,4
drill_4mm_11_batch_00_collet_1_05-02-2025,2,0.00095824164,0,0.1,0,4
drill_4mm_11_batch_00_collet_1_05-02-2025,3,0.0045866347,0,0.1,0,4
drill_4mm_11_batch_00_collet_1_05-02-2025,4,0.024281682,0,0.1,0,4
drill_4mm_11_batch_00_collet_1_05-02-2025,5,0.02746988,0,0.1,0,4
drill_4mm_11_batch_00_collet_1_05-02-2025,6,0.09823443,0,0.1,0,4
drill_4mm_11_batch_00_collet_1_05-02-2025,7,0.051206004,0,0.1,0,4
drill_4mm_11_batch_00_collet_1_05-02-2025,8,0.032790717,0,0.1,0,4
drill_4mm_11_batch_00_collet_1_05-02-2025,9,0.027484728,0,0.1,0,4
drill_4mm_11_batch_00_collet_1_05-02-2025,10,0.11155512,0,0.1,0,4
drill_4mm_11_batch_00_collet_1_05-02-2025,11,0.066138975,0,0.1,0,4
drill_4mm_11_batch_00_collet_1_05-02-2025,12,0.10345749,0,0.1,0,4
drill_4mm_11_batch_00_collet_1_05-02-2025,13,0.03590406,0,0.1,0,4
drill_4mm_11_batch_00_collet_1_05-02-2025,14,0.44447505,0,0.1,0,4
drill_4mm_11_batch_00_collet_1_05-02-2025,15,0.5024654,0,0.1,1,4
drill_4mm_11_batch_00_collet_1_05-02-2025,16,0.97340775,0,0.1,1,4
drill_4mm_11_batch_00_collet_1_05-02-2025,17,0.90637106,1,0.1,1,4
drill_4mm_11_batch_00_collet_1_05-02-2025,18,0.868821,1,0.1,1,4
drill_4mm_11_batch_00_collet_1_05-02-2025,19,0.8596209,1,0.1,1,4
drill_4mm_12_batch_01_collet_1_05-02-2025,1,0.036677755,0,0.1,0,1
drill_4mm_12_batch_01_collet_1_05-02-2025,2,0.00351377,0,0.1,0,1
drill_4mm_12_batch_01_collet_1_05-02-2025,3,0.0015178322,0,0.1,0,1
drill_4mm_12_batch_01_collet_1_05-02-2025,4,0.001069703,0,0.1,0,1
drill_4mm_12_batch_01_collet_1_05-02-2025,5,0.0019556864,0,0.1,0,1
drill_4mm_12_batch_01_collet_1_05-02-2025,6,0.0030273641,0,0.1,0,1
drill_4mm_12_batch_01_collet_1_05-02-2025,7,0.0074737445,0,0.1,0,1
drill_4mm_12_batch_01_collet_1_05-02-2025,8,0.010077173,0,0.1,0,1
drill_4mm_12_batch_01_collet_1_05-02-2025,9,0.011789358,0,0.1,0,1
drill_4mm_12_batch_01_collet_1_05-02-2025,10,0.032515563,0,0.1,0,1
drill_4mm_12_batch_01_collet_1_05-02-2025,11,0.036884133,0,0.1,0,1
drill_4mm_12_batch_01_collet_1_05-02-2025,12,0.022063639,0,0.1,0,1
drill_4mm_12_batch_01_collet_1_05-02-2025,13,0.039327566,0,0.1,0,1
drill_4mm_12_batch_01_collet_1_05-02-2025,14,0.05495174,0,0.1,0,1
drill_4mm_12_batch_01_collet_1_05-02-2025,15,0.25516993,1,0.1,0,1
drill_4mm_12_batch_01_collet_1_05-02-2025,16,0.51932013,1,0.1,1,1
drill_4mm_12_batch_01_collet_1_05-02-2025,17,0.62579846,1,0.1,1,1
drill_4mm_13_batch_01_collet_1_05-02-2025,1,0.019184355,0,0.1,0,3
drill_4mm_13_batch_01_collet_1_05-02-2025,2,0.003671405,0,0.1,0,3
drill_4mm_13_batch_01_collet_1_05-02-2025,3,0.038163368,0,0.1,0,3
drill_4mm_13_batch_01_collet_1_05-02-2025,4,0.0029455938,0,0.1,0,3
drill_4mm_13_batch_01_collet_1_05-02-2025,5,0.020154051,0,0.1,0,3
drill_4mm_13_batch_01_collet_1_05-02-2025,6,0.1655604,0,0.1,0,3
drill_4mm_13_batch_01_collet_1_05-02-2025,7,0.023855584,0,0.1,0,3
drill_4mm_13_batch_01_collet_1_05-02-2025,8,0.107368454,0,0.1,0,3
drill_4mm_13_batch_01_collet_1_05-02-2025,9,0.022549728,0,0.1,0,3
drill_4mm_13_batch_01_collet_1_05-02-2025,10,0.03603459,0,0.1,0,3
drill_4mm_13_batch_01_collet_1_05-02-2025,11,0.021255862,0,0.1,0,3
drill_4mm_13_batch_01_collet_1_05-02-2025,12,0.004108805,0,0.1,0,3
drill_4mm_13_batch_01_collet_1_05-02-2025,13,0.018691499,0,0.1,0,3
drill_4mm_13_batch_01_collet_1_05-02-2025,14,0.1631942,0,0.1,0,3
drill_4mm_13_batch_01_collet_1_05-02-2025,15,0.2439076,0,0.1,1,3
drill_4mm_13_batch_01_collet_1_05-02-2025,16,0.53163177,1,0.1,1,3
drill_4mm_13_batch_01_collet_1_05-02-2025,17,0.7555886,1,0.1,1,3
drill_4mm_13_batch_01_collet_1_05-02-2025,18,0.64003336,1,0.1,1,3
drill_4mm_14_batch_01_collet_1_06-02-2025,1,0.014519428,0,0.1,0,10
drill_4mm_14_batch_01_collet_1_06-02-2025,2,0.0008004649,0,0.1,0,10
drill_4mm_14_batch_01_collet_1_06-02-2025,3,0.0017830464,0,0.1,0,10
drill_4mm_14_batch_01_collet_1_06-02-2025,4,0.001519161,0,0.1,0,10
drill_4mm_14_batch_01_collet_1_06-02-2025,5,0.00383837,0,0.1,0,10
drill_4mm_14_batch_01_collet_1_06-02-2025,6,0.0040198583,0,0.1,0,10
drill_4mm_14_batch_01_collet_1_06-02-2025,7,0.0042170356,0,0.1,0,10
drill_4mm_14_batch_01_collet_1_06-02-2025,8,0.0021806601,0,0.1,0,10
drill_4mm_14_batch_01_collet_1_06-02-2025,9,0.09291021,0,0.1,0,10
drill_4mm_14_batch_01_collet_1_06-02-2025,10,0.24450143,0,0.1,0,10
drill_4mm_14_batch_01_collet_1_06-02-2025,11,0.22409019,0,0.1,1,10
drill_4mm_14_batch_01_collet_1_06-02-2025,12,0.06066703,0,0.1,0,10
drill_4mm_14_batch_01_collet_1_06-02-2025,13,0.93343693,0,0.1,0,10
drill_4mm_14_batch_01_collet_1_06-02-2025,14,0.8784076,0,0.1,1,10
drill_4mm_14_batch_01_collet_1_06-02-2025,15,0.14251228,0,0.1,1,10
drill_4mm_14_batch_01_collet_1_06-02-2025,16,0.23837508,0,0.1,1,10
drill_4mm_14_batch_01_collet_1_06-02-2025,17,0.13741326,0,0.1,1,10
drill_4mm_14_batch_01_collet_1_06-02-2025,18,0.0976512,1,0.1,0,10
drill_4mm_14_batch_01_collet_1_06-02-2025,19,0.1826366,1,0.1,0,10
drill_4mm_14_batch_01_collet_1_06-02-2025,20,0.0623517,1,0.1,0,10
drill_4mm_14_batch_01_collet_1_06-02-2025,21,0.88701004,1,0.1,0,10
drill_4mm_15_batch_01_collet_1_06-02-2025,1,0.12191399,0,0.8077453374862671,0,0
drill_4mm_15_batch_01_collet_1_06-02-2025,2,0.0031141734,0,0.8077453374862671,0,0
drill_4mm_15_batch_01_collet_1_06-02-2025,3,0.0059154527,0,0.8077453374862671,0,0
drill_4mm_15_batch_01_collet_1_06-02-2025,4,0.8711464,0,0.8077453374862671,0,0
drill_4mm_15_batch_01_collet_1_06-02-2025,5,0.23713551,0,0.8077453374862671,0,0
drill_4mm_15_batch_01_collet_1_06-02-2025,6,0.0030450008,0,0.8077453374862671,0,0
drill_4mm_15_batch_01_collet_1_06-02-2025,7,0.48264292,0,0.8077453374862671,0,0
drill_4mm_15_batch_01_collet_1_06-02-2025,8,0.33988136,0,0.8077453374862671,0,0
drill_4mm_15_batch_01_collet_1_06-02-2025,9,0.7963123,0,0.8077453374862671,0,0
drill_4mm_15_batch_01_collet_1_06-02-2025,10,0.10591699,0,0.8077453374862671,0,0
drill_4mm_15_batch_01_collet_1_06-02-2025,11,0.037989303,0,0.8077453374862671,0,0
drill_4mm_15_batch_01_collet_1_06-02-2025,12,0.18342365,0,0.8077453374862671,0,0
drill_4mm_15_batch_01_collet_1_06-02-2025,13,0.34141898,0,0.8077453374862671,0,0
drill_4mm_15_batch_01_collet_1_06-02-2025,14,0.82807577,0,0.8077453374862671,0,0
drill_4mm_15_batch_01_collet_1_06-02-2025,15,0.4964705,0,0.8077453374862671,0,0
drill_4mm_15_batch_01_collet_1_06-02-2025,16,0.20612225,0,0.8077453374862671,0,0
drill_4mm_15_batch_01_collet_1_06-02-2025,17,0.18795031,0,0.8077453374862671,0,0
drill_4mm_15_batch_01_collet_1_06-02-2025,18,0.20219259,0,0.8077453374862671,0,0
drill_4mm_15_batch_01_collet_1_06-02-2025,19,0.11124431,0,0.8077453374862671,0,0
drill_4mm_15_batch_01_collet_1_06-02-2025,20,0.15455866,0,0.8077453374862671,0,0
drill_4mm_15_batch_01_collet_1_06-02-2025,21,0.078172535,0,0.8077453374862671,0,0
drill_4mm_15_batch_01_collet_1_06-02-2025,22,0.060149163,0,0.8077453374862671,0,0
drill_4mm_15_batch_01_collet_1_06-02-2025,23,0.0402991,0,0.8077453374862671,0,0
drill_4mm_15_batch_01_collet_1_06-02-2025,24,0.051197015,0,0.8077453374862671,0,0
drill_4mm_15_batch_01_collet_1_06-02-2025,25,0.020896798,0,0.8077453374862671,0,0
drill_4mm_15_batch_01_collet_1_06-02-2025,26,0.11322933,0,0.8077453374862671,0,0
drill_4mm_15_batch_01_collet_1_06-02-2025,27,0.058407463,0,0.8077453374862671,0,0
drill_4mm_15_batch_01_collet_1_06-02-2025,28,0.097800404,0,0.8077453374862671,0,0
drill_4mm_15_batch_01_collet_1_06-02-2025,29,0.08793587,0,0.8077453374862671,0,0
drill_4mm_15_batch_01_collet_1_06-02-2025,30,0.017406743,0,0.8077453374862671,0,0
drill_4mm_15_batch_01_collet_1_06-02-2025,31,0.5231981,0,0.8077453374862671,0,0
drill_4mm_15_batch_01_collet_1_06-02-2025,32,0.507361,0,0.8077453374862671,0,0
drill_4mm_15_batch_01_collet_1_06-02-2025,33,0.7694319,0,0.8077453374862671,0,0
drill_4mm_15_batch_01_collet_1_06-02-2025,34,0.21960588,0,0.8077453374862671,0,0
drill_4mm_15_batch_01_collet_1_06-02-2025,35,0.2669077,0,0.8077453374862671,0,0
drill_4mm_15_batch_01_collet_1_06-02-2025,36,0.41305318,0,0.8077453374862671,0,0
drill_4mm_15_batch_01_collet_1_06-02-2025,37,0.95309925,1,0.8077453374862671,0,0
drill_4mm_15_batch_01_collet_1_06-02-2025,38,0.8027519,1,0.8077453374862671,0,0
drill_4mm_15_batch_01_collet_1_06-02-2025,39,0.5625229,1,0.8077453374862671,0,0
drill_4mm_15_batch_01_collet_1_06-02-2025,40,0.56118745,1,0.8077453374862671,0,0
drill_4mm_15_batch_01_collet_1_06-02-2025,41,0.41253743,1,0.8077453374862671,0,0
drill_4mm_15_batch_01_collet_1_06-02-2025,42,0.35376745,1,0.8077453374862671,0,0
drill_4mm_15_batch_01_collet_1_06-02-2025,43,0.8676175,1,0.8077453374862671,0,0
drill_4mm_15_batch_01_collet_1_06-02-2025,44,0.81228316,1,0.8077453374862671,1,0
drill_4mm_16_batch_01_collet_1_06-02-2025,1,0.0040054643,0,0.1,0,23
drill_4mm_16_batch_01_collet_1_06-02-2025,2,0.0006120128,0,0.1,0,23
drill_4mm_16_batch_01_collet_1_06-02-2025,3,0.0010881993,0,0.1,0,23
drill_4mm_16_batch_01_collet_1_06-02-2025,4,0.0010621895,0,0.1,0,23
drill_4mm_16_batch_01_collet_1_06-02-2025,5,0.0035982665,0,0.1,0,23
drill_4mm_16_batch_01_collet_1_06-02-2025,6,0.0054533156,0,0.1,0,23
drill_4mm_16_batch_01_collet_1_06-02-2025,7,0.34050927,0,0.1,0,23
drill_4mm_16_batch_01_collet_1_06-02-2025,8,0.0049363733,0,0.1,0,23
drill_4mm_16_batch_01_collet_1_06-02-2025,9,0.016274545,0,0.1,0,23
drill_4mm_16_batch_01_collet_1_06-02-2025,10,0.03293072,0,0.1,0,23
drill_4mm_16_batch_01_collet_1_06-02-2025,11,0.101131745,0,0.1,0,23
drill_4mm_16_batch_01_collet_1_06-02-2025,12,0.029456798,0,0.1,0,23
drill_4mm_16_batch_01_collet_1_06-02-2025,13,0.0141709605,0,0.1,0,23
drill_4mm_16_batch_01_collet_1_06-02-2025,14,0.66049427,0,0.1,0,23
drill_4mm_16_batch_01_collet_1_06-02-2025,15,0.14327894,0,0.1,1,23
drill_4mm_16_batch_01_collet_1_06-02-2025,16,0.1901813,0,0.1,1,23
drill_4mm_16_batch_01_collet_1_06-02-2025,17,0.27447104,0,0.1,1,23
drill_4mm_16_batch_01_collet_1_06-02-2025,18,0.568373,0,0.1,1,23
drill_4mm_16_batch_01_collet_1_06-02-2025,19,0.16588679,0,0.1,1,23
drill_4mm_16_batch_01_collet_1_06-02-2025,20,0.023623468,0,0.1,0,23
drill_4mm_16_batch_01_collet_1_06-02-2025,21,0.009688253,0,0.1,0,23
drill_4mm_16_batch_01_collet_1_06-02-2025,22,0.07976845,0,0.1,0,23
drill_4mm_16_batch_01_collet_1_06-02-2025,23,0.033539962,0,0.1,0,23
drill_4mm_16_batch_01_collet_1_06-02-2025,24,0.03250141,0,0.1,0,23
drill_4mm_16_batch_01_collet_1_06-02-2025,25,0.025953246,0,0.1,0,23
drill_4mm_16_batch_01_collet_1_06-02-2025,26,0.009096416,0,0.1,0,23
drill_4mm_16_batch_01_collet_1_06-02-2025,27,0.03042927,0,0.1,0,23
drill_4mm_16_batch_01_collet_1_06-02-2025,28,0.013076274,0,0.1,0,23
drill_4mm_16_batch_01_collet_1_06-02-2025,29,0.24378957,0,0.1,0,23
drill_4mm_16_batch_01_collet_1_06-02-2025,30,0.52277005,0,0.1,1,23
drill_4mm_16_batch_01_collet_1_06-02-2025,31,0.20122291,0,0.1,1,23
drill_4mm_16_batch_01_collet_1_06-02-2025,32,0.050710507,1,0.1,0,23
drill_4mm_16_batch_01_collet_1_06-02-2025,33,0.93081874,1,0.1,0,23
drill_4mm_16_batch_01_collet_1_06-02-2025,34,0.69441855,1,0.1,1,23
drill_4mm_16_batch_01_collet_1_06-02-2025,35,0.3119098,1,0.1,1,23
drill_4mm_16_batch_01_collet_1_06-02-2025,36,0.2005338,1,0.1,1,23
drill_4mm_16_batch_01_collet_1_06-02-2025,37,0.3343023,1,0.1,1,23
drill_4mm_16_batch_01_collet_1_06-02-2025,38,0.8376835,1,0.1,1,23
drill_4mm_17_batch_01_collet_1_06-02-2025,1,0.9132481,0,0.8247367143630981,0,5
drill_4mm_17_batch_01_collet_1_06-02-2025,2,0.028133411,0,0.8247367143630981,0,5
drill_4mm_17_batch_01_collet_1_06-02-2025,3,0.003388588,0,0.8247367143630981,0,5
drill_4mm_17_batch_01_collet_1_06-02-2025,4,0.005384512,0,0.8247367143630981,0,5
drill_4mm_17_batch_01_collet_1_06-02-2025,5,0.01899807,0,0.8247367143630981,0,5
drill_4mm_17_batch_01_collet_1_06-02-2025,6,0.0029465505,0,0.8247367143630981,0,5
drill_4mm_17_batch_01_collet_1_06-02-2025,7,0.0642059,0,0.8247367143630981,0,5
drill_4mm_17_batch_01_collet_1_06-02-2025,8,0.0018578565,0,0.8247367143630981,0,5
drill_4mm_17_batch_01_collet_1_06-02-2025,9,0.8964708,0,0.8247367143630981,0,5
drill_4mm_17_batch_01_collet_1_06-02-2025,10,0.6873118,0,0.8247367143630981,0,5
drill_4mm_17_batch_01_collet_1_06-02-2025,11,0.016066447,0,0.8247367143630981,0,5
drill_4mm_17_batch_01_collet_1_06-02-2025,12,0.03744086,0,0.8247367143630981,0,5
drill_4mm_17_batch_01_collet_1_06-02-2025,13,0.8700604,0,0.8247367143630981,0,5
drill_4mm_17_batch_01_collet_1_06-02-2025,14,0.958584,0,0.8247367143630981,1,5
drill_4mm_17_batch_01_collet_1_06-02-2025,15,0.13586631,0,0.8247367143630981,0,5
drill_4mm_17_batch_01_collet_1_06-02-2025,16,0.57100827,0,0.8247367143630981,0,5
drill_4mm_17_batch_01_collet_1_06-02-2025,17,0.22218037,1,0.8247367143630981,0,5
drill_4mm_17_batch_01_collet_1_06-02-2025,18,0.07081275,1,0.8247367143630981,0,5
drill_4mm_17_batch_01_collet_1_06-02-2025,19,0.142959,1,0.8247367143630981,0,5
drill_4mm_18_batch_01_collet_1_07-02-2025,1,0.0027043908,0,0.3019118309020996,0,37
drill_4mm_18_batch_01_collet_1_07-02-2025,2,0.0035037266,0,0.3019118309020996,0,37
drill_4mm_18_batch_01_collet_1_07-02-2025,3,0.33506826,0,0.3019118309020996,0,37
drill_4mm_18_batch_01_collet_1_07-02-2025,4,0.0022244481,0,0.3019118309020996,0,37
drill_4mm_18_batch_01_collet_1_07-02-2025,5,0.0022031425,0,0.3019118309020996,0,37
drill_4mm_18_batch_01_collet_1_07-02-2025,6,0.0013481138,0,0.3019118309020996,0,37
drill_4mm_18_batch_01_collet_1_07-02-2025,7,0.005360402,0,0.3019118309020996,0,37
drill_4mm_18_batch_01_collet_1_07-02-2025,8,0.0013296746,0,0.3019118309020996,0,37
drill_4mm_18_batch_01_collet_1_07-02-2025,9,0.0014116518,0,0.3019118309020996,0,37
drill_4mm_18_batch_01_collet_1_07-02-2025,10,0.013725799,0,0.3019118309020996,0,37
drill_4mm_18_batch_01_collet_1_07-02-2025,11,0.0042298096,0,0.3019118309020996,0,37
drill_4mm_18_batch_01_collet_1_07-02-2025,12,0.006039041,0,0.3019118309020996,0,37
drill_4mm_18_batch_01_collet_1_07-02-2025,13,0.007833792,0,0.3019118309020996,0,37
drill_4mm_18_batch_01_collet_1_07-02-2025,14,0.015839517,0,0.3019118309020996,0,37
drill_4mm_18_batch_01_collet_1_07-02-2025,15,0.005655021,0,0.3019118309020996,0,37
drill_4mm_18_batch_01_collet_1_07-02-2025,16,0.0059835115,0,0.3019118309020996,0,37
drill_4mm_18_batch_01_collet_1_07-02-2025,17,0.005902093,0,0.3019118309020996,0,37
drill_4mm_18_batch_01_collet_1_07-02-2025,18,0.0059835115,0,0.3019118309020996,0,37
drill_4mm_18_batch_01_collet_1_07-02-2025,19,0.005851347,0,0.3019118309020996,0,37
drill_4mm_18_batch_01_collet_1_07-02-2025,20,0.0039972584,0,0.3019118309020996,0,37
drill_4mm_18_batch_01_collet_1_07-02-2025,21,0.0052768216,0,0.3019118309020996,0,37
drill_4mm_18_batch_01_collet_1_07-02-2025,22,0.0047096643,0,0.3019118309020996,0,37
drill_4mm_18_batch_01_collet_1_07-02-2025,23,0.0073743025,0,0.3019118309020996,0,37
drill_4mm_18_batch_01_collet_1_07-02-2025,24,0.007142732,0,0.3019118309020996,0,37
drill_4mm_18_batch_01_collet_1_07-02-2025,25,0.0128451,0,0.3019118309020996,0,37
drill_4mm_18_batch_01_collet_1_07-02-2025,26,0.006716687,0,0.3019118309020996,0,37
drill_4mm_18_batch_01_collet_1_07-02-2025,27,0.0027705256,0,0.3019118309020996,0,37
drill_4mm_18_batch_01_collet_1_07-02-2025,28,0.024967698,0,0.3019118309020996,0,37
drill_4mm_18_batch_01_collet_1_07-02-2025,29,0.0032456827,0,0.3019118309020996,0,37
drill_4mm_18_batch_01_collet_1_07-02-2025,30,0.059768666,0,0.3019118309020996,0,37
drill_4mm_18_batch_01_collet_1_07-02-2025,31,0.011747318,0,0.3019118309020996,0,37
drill_4mm_18_batch_01_collet_1_07-02-2025,32,0.018015366,0,0.3019118309020996,0,37
drill_4mm_18_batch_01_collet_1_07-02-2025,33,0.09541696,0,0.3019118309020996,0,37
drill_4mm_18_batch_01_collet_1_07-02-2025,34,0.0011333816,0,0.3019118309020996,0,37
drill_4mm_18_batch_01_collet_1_07-02-2025,35,0.0029242197,0,0.3019118309020996,0,37
drill_4mm_18_batch_01_collet_1_07-02-2025,36,0.0018253833,0,0.3019118309020996,0,37
drill_4mm_18_batch_01_collet_1_07-02-2025,37,0.12211605,0,0.3019118309020996,0,37
drill_4mm_18_batch_01_collet_1_07-02-2025,38,0.19901368,0,0.3019118309020996,0,37
drill_4mm_18_batch_01_collet_1_07-02-2025,39,0.06108931,0,0.3019118309020996,0,37
drill_4mm_18_batch_01_collet_1_07-02-2025,40,0.08206145,0,0.3019118309020996,0,37
drill_4mm_18_batch_01_collet_1_07-02-2025,41,0.06480224,0,0.3019118309020996,0,37
drill_4mm_18_batch_01_collet_1_07-02-2025,42,0.29384255,0,0.3019118309020996,0,37
drill_4mm_18_batch_01_collet_1_07-02-2025,43,0.6615194,0,0.3019118309020996,0,37
drill_4mm_18_batch_01_collet_1_07-02-2025,44,0.6829337,0,0.3019118309020996,1,37
drill_4mm_18_batch_01_collet_1_07-02-2025,45,0.8717029,0,0.3019118309020996,1,37
drill_4mm_18_batch_01_collet_1_07-02-2025,46,0.6783317,0,0.3019118309020996,1,37
drill_4mm_18_batch_01_collet_1_07-02-2025,47,0.5966946,0,0.3019118309020996,1,37
drill_4mm_18_batch_01_collet_1_07-02-2025,48,0.67743814,0,0.3019118309020996,1,37
drill_4mm_18_batch_01_collet_1_07-02-2025,49,0.36268422,0,0.3019118309020996,1,37
drill_4mm_18_batch_01_collet_1_07-02-2025,50,0.09243355,0,0.3019118309020996,0,37
drill_4mm_18_batch_01_collet_1_07-02-2025,51,0.50623596,0,0.3019118309020996,0,37
drill_4mm_18_batch_01_collet_1_07-02-2025,52,0.63074934,0,0.3019118309020996,1,37
drill_4mm_18_batch_01_collet_1_07-02-2025,53,0.7669255,0,0.3019118309020996,1,37
drill_4mm_18_batch_01_collet_1_07-02-2025,54,0.062632434,0,0.3019118309020996,0,37
drill_4mm_18_batch_01_collet_1_07-02-2025,55,0.60465235,0,0.3019118309020996,0,37
drill_4mm_18_batch_01_collet_1_07-02-2025,56,0.2717616,0,0.3019118309020996,0,37
drill_4mm_18_batch_01_collet_1_07-02-2025,57,0.3742823,0,0.3019118309020996,0,37
drill_4mm_18_batch_01_collet_1_07-02-2025,58,0.09108275,0,0.3019118309020996,0,37
drill_4mm_18_batch_01_collet_1_07-02-2025,59,0.44553876,0,0.3019118309020996,0,37
drill_4mm_18_batch_01_collet_1_07-02-2025,60,0.48055887,0,0.3019118309020996,1,37
drill_4mm_18_batch_01_collet_1_07-02-2025,61,0.5377032,0,0.3019118309020996,1,37
drill_4mm_18_batch_01_collet_1_07-02-2025,62,0.60112447,0,0.3019118309020996,1,37
drill_4mm_18_batch_01_collet_1_07-02-2025,63,0.3607023,0,0.3019118309020996,1,37
drill_4mm_18_batch_01_collet_1_07-02-2025,64,0.5127279,0,0.3019118309020996,1,37
drill_4mm_18_batch_01_collet_1_07-02-2025,65,0.2520021,0,0.3019118309020996,0,37
drill_4mm_18_batch_01_collet_1_07-02-2025,66,0.60873085,1,0.3019118309020996,0,37
drill_4mm_18_batch_01_collet_1_07-02-2025,67,0.3988961,1,0.3019118309020996,1,37
drill_4mm_18_batch_01_collet_1_07-02-2025,68,0.6466703,1,0.3019118309020996,1,37
drill_4mm_18_batch_01_collet_1_07-02-2025,69,0.6210025,1,0.3019118309020996,1,37
drill_4mm_18_batch_01_collet_1_07-02-2025,70,0.585627,1,0.3019118309020996,1,37
drill_4mm_18_batch_01_collet_1_07-02-2025,71,0.44864735,1,0.3019118309020996,1,37
drill_4mm_18_batch_01_collet_1_07-02-2025,72,0.53936243,1,0.3019118309020996,1,37
drill_4mm_18_batch_01_collet_1_07-02-2025,73,0.26796553,1,0.3019118309020996,0,37
drill_4mm_18_batch_01_collet_1_07-02-2025,74,0.3861473,1,0.3019118309020996,0,37
drill_4mm_18_batch_01_collet_1_07-02-2025,75,0.6555003,1,0.3019118309020996,1,37
drill_4mm_18_batch_01_collet_1_07-02-2025,76,0.8403163,1,0.3019118309020996,1,37
drill_4mm_18_batch_01_collet_1_07-02-2025,77,0.40120858,1,0.3019118309020996,1,37
drill_4mm_18_batch_01_collet_1_07-02-2025,78,0.9220419,1,0.3019118309020996,1,37
drill_4mm_18_batch_01_collet_1_07-02-2025,79,0.8823101,1,0.3019118309020996,1,37
drill_4mm_18_batch_01_collet_1_07-02-2025,80,0.940799,1,0.3019118309020996,1,37
drill_4mm_18_batch_01_collet_1_07-02-2025,81,0.88395536,1,0.3019118309020996,1,37
drill_4mm_19_batch_02_collet_1_13-02-2025,1,0.004717234,0,0.1168266236782074,0,42
drill_4mm_19_batch_02_collet_1_13-02-2025,2,0.0026251327,0,0.1168266236782074,0,42
drill_4mm_19_batch_02_collet_1_13-02-2025,3,0.11806186,0,0.1168266236782074,0,42
drill_4mm_19_batch_02_collet_1_13-02-2025,4,0.057187147,0,0.1168266236782074,0,42
drill_4mm_19_batch_02_collet_1_13-02-2025,5,0.105709426,0,0.1168266236782074,0,42
drill_4mm_19_batch_02_collet_1_13-02-2025,6,0.041640114,0,0.1168266236782074,0,42
drill_4mm_19_batch_02_collet_1_13-02-2025,7,0.066973686,0,0.1168266236782074,0,42
drill_4mm_19_batch_02_collet_1_13-02-2025,8,0.0664061,0,0.1168266236782074,0,42
drill_4mm_19_batch_02_collet_1_13-02-2025,9,0.08758204,0,0.1168266236782074,0,42
drill_4mm_19_batch_02_collet_1_13-02-2025,10,0.79893804,0,0.1168266236782074,0,42
drill_4mm_19_batch_02_collet_1_13-02-2025,11,0.9021712,0,0.1168266236782074,1,42
drill_4mm_19_batch_02_collet_1_13-02-2025,12,0.22289775,0,0.1168266236782074,1,42
drill_4mm_19_batch_02_collet_1_13-02-2025,13,0.1181056,0,0.1168266236782074,1,42
drill_4mm_19_batch_02_collet_1_13-02-2025,14,0.5235599,0,0.1168266236782074,1,42
drill_4mm_19_batch_02_collet_1_13-02-2025,15,0.31245238,0,0.1168266236782074,1,42
drill_4mm_19_batch_02_collet_1_13-02-2025,16,0.6186945,0,0.1168266236782074,1,42
drill_4mm_19_batch_02_collet_1_13-02-2025,17,0.6033934,0,0.1168266236782074,1,42
drill_4mm_19_batch_02_collet_1_13-02-2025,18,0.8299265,0,0.1168266236782074,1,42
drill_4mm_19_batch_02_collet_1_13-02-2025,19,0.4369089,0,0.1168266236782074,1,42
drill_4mm_19_batch_02_collet_1_13-02-2025,20,0.8055789,0,0.1168266236782074,1,42
drill_4mm_19_batch_02_collet_1_13-02-2025,21,0.95545757,0,0.1168266236782074,1,42
drill_4mm_19_batch_02_collet_1_13-02-2025,22,0.8454871,0,0.1168266236782074,1,42
drill_4mm_19_batch_02_collet_1_13-02-2025,23,0.41007334,0,0.1168266236782074,1,42
drill_4mm_19_batch_02_collet_1_13-02-2025,24,0.6092505,0,0.1168266236782074,1,42
drill_4mm_19_batch_02_collet_1_13-02-2025,25,0.7893009,0,0.1168266236782074,1,42
drill_4mm_19_batch_02_collet_1_13-02-2025,26,0.84501153,0,0.1168266236782074,1,42
drill_4mm_19_batch_02_collet_1_13-02-2025,27,0.75831544,0,0.1168266236782074,1,42
drill_4mm_19_batch_02_collet_1_13-02-2025,28,0.37020162,0,0.1168266236782074,1,42
drill_4mm_19_batch_02_collet_1_13-02-2025,29,0.5535425,0,0.1168266236782074,1,42
drill_4mm_19_batch_02_collet_1_13-02-2025,30,0.34668106,0,0.1168266236782074,1,42
drill_4mm_19_batch_02_collet_1_13-02-2025,31,0.84692675,0,0.1168266236782074,1,42
drill_4mm_19_batch_02_collet_1_13-02-2025,32,0.4151101,0,0.1168266236782074,1,42
drill_4mm_19_batch_02_collet_1_13-02-2025,33,0.81132233,0,0.1168266236782074,1,42
drill_4mm_19_batch_02_collet_1_13-02-2025,34,0.86318547,0,0.1168266236782074,1,42
drill_4mm_19_batch_02_collet_1_13-02-2025,35,0.79317325,0,0.1168266236782074,1,42
drill_4mm_19_batch_02_collet_1_13-02-2025,36,0.8868774,0,0.1168266236782074,1,42
drill_4mm_19_batch_02_collet_1_13-02-2025,37,0.7518673,0,0.1168266236782074,1,42
drill_4mm_19_batch_02_collet_1_13-02-2025,38,0.74027526,0,0.1168266236782074,1,42
drill_4mm_19_batch_02_collet_1_13-02-2025,39,0.78630096,0,0.1168266236782074,1,42
drill_4mm_19_batch_02_collet_1_13-02-2025,40,0.7652568,0,0.1168266236782074,1,42
drill_4mm_19_batch_02_collet_1_13-02-2025,41,0.8814276,0,0.1168266236782074,1,42
drill_4mm_19_batch_02_collet_1_13-02-2025,42,0.81866026,0,0.1168266236782074,1,42
drill_4mm_19_batch_02_collet_1_13-02-2025,43,0.91401196,0,0.1168266236782074,1,42
drill_4mm_19_batch_02_collet_1_13-02-2025,44,0.8724082,1,0.1168266236782074,1,42
drill_4mm_19_batch_02_collet_1_13-02-2025,45,0.8931023,1,0.1168266236782074,1,42
drill_4mm_19_batch_02_collet_1_13-02-2025,46,0.8544997,1,0.1168266236782074,1,42
drill_4mm_19_batch_02_collet_1_13-02-2025,47,0.909719,1,0.1168266236782074,1,42
drill_4mm_19_batch_02_collet_1_13-02-2025,48,0.95146304,1,0.1168266236782074,1,42
drill_4mm_19_batch_02_collet_1_13-02-2025,49,0.99135053,1,0.1168266236782074,1,42
drill_4mm_19_batch_02_collet_1_13-02-2025,50,0.98020524,1,0.1168266236782074,1,42
drill_4mm_19_batch_02_collet_1_13-02-2025,51,0.9590852,1,0.1168266236782074,1,42
drill_4mm_19_batch_02_collet_1_13-02-2025,52,0.6490765,1,0.1168266236782074,1,42
drill_4mm_19_batch_02_collet_1_13-02-2025,53,0.90852267,1,0.1168266236782074,1,42
drill_4mm_20_batch_03_collet_1_13-02-2025,1,0.0078004766,0,0.19785378873348236,0,29
drill_4mm_20_batch_03_collet_1_13-02-2025,2,0.04973491,0,0.19785378873348236,0,29
drill_4mm_20_batch_03_collet_1_13-02-2025,3,0.0058311084,0,0.19785378873348236,0,29
drill_4mm_20_batch_03_collet_1_13-02-2025,4,0.17224894,0,0.19785378873348236,0,29
drill_4mm_20_batch_03_collet_1_13-02-2025,5,0.20069876,0,0.19785378873348236,0,29
drill_4mm_20_batch_03_collet_1_13-02-2025,6,0.81661063,0,0.19785378873348236,1,29
drill_4mm_20_batch_03_collet_1_13-02-2025,7,0.466536,0,0.19785378873348236,1,29
drill_4mm_20_batch_03_collet_1_13-02-2025,8,0.22337615,0,0.19785378873348236,1,29
drill_4mm_20_batch_03_collet_1_13-02-2025,9,0.35487935,0,0.19785378873348236,1,29
drill_4mm_20_batch_03_collet_1_13-02-2025,10,0.25282916,0,0.19785378873348236,1,29
drill_4mm_20_batch_03_collet_1_13-02-2025,11,0.2964186,0,0.19785378873348236,1,29
drill_4mm_20_batch_03_collet_1_13-02-2025,12,0.6737079,0,0.19785378873348236,1,29
drill_4mm_20_batch_03_collet_1_13-02-2025,13,0.42527887,0,0.19785378873348236,1,29
drill_4mm_20_batch_03_collet_1_13-02-2025,14,0.0401666,0,0.19785378873348236,0,29
drill_4mm_20_batch_03_collet_1_13-02-2025,15,0.062182836,0,0.19785378873348236,0,29
drill_4mm_20_batch_03_collet_1_13-02-2025,16,0.1995924,0,0.19785378873348236,0,29
drill_4mm_20_batch_03_collet_1_13-02-2025,17,0.0678234,0,0.19785378873348236,0,29
drill_4mm_20_batch_03_collet_1_13-02-2025,18,0.26630712,0,0.19785378873348236,0,29
drill_4mm_20_batch_03_collet_1_13-02-2025,19,0.21392512,0,0.19785378873348236,1,29
drill_4mm_20_batch_03_collet_1_13-02-2025,20,0.04521492,0,0.19785378873348236,0,29
drill_4mm_20_batch_03_collet_1_13-02-2025,21,0.054712128,0,0.19785378873348236,0,29
drill_4mm_20_batch_03_collet_1_13-02-2025,22,0.18743312,0,0.19785378873348236,0,29
drill_4mm_20_batch_03_collet_1_13-02-2025,23,0.029510269,0,0.19785378873348236,0,29
drill_4mm_20_batch_03_collet_1_13-02-2025,24,0.33379254,0,0.19785378873348236,0,29
drill_4mm_20_batch_03_collet_1_13-02-2025,25,0.771647,0,0.19785378873348236,1,29
drill_4mm_20_batch_03_collet_1_13-02-2025,26,0.069239184,0,0.19785378873348236,0,29
drill_4mm_20_batch_03_collet_1_13-02-2025,27,0.046988305,0,0.19785378873348236,0,29
drill_4mm_20_batch_03_collet_1_13-02-2025,28,0.05652813,0,0.19785378873348236,0,29
drill_4mm_20_batch_03_collet_1_13-02-2025,29,0.12303894,1,0.19785378873348236,0,29
drill_4mm_20_batch_03_collet_1_13-02-2025,30,0.34932652,1,0.19785378873348236,0,29
drill_4mm_20_batch_03_collet_1_13-02-2025,31,0.6152468,1,0.19785378873348236,1,29
drill_4mm_20_batch_03_collet_1_13-02-2025,32,0.69685674,1,0.19785378873348236,1,29
drill_4mm_20_batch_03_collet_1_13-02-2025,33,0.95451355,1,0.19785378873348236,1,29
drill_4mm_20_batch_03_collet_1_13-02-2025,34,0.13157867,1,0.19785378873348236,0,29
drill_4mm_20_batch_03_collet_1_13-02-2025,35,0.4725461,1,0.19785378873348236,0,29
drill_4mm_21_batch_02_collet_2_14-02-2025,1,0.08653592,0,0.1,0,17
drill_4mm_21_batch_02_collet_2_14-02-2025,2,0.0071733594,0,0.1,0,17
drill_4mm_21_batch_02_collet_2_14-02-2025,3,0.009876404,0,0.1,0,17
drill_4mm_21_batch_02_collet_2_14-02-2025,4,0.01718076,0,0.1,0,17
drill_4mm_21_batch_02_collet_2_14-02-2025,5,0.04995349,0,0.1,0,17
drill_4mm_21_batch_02_collet_2_14-02-2025,6,0.09481982,0,0.1,0,17
drill_4mm_21_batch_02_collet_2_14-02-2025,7,0.051060323,0,0.1,0,17
drill_4mm_21_batch_02_collet_2_14-02-2025,8,0.0655124,0,0.1,0,17
drill_4mm_21_batch_02_collet_2_14-02-2025,9,0.054206833,0,0.1,0,17
drill_4mm_21_batch_02_collet_2_14-02-2025,10,0.2019211,0,0.1,0,17
drill_4mm_21_batch_02_collet_2_14-02-2025,11,0.102514505,0,0.1,1,17
drill_4mm_21_batch_02_collet_2_14-02-2025,12,0.08395262,0,0.1,0,17
drill_4mm_21_batch_02_collet_2_14-02-2025,13,0.9082528,0,0.1,0,17
drill_4mm_21_batch_02_collet_2_14-02-2025,14,0.16298987,0,0.1,1,17
drill_4mm_21_batch_02_collet_2_14-02-2025,15,0.09938371,0,0.1,0,17
drill_4mm_21_batch_02_collet_2_14-02-2025,16,0.03844853,0,0.1,0,17
drill_4mm_21_batch_02_collet_2_14-02-2025,17,0.04262333,0,0.1,0,17
drill_4mm_21_batch_02_collet_2_14-02-2025,18,0.04092193,0,0.1,0,17
drill_4mm_21_batch_02_collet_2_14-02-2025,19,0.010757234,0,0.1,0,17
drill_4mm_21_batch_02_collet_2_14-02-2025,20,0.06465842,0,0.1,0,17
drill_4mm_21_batch_02_collet_2_14-02-2025,21,0.048403792,0,0.1,0,17
drill_4mm_21_batch_02_collet_2_14-02-2025,22,0.7420135,0,0.1,0,17
drill_4mm_21_batch_02_collet_2_14-02-2025,23,0.10422289,0,0.1,1,17
drill_4mm_21_batch_02_collet_2_14-02-2025,24,0.6188656,1,0.1,1,17
drill_4mm_21_batch_02_collet_2_14-02-2025,25,0.20766102,1,0.1,1,17
drill_4mm_21_batch_02_collet_2_14-02-2025,26,0.67883396,1,0.1,1,17
drill_4mm_21_batch_02_collet_2_14-02-2025,27,0.5068314,1,0.1,1,17
drill_4mm_21_batch_02_collet_2_14-02-2025,28,0.39277777,1,0.1,1,17
drill_4mm_22_batch_03_collet_2_14-02-2025,1,0.048137788,0,0.1,0,10
drill_4mm_22_batch_03_collet_2_14-02-2025,2,0.009972063,0,0.1,0,10
drill_4mm_22_batch_03_collet_2_14-02-2025,3,0.049158506,0,0.1,0,10
drill_4mm_22_batch_03_collet_2_14-02-2025,4,0.030986296,0,0.1,0,10
drill_4mm_22_batch_03_collet_2_14-02-2025,5,0.044540793,0,0.1,0,10
drill_4mm_22_batch_03_collet_2_14-02-2025,6,0.058901563,0,0.1,0,10
drill_4mm_22_batch_03_collet_2_14-02-2025,7,0.053127486,0,0.1,0,10
drill_4mm_22_batch_03_collet_2_14-02-2025,8,0.028177198,0,0.1,0,10
drill_4mm_22_batch_03_collet_2_14-02-2025,9,0.025330735,0,0.1,0,10
drill_4mm_22_batch_03_collet_2_14-02-2025,10,0.040817413,0,0.1,0,10
drill_4mm_22_batch_03_collet_2_14-02-2025,11,0.08728921,0,0.1,0,10
drill_4mm_22_batch_03_collet_2_14-02-2025,12,0.021828007,0,0.1,0,10
drill_4mm_22_batch_03_collet_2_14-02-2025,13,0.29182997,0,0.1,0,10
drill_4mm_22_batch_03_collet_2_14-02-2025,14,0.4197087,0,0.1,1,10
drill_4mm_22_batch_03_collet_2_14-02-2025,15,0.20306976,0,0.1,1,10
drill_4mm_22_batch_03_collet_2_14-02-2025,16,0.13498457,0,0.1,1,10
drill_4mm_22_batch_03_collet_2_14-02-2025,17,0.294531,0,0.1,1,10
drill_4mm_22_batch_03_collet_2_14-02-2025,18,0.2199421,0,0.1,1,10
drill_4mm_22_batch_03_collet_2_14-02-2025,19,0.19388576,0,0.1,1,10
drill_4mm_22_batch_03_collet_2_14-02-2025,20,0.044608977,0,0.1,0,10
drill_4mm_22_batch_03_collet_2_14-02-2025,21,0.04678561,1,0.1,0,10
drill_4mm_22_batch_03_collet_2_14-02-2025,22,0.9253675,1,0.1,0,10
drill_4mm_22_batch_03_collet_2_14-02-2025,23,0.7018958,1,0.1,1,10
drill_4mm_22_batch_03_collet_2_14-02-2025,24,0.76045156,1,0.1,1,10
drill_4mm_23_batch_01_collet_2_14-02-2025,1,0.2122907,0,0.20495900511741638,0,13
drill_4mm_23_batch_01_collet_2_14-02-2025,2,0.019103909,0,0.20495900511741638,0,13
drill_4mm_23_batch_01_collet_2_14-02-2025,3,0.018294865,0,0.20495900511741638,0,13
drill_4mm_23_batch_01_collet_2_14-02-2025,4,0.05260777,0,0.20495900511741638,0,13
drill_4mm_23_batch_01_collet_2_14-02-2025,5,0.1389736,0,0.20495900511741638,0,13
drill_4mm_23_batch_01_collet_2_14-02-2025,6,0.06404581,0,0.20495900511741638,0,13
drill_4mm_23_batch_01_collet_2_14-02-2025,7,0.061157335,0,0.20495900511741638,0,13
drill_4mm_23_batch_01_collet_2_14-02-2025,8,0.009165097,0,0.20495900511741638,0,13
drill_4mm_23_batch_01_collet_2_14-02-2025,9,0.0018444458,0,0.20495900511741638,0,13
drill_4mm_23_batch_01_collet_2_14-02-2025,10,0.08815175,0,0.20495900511741638,0,13
drill_4mm_23_batch_01_collet_2_14-02-2025,11,0.028826093,0,0.20495900511741638,0,13
drill_4mm_23_batch_01_collet_2_14-02-2025,12,0.02987001,0,0.20495900511741638,0,13
drill_4mm_23_batch_01_collet_2_14-02-2025,13,0.1992953,0,0.20495900511741638,0,13
drill_4mm_23_batch_01_collet_2_14-02-2025,14,0.04238752,0,0.20495900511741638,0,13
drill_4mm_23_batch_01_collet_2_14-02-2025,15,0.04088775,0,0.20495900511741638,0,13
drill_4mm_23_batch_01_collet_2_14-02-2025,16,0.01503943,0,0.20495900511741638,0,13
drill_4mm_23_batch_01_collet_2_14-02-2025,17,0.032521624,0,0.20495900511741638,0,13
drill_4mm_23_batch_01_collet_2_14-02-2025,18,0.21761592,0,0.20495900511741638,0,13
drill_4mm_23_batch_01_collet_2_14-02-2025,19,0.024016943,0,0.20495900511741638,0,13
drill_4mm_23_batch_01_collet_2_14-02-2025,20,0.05225078,0,0.20495900511741638,0,13
drill_4mm_23_batch_01_collet_2_14-02-2025,21,0.025380641,0,0.20495900511741638,0,13
drill_4mm_23_batch_01_collet_2_14-02-2025,22,0.09226241,0,0.20495900511741638,0,13
drill_4mm_23_batch_01_collet_2_14-02-2025,23,0.056917395,0,0.20495900511741638,0,13
drill_4mm_23_batch_01_collet_2_14-02-2025,24,0.0669002,0,0.20495900511741638,0,13
drill_4mm_23_batch_01_collet_2_14-02-2025,25,0.020844564,0,0.20495900511741638,0,13
drill_4mm_23_batch_01_collet_2_14-02-2025,26,0.50377274,0,0.20495900511741638,0,13
drill_4mm_23_batch_01_collet_2_14-02-2025,27,0.5154237,0,0.20495900511741638,1,13
drill_4mm_23_batch_01_collet_2_14-02-2025,28,0.7368039,0,0.20495900511741638,1,13
drill_4mm_23_batch_01_collet_2_14-02-2025,29,0.7547556,0,0.20495900511741638,1,13
drill_4mm_23_batch_01_collet_2_14-02-2025,30,0.40172932,0,0.20495900511741638,1,13
drill_4mm_23_batch_01_collet_2_14-02-2025,31,0.34372148,0,0.20495900511741638,1,13
drill_4mm_23_batch_01_collet_2_14-02-2025,32,0.5762345,0,0.20495900511741638,1,13
drill_4mm_23_batch_01_collet_2_14-02-2025,33,0.95196134,1,0.20495900511741638,1,13
drill_4mm_23_batch_01_collet_2_14-02-2025,34,0.6515493,1,0.20495900511741638,1,13
drill_4mm_23_batch_01_collet_2_14-02-2025,35,0.8087057,1,0.20495900511741638,1,13
drill_4mm_23_batch_01_collet_2_14-02-2025,36,0.46596062,1,0.20495900511741638,1,13
drill_4mm_23_batch_01_collet_2_14-02-2025,37,0.31361336,1,0.20495900511741638,1,13
drill_4mm_23_batch_01_collet_2_14-02-2025,38,0.40891287,1,0.20495900511741638,1,13
drill_4mm_23_batch_01_collet_2_14-02-2025,39,0.90586275,1,0.20495900511741638,1,13
drill_4mm_23_batch_01_collet_2_14-02-2025,40,0.93860674,1,0.20495900511741638,1,13
