drill,hole,hybrid_mse,adaptive_threshold,prediction,label,drill_lead_time
drill_4mm_04_batch_00_collet_1_30-01-2025,1,0.0,1.1288185119628906,0.0,0,33
drill_4mm_04_batch_00_collet_1_30-01-2025,2,0.0,1.1288185119628906,0.0,0,33
drill_4mm_04_batch_00_collet_1_30-01-2025,3,0.0,1.1288185119628906,0.0,0,33
drill_4mm_04_batch_00_collet_1_30-01-2025,4,0.0,1.1288185119628906,0.0,0,33
drill_4mm_04_batch_00_collet_1_30-01-2025,5,0.0,1.1288185119628906,0.0,0,33
drill_4mm_04_batch_00_collet_1_30-01-2025,6,0.0,1.1288185119628906,0.0,0,33
drill_4mm_04_batch_00_collet_1_30-01-2025,7,0.0,1.1288185119628906,0.0,0,33
drill_4mm_04_batch_00_collet_1_30-01-2025,8,0.0,1.1288185119628906,0.0,0,33
drill_4mm_04_batch_00_collet_1_30-01-2025,9,0.0,1.1288185119628906,0.0,0,33
drill_4mm_04_batch_00_collet_1_30-01-2025,10,1.1288185119628906,1.1288185119628906,0.0,0,33
drill_4mm_04_batch_00_collet_1_30-01-2025,11,2.1099374294281006,1.1288185119628906,0.0,0,33
drill_4mm_04_batch_00_collet_1_30-01-2025,12,3.3290886878967285,1.1288185119628906,0.0,0,33
drill_4mm_04_batch_00_collet_1_30-01-2025,13,4.406779766082764,1.1288185119628906,0.0,0,33
drill_4mm_04_batch_00_collet_1_30-01-2025,14,5.44169807434082,1.1288185119628906,0.0,0,33
drill_4mm_04_batch_00_collet_1_30-01-2025,15,6.6079206466674805,1.1288185119628906,0.0,0,33
drill_4mm_04_batch_00_collet_1_30-01-2025,16,8.217480659484863,1.1288185119628906,0.0,0,33
drill_4mm_04_batch_00_collet_1_30-01-2025,17,9.632102966308594,1.1288185119628906,0.0,0,33
drill_4mm_04_batch_00_collet_1_30-01-2025,18,10.522688865661621,1.1288185119628906,1.0,0,33
drill_4mm_04_batch_00_collet_1_30-01-2025,19,11.931714057922363,1.1288185119628906,1.0,0,33
drill_4mm_04_batch_00_collet_1_30-01-2025,20,12.338839530944824,1.1288185119628906,1.0,0,33
drill_4mm_04_batch_00_collet_1_30-01-2025,21,13.470114707946777,1.1288185119628906,1.0,0,33
drill_4mm_04_batch_00_collet_1_30-01-2025,22,13.653915405273438,1.1288185119628906,1.0,0,33
drill_4mm_04_batch_00_collet_1_30-01-2025,23,13.774370193481445,1.1288185119628906,1.0,0,33
drill_4mm_04_batch_00_collet_1_30-01-2025,24,14.098037719726562,1.1288185119628906,1.0,0,33
drill_4mm_04_batch_00_collet_1_30-01-2025,25,13.713972091674805,1.1288185119628906,1.0,0,33
drill_4mm_04_batch_00_collet_1_30-01-2025,26,13.977620124816895,1.1288185119628906,1.0,0,33
drill_4mm_04_batch_00_collet_1_30-01-2025,27,12.576457977294922,1.1288185119628906,1.0,0,33
drill_4mm_04_batch_00_collet_1_30-01-2025,28,12.371306419372559,1.1288185119628906,1.0,0,33
drill_4mm_04_batch_00_collet_1_30-01-2025,29,12.129510879516602,1.1288185119628906,1.0,0,33
drill_4mm_04_batch_00_collet_1_30-01-2025,30,12.176371574401855,1.1288185119628906,1.0,0,33
drill_4mm_04_batch_00_collet_1_30-01-2025,31,10.187125205993652,1.1288185119628906,1.0,0,33
drill_4mm_04_batch_00_collet_1_30-01-2025,32,9.405634880065918,1.1288185119628906,1.0,0,33
drill_4mm_04_batch_00_collet_1_30-01-2025,33,8.608180046081543,1.1288185119628906,1.0,0,33
drill_4mm_04_batch_00_collet_1_30-01-2025,34,8.01023006439209,1.1288185119628906,1.0,0,33
drill_4mm_04_batch_00_collet_1_30-01-2025,35,7.290549278259277,1.1288185119628906,1.0,0,33
drill_4mm_04_batch_00_collet_1_30-01-2025,36,6.542895317077637,1.1288185119628906,1.0,0,33
drill_4mm_04_batch_00_collet_1_30-01-2025,37,6.1097493171691895,1.1288185119628906,1.0,0,33
drill_4mm_04_batch_00_collet_1_30-01-2025,38,5.449321746826172,1.1288185119628906,1.0,0,33
drill_4mm_04_batch_00_collet_1_30-01-2025,39,6.8973283767700195,1.1288185119628906,1.0,0,33
drill_4mm_04_batch_00_collet_1_30-01-2025,40,6.068192005157471,1.1288185119628906,1.0,0,33
drill_4mm_04_batch_00_collet_1_30-01-2025,41,6.404952526092529,1.1288185119628906,1.0,0,33
drill_4mm_04_batch_00_collet_1_30-01-2025,42,7.1774821281433105,1.1288185119628906,1.0,1,33
drill_4mm_04_batch_00_collet_1_30-01-2025,43,7.6720685958862305,1.1288185119628906,1.0,1,33
drill_4mm_04_batch_00_collet_1_30-01-2025,44,8.75275993347168,1.1288185119628906,1.0,1,33
drill_4mm_04_batch_00_collet_1_30-01-2025,45,10.95194149017334,1.1288185119628906,1.0,1,33
drill_4mm_04_batch_00_collet_1_30-01-2025,46,12.8286771774292,1.1288185119628906,1.0,1,33
drill_4mm_04_batch_00_collet_1_30-01-2025,47,14.653175354003906,1.1288185119628906,1.0,1,33
drill_4mm_04_batch_00_collet_1_30-01-2025,48,15.911520957946777,1.1288185119628906,1.0,1,33
drill_4mm_04_batch_00_collet_1_30-01-2025,49,16.406030654907227,1.1288185119628906,1.0,1,33
drill_4mm_04_batch_00_collet_1_30-01-2025,50,17.142654418945312,1.1288185119628906,1.0,1,33
drill_4mm_04_batch_00_collet_1_30-01-2025,51,19.286571502685547,1.1288185119628906,1.0,1,33
drill_4mm_05_batch_00_collet_1_30-01-2025,1,0.0,0.9015449285507202,0.0,0,88
drill_4mm_05_batch_00_collet_1_30-01-2025,2,0.0,0.9015449285507202,0.0,0,88
drill_4mm_05_batch_00_collet_1_30-01-2025,3,0.0,0.9015449285507202,0.0,0,88
drill_4mm_05_batch_00_collet_1_30-01-2025,4,0.0,0.9015449285507202,0.0,0,88
drill_4mm_05_batch_00_collet_1_30-01-2025,5,0.0,0.9015449285507202,0.0,0,88
drill_4mm_05_batch_00_collet_1_30-01-2025,6,0.0,0.9015449285507202,0.0,0,88
drill_4mm_05_batch_00_collet_1_30-01-2025,7,0.0,0.9015449285507202,0.0,0,88
drill_4mm_05_batch_00_collet_1_30-01-2025,8,0.0,0.9015449285507202,0.0,0,88
drill_4mm_05_batch_00_collet_1_30-01-2025,9,0.0,0.9015449285507202,0.0,0,88
drill_4mm_05_batch_00_collet_1_30-01-2025,10,0.9015449285507202,0.9015449285507202,0.0,0,88
drill_4mm_05_batch_00_collet_1_30-01-2025,11,0.921582043170929,0.9015449285507202,0.0,0,88
drill_4mm_05_batch_00_collet_1_30-01-2025,12,1.2406071424484253,0.9015449285507202,0.0,0,88
drill_4mm_05_batch_00_collet_1_30-01-2025,13,2.7444276809692383,0.9015449285507202,0.0,0,88
drill_4mm_05_batch_00_collet_1_30-01-2025,14,6.572375297546387,0.9015449285507202,0.0,0,88
drill_4mm_05_batch_00_collet_1_30-01-2025,15,7.9959564208984375,0.9015449285507202,0.0,0,88
drill_4mm_05_batch_00_collet_1_30-01-2025,16,9.863924026489258,0.9015449285507202,0.0,0,88
drill_4mm_05_batch_00_collet_1_30-01-2025,17,13.965768814086914,0.9015449285507202,0.0,0,88
drill_4mm_05_batch_00_collet_1_30-01-2025,18,22.459829330444336,0.9015449285507202,1.0,0,88
drill_4mm_05_batch_00_collet_1_30-01-2025,19,24.847339630126953,0.9015449285507202,1.0,0,88
drill_4mm_05_batch_00_collet_1_30-01-2025,20,36.50554656982422,0.9015449285507202,1.0,0,88
drill_4mm_05_batch_00_collet_1_30-01-2025,21,61.01803207397461,0.9015449285507202,1.0,0,88
drill_4mm_05_batch_00_collet_1_30-01-2025,22,10.533254623413086,0.9015449285507202,1.0,0,88
drill_4mm_05_batch_00_collet_1_30-01-2025,23,92.70377349853516,0.9015449285507202,1.0,0,88
drill_4mm_05_batch_00_collet_1_30-01-2025,24,14.044668197631836,0.9015449285507202,1.0,0,88
drill_4mm_05_batch_00_collet_1_30-01-2025,25,64.14533233642578,0.9015449285507202,1.0,0,88
drill_4mm_05_batch_00_collet_1_30-01-2025,26,17.64120101928711,0.9015449285507202,1.0,0,88
drill_4mm_05_batch_00_collet_1_30-01-2025,27,27.62017059326172,0.9015449285507202,1.0,0,88
drill_4mm_05_batch_00_collet_1_30-01-2025,28,25.94959259033203,0.9015449285507202,1.0,0,88
drill_4mm_05_batch_00_collet_1_30-01-2025,29,16.591289520263672,0.9015449285507202,1.0,0,88
drill_4mm_05_batch_00_collet_1_30-01-2025,30,18.89643096923828,0.9015449285507202,1.0,0,88
drill_4mm_05_batch_00_collet_1_30-01-2025,31,12.301868438720703,0.9015449285507202,1.0,0,88
drill_4mm_05_batch_00_collet_1_30-01-2025,32,11.409130096435547,0.9015449285507202,1.0,0,88
drill_4mm_05_batch_00_collet_1_30-01-2025,33,12.746891021728516,0.9015449285507202,1.0,0,88
drill_4mm_05_batch_00_collet_1_30-01-2025,34,10.22301197052002,0.9015449285507202,1.0,0,88
drill_4mm_05_batch_00_collet_1_30-01-2025,35,9.974496841430664,0.9015449285507202,1.0,0,88
drill_4mm_05_batch_00_collet_1_30-01-2025,36,9.578298568725586,0.9015449285507202,1.0,0,88
drill_4mm_05_batch_00_collet_1_30-01-2025,37,9.086934089660645,0.9015449285507202,1.0,0,88
drill_4mm_05_batch_00_collet_1_30-01-2025,38,9.159125328063965,0.9015449285507202,1.0,0,88
drill_4mm_05_batch_00_collet_1_30-01-2025,39,8.038190841674805,0.9015449285507202,1.0,0,88
drill_4mm_05_batch_00_collet_1_30-01-2025,40,8.547964096069336,0.9015449285507202,1.0,0,88
drill_4mm_05_batch_00_collet_1_30-01-2025,41,8.271031379699707,0.9015449285507202,1.0,0,88
drill_4mm_05_batch_00_collet_1_30-01-2025,42,9.089421272277832,0.9015449285507202,1.0,0,88
drill_4mm_05_batch_00_collet_1_30-01-2025,43,9.238856315612793,0.9015449285507202,1.0,0,88
drill_4mm_05_batch_00_collet_1_30-01-2025,44,11.394901275634766,0.9015449285507202,1.0,0,88
drill_4mm_05_batch_00_collet_1_30-01-2025,45,13.069189071655273,0.9015449285507202,1.0,0,88
drill_4mm_05_batch_00_collet_1_30-01-2025,46,14.273216247558594,0.9015449285507202,1.0,0,88
drill_4mm_05_batch_00_collet_1_30-01-2025,47,16.39215087890625,0.9015449285507202,1.0,0,88
drill_4mm_05_batch_00_collet_1_30-01-2025,48,17.844093322753906,0.9015449285507202,1.0,0,88
drill_4mm_05_batch_00_collet_1_30-01-2025,49,18.96661949157715,0.9015449285507202,1.0,0,88
drill_4mm_05_batch_00_collet_1_30-01-2025,50,20.804758071899414,0.9015449285507202,1.0,0,88
drill_4mm_05_batch_00_collet_1_30-01-2025,51,21.89973258972168,0.9015449285507202,1.0,0,88
drill_4mm_05_batch_00_collet_1_30-01-2025,52,23.56875991821289,0.9015449285507202,1.0,0,88
drill_4mm_05_batch_00_collet_1_30-01-2025,53,23.25012969970703,0.9015449285507202,1.0,0,88
drill_4mm_05_batch_00_collet_1_30-01-2025,54,23.339399337768555,0.9015449285507202,1.0,0,88
drill_4mm_05_batch_00_collet_1_30-01-2025,55,23.37550926208496,0.9015449285507202,1.0,0,88
drill_4mm_05_batch_00_collet_1_30-01-2025,56,26.64417266845703,0.9015449285507202,1.0,0,88
drill_4mm_05_batch_00_collet_1_30-01-2025,57,26.115760803222656,0.9015449285507202,1.0,0,88
drill_4mm_05_batch_00_collet_1_30-01-2025,58,27.733112335205078,0.9015449285507202,1.0,0,88
drill_4mm_05_batch_00_collet_1_30-01-2025,59,27.78376579284668,0.9015449285507202,1.0,0,88
drill_4mm_05_batch_00_collet_1_30-01-2025,60,26.079269409179688,0.9015449285507202,1.0,0,88
drill_4mm_05_batch_00_collet_1_30-01-2025,61,28.27300453186035,0.9015449285507202,1.0,0,88
drill_4mm_05_batch_00_collet_1_30-01-2025,62,32.32128143310547,0.9015449285507202,1.0,0,88
drill_4mm_05_batch_00_collet_1_30-01-2025,63,34.7188720703125,0.9015449285507202,1.0,0,88
drill_4mm_05_batch_00_collet_1_30-01-2025,64,38.67085266113281,0.9015449285507202,1.0,0,88
drill_4mm_05_batch_00_collet_1_30-01-2025,65,38.35183334350586,0.9015449285507202,1.0,0,88
drill_4mm_05_batch_00_collet_1_30-01-2025,66,39.590309143066406,0.9015449285507202,1.0,0,88
drill_4mm_05_batch_00_collet_1_30-01-2025,67,42.931976318359375,0.9015449285507202,1.0,0,88
drill_4mm_05_batch_00_collet_1_30-01-2025,68,45.772953033447266,0.9015449285507202,1.0,0,88
drill_4mm_05_batch_00_collet_1_30-01-2025,69,53.72292709350586,0.9015449285507202,1.0,0,88
drill_4mm_05_batch_00_collet_1_30-01-2025,70,62.256195068359375,0.9015449285507202,1.0,0,88
drill_4mm_05_batch_00_collet_1_30-01-2025,71,69.5855484008789,0.9015449285507202,1.0,0,88
drill_4mm_05_batch_00_collet_1_30-01-2025,72,72.71012878417969,0.9015449285507202,1.0,0,88
drill_4mm_05_batch_00_collet_1_30-01-2025,73,79.4717788696289,0.9015449285507202,1.0,0,88
drill_4mm_05_batch_00_collet_1_30-01-2025,74,82.66006469726562,0.9015449285507202,1.0,0,88
drill_4mm_05_batch_00_collet_1_30-01-2025,75,90.81954193115234,0.9015449285507202,1.0,0,88
drill_4mm_05_batch_00_collet_1_30-01-2025,76,94.8888931274414,0.9015449285507202,1.0,0,88
drill_4mm_05_batch_00_collet_1_30-01-2025,77,97.93721771240234,0.9015449285507202,1.0,0,88
drill_4mm_05_batch_00_collet_1_30-01-2025,78,104.02871704101562,0.9015449285507202,1.0,0,88
drill_4mm_05_batch_00_collet_1_30-01-2025,79,104.31653594970703,0.9015449285507202,1.0,0,88
drill_4mm_05_batch_00_collet_1_30-01-2025,80,110.8387451171875,0.9015449285507202,1.0,0,88
drill_4mm_05_batch_00_collet_1_30-01-2025,81,105.22377014160156,0.9015449285507202,1.0,0,88
drill_4mm_05_batch_00_collet_1_30-01-2025,82,104.94239044189453,0.9015449285507202,1.0,0,88
drill_4mm_05_batch_00_collet_1_30-01-2025,83,107.86396789550781,0.9015449285507202,1.0,0,88
drill_4mm_05_batch_00_collet_1_30-01-2025,84,110.4053726196289,0.9015449285507202,1.0,0,88
drill_4mm_05_batch_00_collet_1_30-01-2025,85,111.91146087646484,0.9015449285507202,1.0,0,88
drill_4mm_05_batch_00_collet_1_30-01-2025,86,124.82428741455078,0.9015449285507202,1.0,1,88
drill_4mm_05_batch_00_collet_1_30-01-2025,87,124.08826446533203,0.9015449285507202,1.0,1,88
drill_4mm_05_batch_00_collet_1_30-01-2025,88,121.26358795166016,0.9015449285507202,1.0,1,88
drill_4mm_05_batch_00_collet_1_30-01-2025,89,127.64942169189453,0.9015449285507202,1.0,1,88
drill_4mm_05_batch_00_collet_1_30-01-2025,90,123.14644622802734,0.9015449285507202,1.0,1,88
drill_4mm_05_batch_00_collet_1_30-01-2025,91,117.42684173583984,0.9015449285507202,1.0,1,88
drill_4mm_05_batch_00_collet_1_30-01-2025,92,121.53192901611328,0.9015449285507202,1.0,1,88
drill_4mm_05_batch_00_collet_1_30-01-2025,93,109.2122802734375,0.9015449285507202,1.0,1,88
drill_4mm_05_batch_00_collet_1_30-01-2025,94,101.6399154663086,0.9015449285507202,1.0,1,88
drill_4mm_05_batch_00_collet_1_30-01-2025,95,105.77323150634766,0.9015449285507202,1.0,1,88
drill_4mm_05_batch_00_collet_1_30-01-2025,96,96.77385711669922,0.9015449285507202,1.0,1,88
drill_4mm_05_batch_00_collet_1_30-01-2025,97,91.57234191894531,0.9015449285507202,1.0,1,88
drill_4mm_05_batch_00_collet_1_30-01-2025,98,98.02792358398438,0.9015449285507202,1.0,1,88
drill_4mm_05_batch_00_collet_1_30-01-2025,99,101.18546295166016,0.9015449285507202,1.0,1,88
drill_4mm_05_batch_00_collet_1_30-01-2025,100,112.29752349853516,0.9015449285507202,1.0,1,88
drill_4mm_05_batch_00_collet_1_30-01-2025,101,116.35704040527344,0.9015449285507202,1.0,1,88
drill_4mm_05_batch_00_collet_1_30-01-2025,102,120.37031555175781,0.9015449285507202,1.0,1,88
drill_4mm_05_batch_00_collet_1_30-01-2025,103,145.24575805664062,0.9015449285507202,1.0,1,88
drill_4mm_05_batch_00_collet_1_30-01-2025,104,148.2757110595703,0.9015449285507202,1.0,1,88
drill_4mm_05_batch_00_collet_1_30-01-2025,105,144.852783203125,0.9015449285507202,1.0,1,88
drill_4mm_05_batch_00_collet_1_30-01-2025,106,162.51234436035156,0.9015449285507202,1.0,1,88
drill_4mm_06_batch_00_collet_1_30-01-2025,1,0.0,2.9625141620635986,0.0,0,7
drill_4mm_06_batch_00_collet_1_30-01-2025,2,0.0,2.9625141620635986,0.0,0,7
drill_4mm_06_batch_00_collet_1_30-01-2025,3,0.0,2.9625141620635986,0.0,0,7
drill_4mm_06_batch_00_collet_1_30-01-2025,4,0.0,2.9625141620635986,0.0,0,7
drill_4mm_06_batch_00_collet_1_30-01-2025,5,0.0,2.9625141620635986,0.0,0,7
drill_4mm_06_batch_00_collet_1_30-01-2025,6,0.0,2.9625141620635986,0.0,0,7
drill_4mm_06_batch_00_collet_1_30-01-2025,7,0.0,2.9625141620635986,0.0,0,7
drill_4mm_06_batch_00_collet_1_30-01-2025,8,0.0,2.9625141620635986,0.0,0,7
drill_4mm_06_batch_00_collet_1_30-01-2025,9,0.0,2.9625141620635986,0.0,0,7
drill_4mm_06_batch_00_collet_1_30-01-2025,10,2.9625141620635986,2.9625141620635986,0.0,0,7
drill_4mm_06_batch_00_collet_1_30-01-2025,11,10.498226165771484,2.9625141620635986,0.0,0,7
drill_4mm_06_batch_00_collet_1_30-01-2025,12,43.99189758300781,2.9625141620635986,0.0,0,7
drill_4mm_06_batch_00_collet_1_30-01-2025,13,94.32335662841797,2.9625141620635986,0.0,0,7
drill_4mm_06_batch_00_collet_1_30-01-2025,14,51.088783264160156,2.9625141620635986,0.0,0,7
drill_4mm_06_batch_00_collet_1_30-01-2025,15,246.609619140625,2.9625141620635986,0.0,0,7
drill_4mm_06_batch_00_collet_1_30-01-2025,16,58.42520523071289,2.9625141620635986,0.0,0,7
drill_4mm_06_batch_00_collet_1_30-01-2025,17,186.71388244628906,2.9625141620635986,0.0,0,7
drill_4mm_06_batch_00_collet_1_30-01-2025,18,72.63431549072266,2.9625141620635986,1.0,0,7
drill_4mm_06_batch_00_collet_1_30-01-2025,19,71.90035247802734,2.9625141620635986,1.0,0,7
drill_4mm_06_batch_00_collet_1_30-01-2025,20,107.0404052734375,2.9625141620635986,1.0,0,7
drill_4mm_06_batch_00_collet_1_30-01-2025,21,96.20384216308594,2.9625141620635986,1.0,1,7
drill_4mm_06_batch_00_collet_1_30-01-2025,22,66.75569152832031,2.9625141620635986,1.0,1,7
drill_4mm_06_batch_00_collet_1_30-01-2025,23,76.8471908569336,2.9625141620635986,1.0,1,7
drill_4mm_06_batch_00_collet_1_30-01-2025,24,70.11624908447266,2.9625141620635986,1.0,1,7
drill_4mm_06_batch_00_collet_1_30-01-2025,25,86.60694885253906,2.9625141620635986,1.0,1,7
drill_4mm_07_batch_00_collet_1_31-01-2025,1,0.0,1.2611501216888428,0.0,0,14
drill_4mm_07_batch_00_collet_1_31-01-2025,2,0.0,1.2611501216888428,0.0,0,14
drill_4mm_07_batch_00_collet_1_31-01-2025,3,0.0,1.2611501216888428,0.0,0,14
drill_4mm_07_batch_00_collet_1_31-01-2025,4,0.0,1.2611501216888428,0.0,0,14
drill_4mm_07_batch_00_collet_1_31-01-2025,5,0.0,1.2611501216888428,0.0,0,14
drill_4mm_07_batch_00_collet_1_31-01-2025,6,0.0,1.2611501216888428,0.0,0,14
drill_4mm_07_batch_00_collet_1_31-01-2025,7,0.0,1.2611501216888428,0.0,0,14
drill_4mm_07_batch_00_collet_1_31-01-2025,8,0.0,1.2611501216888428,0.0,0,14
drill_4mm_07_batch_00_collet_1_31-01-2025,9,0.0,1.2611501216888428,0.0,0,14
drill_4mm_07_batch_00_collet_1_31-01-2025,10,1.2611501216888428,1.2611501216888428,0.0,0,14
drill_4mm_07_batch_00_collet_1_31-01-2025,11,3.7712490558624268,1.2611501216888428,0.0,0,14
drill_4mm_07_batch_00_collet_1_31-01-2025,12,19.55736541748047,1.2611501216888428,0.0,0,14
drill_4mm_07_batch_00_collet_1_31-01-2025,13,22.332700729370117,1.2611501216888428,0.0,0,14
drill_4mm_07_batch_00_collet_1_31-01-2025,14,19.309429168701172,1.2611501216888428,0.0,0,14
drill_4mm_07_batch_00_collet_1_31-01-2025,15,27.32884979248047,1.2611501216888428,0.0,0,14
drill_4mm_07_batch_00_collet_1_31-01-2025,16,42.40998840332031,1.2611501216888428,0.0,0,14
drill_4mm_07_batch_00_collet_1_31-01-2025,17,73.35433197021484,1.2611501216888428,0.0,0,14
drill_4mm_07_batch_00_collet_1_31-01-2025,18,96.51321411132812,1.2611501216888428,1.0,0,14
drill_4mm_07_batch_00_collet_1_31-01-2025,19,128.5135040283203,1.2611501216888428,1.0,0,14
drill_4mm_07_batch_00_collet_1_31-01-2025,20,101.39264678955078,1.2611501216888428,1.0,0,14
drill_4mm_07_batch_00_collet_1_31-01-2025,21,75.13082885742188,1.2611501216888428,1.0,0,14
drill_4mm_07_batch_00_collet_1_31-01-2025,22,91.88246154785156,1.2611501216888428,1.0,0,14
drill_4mm_07_batch_00_collet_1_31-01-2025,23,80.74429321289062,1.2611501216888428,1.0,0,14
drill_4mm_07_batch_00_collet_1_31-01-2025,24,104.84700775146484,1.2611501216888428,1.0,0,14
drill_4mm_07_batch_00_collet_1_31-01-2025,25,125.21177673339844,1.2611501216888428,1.0,0,14
drill_4mm_07_batch_00_collet_1_31-01-2025,26,141.29486083984375,1.2611501216888428,1.0,0,14
drill_4mm_07_batch_00_collet_1_31-01-2025,27,125.9173583984375,1.2611501216888428,1.0,1,14
drill_4mm_07_batch_00_collet_1_31-01-2025,28,100.35238647460938,1.2611501216888428,1.0,1,14
drill_4mm_07_batch_00_collet_1_31-01-2025,29,77.93907928466797,1.2611501216888428,1.0,1,14
drill_4mm_07_batch_00_collet_1_31-01-2025,30,57.70125961303711,1.2611501216888428,1.0,1,14
drill_4mm_07_batch_00_collet_1_31-01-2025,31,140.71099853515625,1.2611501216888428,1.0,1,14
drill_4mm_07_batch_00_collet_1_31-01-2025,32,108.82609558105469,1.2611501216888428,1.0,1,14
drill_4mm_08_batch_00_collet_1_31-01-2025,1,0.0,2.6268868446350098,0.0,0,3
drill_4mm_08_batch_00_collet_1_31-01-2025,2,0.0,2.6268868446350098,0.0,0,3
drill_4mm_08_batch_00_collet_1_31-01-2025,3,0.0,2.6268868446350098,0.0,0,3
drill_4mm_08_batch_00_collet_1_31-01-2025,4,0.0,2.6268868446350098,0.0,0,3
drill_4mm_08_batch_00_collet_1_31-01-2025,5,0.0,2.6268868446350098,0.0,0,3
drill_4mm_08_batch_00_collet_1_31-01-2025,6,0.0,2.6268868446350098,0.0,0,3
drill_4mm_08_batch_00_collet_1_31-01-2025,7,0.0,2.6268868446350098,0.0,0,3
drill_4mm_08_batch_00_collet_1_31-01-2025,8,0.0,2.6268868446350098,0.0,0,3
drill_4mm_08_batch_00_collet_1_31-01-2025,9,0.0,2.6268868446350098,0.0,0,3
drill_4mm_08_batch_00_collet_1_31-01-2025,10,2.6268868446350098,2.6268868446350098,0.0,0,3
drill_4mm_08_batch_00_collet_1_31-01-2025,11,6.833978652954102,2.6268868446350098,0.0,0,3
drill_4mm_08_batch_00_collet_1_31-01-2025,12,5.757302284240723,2.6268868446350098,0.0,0,3
drill_4mm_08_batch_00_collet_1_31-01-2025,13,9.971384048461914,2.6268868446350098,0.0,0,3
drill_4mm_08_batch_00_collet_1_31-01-2025,14,9.634705543518066,2.6268868446350098,0.0,0,3
drill_4mm_08_batch_00_collet_1_31-01-2025,15,14.880579948425293,2.6268868446350098,0.0,0,3
drill_4mm_08_batch_00_collet_1_31-01-2025,16,15.900093078613281,2.6268868446350098,0.0,0,3
drill_4mm_08_batch_00_collet_1_31-01-2025,17,13.021363258361816,2.6268868446350098,0.0,0,3
drill_4mm_08_batch_00_collet_1_31-01-2025,18,9.755828857421875,2.6268868446350098,1.0,1,3
drill_4mm_08_batch_00_collet_1_31-01-2025,19,20.9970703125,2.6268868446350098,1.0,1,3
drill_4mm_08_batch_00_collet_1_31-01-2025,20,19.19480323791504,2.6268868446350098,1.0,1,3
drill_4mm_08_batch_00_collet_1_31-01-2025,21,18.00816535949707,2.6268868446350098,1.0,1,3
drill_4mm_09_batch_00_collet_1_31-01-2025,1,0.0,3.3395557403564453,0.0,0,33
drill_4mm_09_batch_00_collet_1_31-01-2025,2,0.0,3.3395557403564453,0.0,0,33
drill_4mm_09_batch_00_collet_1_31-01-2025,3,0.0,3.3395557403564453,0.0,0,33
drill_4mm_09_batch_00_collet_1_31-01-2025,4,0.0,3.3395557403564453,0.0,0,33
drill_4mm_09_batch_00_collet_1_31-01-2025,5,0.0,3.3395557403564453,0.0,0,33
drill_4mm_09_batch_00_collet_1_31-01-2025,6,0.0,3.3395557403564453,0.0,0,33
drill_4mm_09_batch_00_collet_1_31-01-2025,7,0.0,3.3395557403564453,0.0,0,33
drill_4mm_09_batch_00_collet_1_31-01-2025,8,0.0,3.3395557403564453,0.0,0,33
drill_4mm_09_batch_00_collet_1_31-01-2025,9,0.0,3.3395557403564453,0.0,0,33
drill_4mm_09_batch_00_collet_1_31-01-2025,10,3.3395557403564453,3.3395557403564453,0.0,0,33
drill_4mm_09_batch_00_collet_1_31-01-2025,11,5.860150337219238,3.3395557403564453,0.0,0,33
drill_4mm_09_batch_00_collet_1_31-01-2025,12,9.659427642822266,3.3395557403564453,0.0,0,33
drill_4mm_09_batch_00_collet_1_31-01-2025,13,18.671506881713867,3.3395557403564453,0.0,0,33
drill_4mm_09_batch_00_collet_1_31-01-2025,14,21.162675857543945,3.3395557403564453,0.0,0,33
drill_4mm_09_batch_00_collet_1_31-01-2025,15,45.723060607910156,3.3395557403564453,0.0,0,33
drill_4mm_09_batch_00_collet_1_31-01-2025,16,129.16453552246094,3.3395557403564453,0.0,0,33
drill_4mm_09_batch_00_collet_1_31-01-2025,17,267.3547668457031,3.3395557403564453,0.0,0,33
drill_4mm_09_batch_00_collet_1_31-01-2025,18,286.33465576171875,3.3395557403564453,1.0,0,33
drill_4mm_09_batch_00_collet_1_31-01-2025,19,435.6545715332031,3.3395557403564453,1.0,0,33
drill_4mm_09_batch_00_collet_1_31-01-2025,20,666.6512451171875,3.3395557403564453,1.0,0,33
drill_4mm_09_batch_00_collet_1_31-01-2025,21,750.0291748046875,3.3395557403564453,1.0,0,33
drill_4mm_09_batch_00_collet_1_31-01-2025,22,719.2459716796875,3.3395557403564453,1.0,0,33
drill_4mm_09_batch_00_collet_1_31-01-2025,23,713.4657592773438,3.3395557403564453,1.0,0,33
drill_4mm_09_batch_00_collet_1_31-01-2025,24,727.2014770507812,3.3395557403564453,1.0,0,33
drill_4mm_09_batch_00_collet_1_31-01-2025,25,525.4783935546875,3.3395557403564453,1.0,0,33
drill_4mm_09_batch_00_collet_1_31-01-2025,26,395.1669006347656,3.3395557403564453,1.0,0,33
drill_4mm_09_batch_00_collet_1_31-01-2025,27,183.6762237548828,3.3395557403564453,1.0,0,33
drill_4mm_09_batch_00_collet_1_31-01-2025,28,62.50226974487305,3.3395557403564453,1.0,0,33
drill_4mm_09_batch_00_collet_1_31-01-2025,29,676.8626708984375,3.3395557403564453,1.0,0,33
drill_4mm_09_batch_00_collet_1_31-01-2025,30,1015.9915161132812,3.3395557403564453,1.0,0,33
drill_4mm_09_batch_00_collet_1_31-01-2025,31,603.5545654296875,3.3395557403564453,1.0,0,33
drill_4mm_09_batch_00_collet_1_31-01-2025,32,149.67481994628906,3.3395557403564453,1.0,0,33
drill_4mm_09_batch_00_collet_1_31-01-2025,33,40.45915222167969,3.3395557403564453,1.0,0,33
drill_4mm_09_batch_00_collet_1_31-01-2025,34,36.28817367553711,3.3395557403564453,1.0,0,33
drill_4mm_09_batch_00_collet_1_31-01-2025,35,37.69599151611328,3.3395557403564453,1.0,0,33
drill_4mm_09_batch_00_collet_1_31-01-2025,36,36.07583236694336,3.3395557403564453,1.0,0,33
drill_4mm_09_batch_00_collet_1_31-01-2025,37,85.81975555419922,3.3395557403564453,1.0,0,33
drill_4mm_09_batch_00_collet_1_31-01-2025,38,232.4793701171875,3.3395557403564453,1.0,0,33
drill_4mm_09_batch_00_collet_1_31-01-2025,39,194.12881469726562,3.3395557403564453,1.0,0,33
drill_4mm_09_batch_00_collet_1_31-01-2025,40,41.853538513183594,3.3395557403564453,1.0,0,33
drill_4mm_09_batch_00_collet_1_31-01-2025,41,105.35377502441406,3.3395557403564453,1.0,0,33
drill_4mm_09_batch_00_collet_1_31-01-2025,42,107.8387451171875,3.3395557403564453,1.0,1,33
drill_4mm_09_batch_00_collet_1_31-01-2025,43,423.7342224121094,3.3395557403564453,1.0,1,33
drill_4mm_09_batch_00_collet_1_31-01-2025,44,183.65443420410156,3.3395557403564453,1.0,1,33
drill_4mm_09_batch_00_collet_1_31-01-2025,45,223.626220703125,3.3395557403564453,1.0,1,33
drill_4mm_09_batch_00_collet_1_31-01-2025,46,272.7962341308594,3.3395557403564453,1.0,1,33
drill_4mm_09_batch_00_collet_1_31-01-2025,47,483.9410400390625,3.3395557403564453,1.0,1,33
drill_4mm_09_batch_00_collet_1_31-01-2025,48,532.7720336914062,3.3395557403564453,1.0,1,33
drill_4mm_09_batch_00_collet_1_31-01-2025,49,386.51019287109375,3.3395557403564453,1.0,1,33
drill_4mm_09_batch_00_collet_1_31-01-2025,50,335.70001220703125,3.3395557403564453,1.0,1,33
drill_4mm_09_batch_00_collet_1_31-01-2025,51,419.5760192871094,3.3395557403564453,1.0,1,33
drill_4mm_10_batch_00_collet_1_04-02-2025,1,0.0,1.23783540725708,0.0,0,41
drill_4mm_10_batch_00_collet_1_04-02-2025,2,0.0,1.23783540725708,0.0,0,41
drill_4mm_10_batch_00_collet_1_04-02-2025,3,0.0,1.23783540725708,0.0,0,41
drill_4mm_10_batch_00_collet_1_04-02-2025,4,0.0,1.23783540725708,0.0,0,41
drill_4mm_10_batch_00_collet_1_04-02-2025,5,0.0,1.23783540725708,0.0,0,41
drill_4mm_10_batch_00_collet_1_04-02-2025,6,0.0,1.23783540725708,0.0,0,41
drill_4mm_10_batch_00_collet_1_04-02-2025,7,0.0,1.23783540725708,0.0,0,41
drill_4mm_10_batch_00_collet_1_04-02-2025,8,0.0,1.23783540725708,0.0,0,41
drill_4mm_10_batch_00_collet_1_04-02-2025,9,0.0,1.23783540725708,0.0,0,41
drill_4mm_10_batch_00_collet_1_04-02-2025,10,1.23783540725708,1.23783540725708,0.0,0,41
drill_4mm_10_batch_00_collet_1_04-02-2025,11,1.7120977640151978,1.23783540725708,0.0,0,41
drill_4mm_10_batch_00_collet_1_04-02-2025,12,2.3158745765686035,1.23783540725708,0.0,0,41
drill_4mm_10_batch_00_collet_1_04-02-2025,13,2.2788286209106445,1.23783540725708,0.0,0,41
drill_4mm_10_batch_00_collet_1_04-02-2025,14,3.0620174407958984,1.23783540725708,0.0,0,41
drill_4mm_10_batch_00_collet_1_04-02-2025,15,3.0167665481567383,1.23783540725708,0.0,0,41
drill_4mm_10_batch_00_collet_1_04-02-2025,16,3.0038928985595703,1.23783540725708,0.0,0,41
drill_4mm_10_batch_00_collet_1_04-02-2025,17,3.373227834701538,1.23783540725708,0.0,0,41
drill_4mm_10_batch_00_collet_1_04-02-2025,18,3.8786237239837646,1.23783540725708,1.0,0,41
drill_4mm_10_batch_00_collet_1_04-02-2025,19,4.533723831176758,1.23783540725708,1.0,0,41
drill_4mm_10_batch_00_collet_1_04-02-2025,20,5.657989025115967,1.23783540725708,1.0,0,41
drill_4mm_10_batch_00_collet_1_04-02-2025,21,6.396461009979248,1.23783540725708,1.0,0,41
drill_4mm_10_batch_00_collet_1_04-02-2025,22,6.1203508377075195,1.23783540725708,1.0,0,41
drill_4mm_10_batch_00_collet_1_04-02-2025,23,5.948622703552246,1.23783540725708,1.0,0,41
drill_4mm_10_batch_00_collet_1_04-02-2025,24,7.010344982147217,1.23783540725708,1.0,0,41
drill_4mm_10_batch_00_collet_1_04-02-2025,25,7.664115905761719,1.23783540725708,1.0,0,41
drill_4mm_10_batch_00_collet_1_04-02-2025,26,8.369641304016113,1.23783540725708,1.0,0,41
drill_4mm_10_batch_00_collet_1_04-02-2025,27,9.462772369384766,1.23783540725708,1.0,0,41
drill_4mm_10_batch_00_collet_1_04-02-2025,28,9.461795806884766,1.23783540725708,1.0,0,41
drill_4mm_10_batch_00_collet_1_04-02-2025,29,10.176898956298828,1.23783540725708,1.0,0,41
drill_4mm_10_batch_00_collet_1_04-02-2025,30,10.681228637695312,1.23783540725708,1.0,0,41
drill_4mm_10_batch_00_collet_1_04-02-2025,31,10.527397155761719,1.23783540725708,1.0,0,41
drill_4mm_10_batch_00_collet_1_04-02-2025,32,11.564480781555176,1.23783540725708,1.0,0,41
drill_4mm_10_batch_00_collet_1_04-02-2025,33,11.571634292602539,1.23783540725708,1.0,0,41
drill_4mm_10_batch_00_collet_1_04-02-2025,34,12.104042053222656,1.23783540725708,1.0,0,41
drill_4mm_10_batch_00_collet_1_04-02-2025,35,12.328781127929688,1.23783540725708,1.0,0,41
drill_4mm_10_batch_00_collet_1_04-02-2025,36,12.817463874816895,1.23783540725708,1.0,0,41
drill_4mm_10_batch_00_collet_1_04-02-2025,37,12.688737869262695,1.23783540725708,1.0,0,41
drill_4mm_10_batch_00_collet_1_04-02-2025,38,12.481107711791992,1.23783540725708,1.0,0,41
drill_4mm_10_batch_00_collet_1_04-02-2025,39,10.961264610290527,1.23783540725708,1.0,0,41
drill_4mm_10_batch_00_collet_1_04-02-2025,40,10.739477157592773,1.23783540725708,1.0,0,41
drill_4mm_10_batch_00_collet_1_04-02-2025,41,10.476834297180176,1.23783540725708,1.0,0,41
drill_4mm_10_batch_00_collet_1_04-02-2025,42,10.412633895874023,1.23783540725708,1.0,0,41
drill_4mm_10_batch_00_collet_1_04-02-2025,43,10.507588386535645,1.23783540725708,1.0,0,41
drill_4mm_10_batch_00_collet_1_04-02-2025,44,10.651018142700195,1.23783540725708,1.0,0,41
drill_4mm_10_batch_00_collet_1_04-02-2025,45,10.125208854675293,1.23783540725708,1.0,0,41
drill_4mm_10_batch_00_collet_1_04-02-2025,46,9.690291404724121,1.23783540725708,1.0,0,41
drill_4mm_10_batch_00_collet_1_04-02-2025,47,9.847946166992188,1.23783540725708,1.0,0,41
drill_4mm_10_batch_00_collet_1_04-02-2025,48,10.523972511291504,1.23783540725708,1.0,0,41
drill_4mm_10_batch_00_collet_1_04-02-2025,49,10.583730697631836,1.23783540725708,1.0,1,41
drill_4mm_10_batch_00_collet_1_04-02-2025,50,10.311567306518555,1.23783540725708,1.0,1,41
drill_4mm_10_batch_00_collet_1_04-02-2025,51,10.840785026550293,1.23783540725708,1.0,1,41
drill_4mm_10_batch_00_collet_1_04-02-2025,52,10.4038667678833,1.23783540725708,1.0,1,41
drill_4mm_10_batch_00_collet_1_04-02-2025,53,10.276790618896484,1.23783540725708,1.0,1,41
drill_4mm_10_batch_00_collet_1_04-02-2025,54,10.164985656738281,1.23783540725708,1.0,1,41
drill_4mm_10_batch_00_collet_1_04-02-2025,55,10.617294311523438,1.23783540725708,1.0,1,41
drill_4mm_10_batch_00_collet_1_04-02-2025,56,11.064549446105957,1.23783540725708,1.0,1,41
drill_4mm_10_batch_00_collet_1_04-02-2025,57,11.049788475036621,1.23783540725708,1.0,1,41
drill_4mm_10_batch_00_collet_1_04-02-2025,58,8.7810640335083,1.23783540725708,1.0,1,41
drill_4mm_10_batch_00_collet_1_04-02-2025,59,10.293403625488281,1.23783540725708,1.0,1,41
drill_4mm_11_batch_00_collet_1_05-02-2025,1,0.0,3.6188173294067383,0.0,0,1
drill_4mm_11_batch_00_collet_1_05-02-2025,2,0.0,3.6188173294067383,0.0,0,1
drill_4mm_11_batch_00_collet_1_05-02-2025,3,0.0,3.6188173294067383,0.0,0,1
drill_4mm_11_batch_00_collet_1_05-02-2025,4,0.0,3.6188173294067383,0.0,0,1
drill_4mm_11_batch_00_collet_1_05-02-2025,5,0.0,3.6188173294067383,0.0,0,1
drill_4mm_11_batch_00_collet_1_05-02-2025,6,0.0,3.6188173294067383,0.0,0,1
drill_4mm_11_batch_00_collet_1_05-02-2025,7,0.0,3.6188173294067383,0.0,0,1
drill_4mm_11_batch_00_collet_1_05-02-2025,8,0.0,3.6188173294067383,0.0,0,1
drill_4mm_11_batch_00_collet_1_05-02-2025,9,0.0,3.6188173294067383,0.0,0,1
drill_4mm_11_batch_00_collet_1_05-02-2025,10,3.6188173294067383,3.6188173294067383,0.0,0,1
drill_4mm_11_batch_00_collet_1_05-02-2025,11,4.985241889953613,3.6188173294067383,0.0,0,1
drill_4mm_11_batch_00_collet_1_05-02-2025,12,10.052794456481934,3.6188173294067383,0.0,0,1
drill_4mm_11_batch_00_collet_1_05-02-2025,13,14.652742385864258,3.6188173294067383,0.0,0,1
drill_4mm_11_batch_00_collet_1_05-02-2025,14,18.701393127441406,3.6188173294067383,0.0,0,1
drill_4mm_11_batch_00_collet_1_05-02-2025,15,17.431615829467773,3.6188173294067383,0.0,0,1
drill_4mm_11_batch_00_collet_1_05-02-2025,16,29.187002182006836,3.6188173294067383,0.0,0,1
drill_4mm_11_batch_00_collet_1_05-02-2025,17,41.65000915527344,3.6188173294067383,0.0,1,1
drill_4mm_11_batch_00_collet_1_05-02-2025,18,51.5670280456543,3.6188173294067383,1.0,1,1
drill_4mm_11_batch_00_collet_1_05-02-2025,19,76.42698669433594,3.6188173294067383,1.0,1,1
drill_4mm_12_batch_01_collet_1_05-02-2025,1,0.0,3.353637456893921,0.0,0,0
drill_4mm_12_batch_01_collet_1_05-02-2025,2,0.0,3.353637456893921,0.0,0,0
drill_4mm_12_batch_01_collet_1_05-02-2025,3,0.0,3.353637456893921,0.0,0,0
drill_4mm_12_batch_01_collet_1_05-02-2025,4,0.0,3.353637456893921,0.0,0,0
drill_4mm_12_batch_01_collet_1_05-02-2025,5,0.0,3.353637456893921,0.0,0,0
drill_4mm_12_batch_01_collet_1_05-02-2025,6,0.0,3.353637456893921,0.0,0,0
drill_4mm_12_batch_01_collet_1_05-02-2025,7,0.0,3.353637456893921,0.0,0,0
drill_4mm_12_batch_01_collet_1_05-02-2025,8,0.0,3.353637456893921,0.0,0,0
drill_4mm_12_batch_01_collet_1_05-02-2025,9,0.0,3.353637456893921,0.0,0,0
drill_4mm_12_batch_01_collet_1_05-02-2025,10,3.353637456893921,3.353637456893921,0.0,0,0
drill_4mm_12_batch_01_collet_1_05-02-2025,11,5.477497100830078,3.353637456893921,0.0,0,0
drill_4mm_12_batch_01_collet_1_05-02-2025,12,13.386975288391113,3.353637456893921,0.0,0,0
drill_4mm_12_batch_01_collet_1_05-02-2025,13,22.668720245361328,3.353637456893921,0.0,0,0
drill_4mm_12_batch_01_collet_1_05-02-2025,14,49.224143981933594,3.353637456893921,0.0,0,0
drill_4mm_12_batch_01_collet_1_05-02-2025,15,82.61575317382812,3.353637456893921,0.0,1,0
drill_4mm_12_batch_01_collet_1_05-02-2025,16,84.48918914794922,3.353637456893921,0.0,1,0
drill_4mm_12_batch_01_collet_1_05-02-2025,17,55.189178466796875,3.353637456893921,0.0,1,0
drill_4mm_13_batch_01_collet_1_05-02-2025,1,0.0,1.269541621208191,0.0,0,0
drill_4mm_13_batch_01_collet_1_05-02-2025,2,0.0,1.269541621208191,0.0,0,0
drill_4mm_13_batch_01_collet_1_05-02-2025,3,0.0,1.269541621208191,0.0,0,0
drill_4mm_13_batch_01_collet_1_05-02-2025,4,0.0,1.269541621208191,0.0,0,0
drill_4mm_13_batch_01_collet_1_05-02-2025,5,0.0,1.269541621208191,0.0,0,0
drill_4mm_13_batch_01_collet_1_05-02-2025,6,0.0,1.269541621208191,0.0,0,0
drill_4mm_13_batch_01_collet_1_05-02-2025,7,0.0,1.269541621208191,0.0,0,0
drill_4mm_13_batch_01_collet_1_05-02-2025,8,0.0,1.269541621208191,0.0,0,0
drill_4mm_13_batch_01_collet_1_05-02-2025,9,0.0,1.269541621208191,0.0,0,0
drill_4mm_13_batch_01_collet_1_05-02-2025,10,1.269541621208191,1.269541621208191,0.0,0,0
drill_4mm_13_batch_01_collet_1_05-02-2025,11,1.7484811544418335,1.269541621208191,0.0,0,0
drill_4mm_13_batch_01_collet_1_05-02-2025,12,36.122520446777344,1.269541621208191,0.0,0,0
drill_4mm_13_batch_01_collet_1_05-02-2025,13,13.188995361328125,1.269541621208191,0.0,0,0
drill_4mm_13_batch_01_collet_1_05-02-2025,14,8.081351280212402,1.269541621208191,0.0,0,0
drill_4mm_13_batch_01_collet_1_05-02-2025,15,115.11222076416016,1.269541621208191,0.0,0,0
drill_4mm_13_batch_01_collet_1_05-02-2025,16,189.0243682861328,1.269541621208191,0.0,1,0
drill_4mm_13_batch_01_collet_1_05-02-2025,17,425.5151062011719,1.269541621208191,0.0,1,0
drill_4mm_13_batch_01_collet_1_05-02-2025,18,340.1499328613281,1.269541621208191,1.0,1,0
drill_4mm_14_batch_01_collet_1_06-02-2025,1,0.0,1.1495354175567627,0.0,0,3
drill_4mm_14_batch_01_collet_1_06-02-2025,2,0.0,1.1495354175567627,0.0,0,3
drill_4mm_14_batch_01_collet_1_06-02-2025,3,0.0,1.1495354175567627,0.0,0,3
drill_4mm_14_batch_01_collet_1_06-02-2025,4,0.0,1.1495354175567627,0.0,0,3
drill_4mm_14_batch_01_collet_1_06-02-2025,5,0.0,1.1495354175567627,0.0,0,3
drill_4mm_14_batch_01_collet_1_06-02-2025,6,0.0,1.1495354175567627,0.0,0,3
drill_4mm_14_batch_01_collet_1_06-02-2025,7,0.0,1.1495354175567627,0.0,0,3
drill_4mm_14_batch_01_collet_1_06-02-2025,8,0.0,1.1495354175567627,0.0,0,3
drill_4mm_14_batch_01_collet_1_06-02-2025,9,0.0,1.1495354175567627,0.0,0,3
drill_4mm_14_batch_01_collet_1_06-02-2025,10,1.1495354175567627,1.1495354175567627,0.0,0,3
drill_4mm_14_batch_01_collet_1_06-02-2025,11,2.2903871536254883,1.1495354175567627,0.0,0,3
drill_4mm_14_batch_01_collet_1_06-02-2025,12,4.833601951599121,1.1495354175567627,0.0,0,3
drill_4mm_14_batch_01_collet_1_06-02-2025,13,16.139368057250977,1.1495354175567627,0.0,0,3
drill_4mm_14_batch_01_collet_1_06-02-2025,14,15.640941619873047,1.1495354175567627,0.0,0,3
drill_4mm_14_batch_01_collet_1_06-02-2025,15,17.11180305480957,1.1495354175567627,0.0,0,3
drill_4mm_14_batch_01_collet_1_06-02-2025,16,20.263381958007812,1.1495354175567627,0.0,0,3
drill_4mm_14_batch_01_collet_1_06-02-2025,17,17.313945770263672,1.1495354175567627,0.0,0,3
drill_4mm_14_batch_01_collet_1_06-02-2025,18,20.939699172973633,1.1495354175567627,1.0,1,3
drill_4mm_14_batch_01_collet_1_06-02-2025,19,27.978952407836914,1.1495354175567627,1.0,1,3
drill_4mm_14_batch_01_collet_1_06-02-2025,20,38.009098052978516,1.1495354175567627,1.0,1,3
drill_4mm_14_batch_01_collet_1_06-02-2025,21,25.737817764282227,1.1495354175567627,1.0,1,3
drill_4mm_15_batch_01_collet_1_06-02-2025,1,0.0,1.5603739023208618,0.0,0,26
drill_4mm_15_batch_01_collet_1_06-02-2025,2,0.0,1.5603739023208618,0.0,0,26
drill_4mm_15_batch_01_collet_1_06-02-2025,3,0.0,1.5603739023208618,0.0,0,26
drill_4mm_15_batch_01_collet_1_06-02-2025,4,0.0,1.5603739023208618,0.0,0,26
drill_4mm_15_batch_01_collet_1_06-02-2025,5,0.0,1.5603739023208618,0.0,0,26
drill_4mm_15_batch_01_collet_1_06-02-2025,6,0.0,1.5603739023208618,0.0,0,26
drill_4mm_15_batch_01_collet_1_06-02-2025,7,0.0,1.5603739023208618,0.0,0,26
drill_4mm_15_batch_01_collet_1_06-02-2025,8,0.0,1.5603739023208618,0.0,0,26
drill_4mm_15_batch_01_collet_1_06-02-2025,9,0.0,1.5603739023208618,0.0,0,26
drill_4mm_15_batch_01_collet_1_06-02-2025,10,1.5603739023208618,1.5603739023208618,0.0,0,26
drill_4mm_15_batch_01_collet_1_06-02-2025,11,2.621105432510376,1.5603739023208618,0.0,0,26
drill_4mm_15_batch_01_collet_1_06-02-2025,12,3.7395002841949463,1.5603739023208618,0.0,0,26
drill_4mm_15_batch_01_collet_1_06-02-2025,13,4.178904056549072,1.5603739023208618,0.0,0,26
drill_4mm_15_batch_01_collet_1_06-02-2025,14,11.892709732055664,1.5603739023208618,0.0,0,26
drill_4mm_15_batch_01_collet_1_06-02-2025,15,10.38557243347168,1.5603739023208618,0.0,0,26
drill_4mm_15_batch_01_collet_1_06-02-2025,16,10.246658325195312,1.5603739023208618,0.0,0,26
drill_4mm_15_batch_01_collet_1_06-02-2025,17,12.037130355834961,1.5603739023208618,0.0,0,26
drill_4mm_15_batch_01_collet_1_06-02-2025,18,16.71085548400879,1.5603739023208618,1.0,0,26
drill_4mm_15_batch_01_collet_1_06-02-2025,19,16.912660598754883,1.5603739023208618,1.0,0,26
drill_4mm_15_batch_01_collet_1_06-02-2025,20,18.20660400390625,1.5603739023208618,1.0,0,26
drill_4mm_15_batch_01_collet_1_06-02-2025,21,21.07694435119629,1.5603739023208618,1.0,0,26
drill_4mm_15_batch_01_collet_1_06-02-2025,22,21.653799057006836,1.5603739023208618,1.0,0,26
drill_4mm_15_batch_01_collet_1_06-02-2025,23,25.862497329711914,1.5603739023208618,1.0,0,26
drill_4mm_15_batch_01_collet_1_06-02-2025,24,22.87104034423828,1.5603739023208618,1.0,0,26
drill_4mm_15_batch_01_collet_1_06-02-2025,25,25.036178588867188,1.5603739023208618,1.0,0,26
drill_4mm_15_batch_01_collet_1_06-02-2025,26,23.841768264770508,1.5603739023208618,1.0,0,26
drill_4mm_15_batch_01_collet_1_06-02-2025,27,24.870243072509766,1.5603739023208618,1.0,0,26
drill_4mm_15_batch_01_collet_1_06-02-2025,28,25.521976470947266,1.5603739023208618,1.0,0,26
drill_4mm_15_batch_01_collet_1_06-02-2025,29,26.131370544433594,1.5603739023208618,1.0,0,26
drill_4mm_15_batch_01_collet_1_06-02-2025,30,27.509294509887695,1.5603739023208618,1.0,0,26
drill_4mm_15_batch_01_collet_1_06-02-2025,31,25.604976654052734,1.5603739023208618,1.0,0,26
drill_4mm_15_batch_01_collet_1_06-02-2025,32,23.301591873168945,1.5603739023208618,1.0,0,26
drill_4mm_15_batch_01_collet_1_06-02-2025,33,23.460430145263672,1.5603739023208618,1.0,0,26
drill_4mm_15_batch_01_collet_1_06-02-2025,34,22.49268913269043,1.5603739023208618,1.0,0,26
drill_4mm_15_batch_01_collet_1_06-02-2025,35,22.42195701599121,1.5603739023208618,1.0,0,26
drill_4mm_15_batch_01_collet_1_06-02-2025,36,22.59410858154297,1.5603739023208618,1.0,0,26
drill_4mm_15_batch_01_collet_1_06-02-2025,37,23.14041519165039,1.5603739023208618,1.0,1,26
drill_4mm_15_batch_01_collet_1_06-02-2025,38,19.635719299316406,1.5603739023208618,1.0,1,26
drill_4mm_15_batch_01_collet_1_06-02-2025,39,16.571680068969727,1.5603739023208618,1.0,1,26
drill_4mm_15_batch_01_collet_1_06-02-2025,40,15.18886947631836,1.5603739023208618,1.0,1,26
drill_4mm_15_batch_01_collet_1_06-02-2025,41,18.60900115966797,1.5603739023208618,1.0,1,26
drill_4mm_15_batch_01_collet_1_06-02-2025,42,19.191015243530273,1.5603739023208618,1.0,1,26
drill_4mm_15_batch_01_collet_1_06-02-2025,43,15.98779296875,1.5603739023208618,1.0,1,26
drill_4mm_15_batch_01_collet_1_06-02-2025,44,14.692991256713867,1.5603739023208618,1.0,1,26
drill_4mm_16_batch_01_collet_1_06-02-2025,1,0.0,1.87238347530365,0.0,0,20
drill_4mm_16_batch_01_collet_1_06-02-2025,2,0.0,1.87238347530365,0.0,0,20
drill_4mm_16_batch_01_collet_1_06-02-2025,3,0.0,1.87238347530365,0.0,0,20
drill_4mm_16_batch_01_collet_1_06-02-2025,4,0.0,1.87238347530365,0.0,0,20
drill_4mm_16_batch_01_collet_1_06-02-2025,5,0.0,1.87238347530365,0.0,0,20
drill_4mm_16_batch_01_collet_1_06-02-2025,6,0.0,1.87238347530365,0.0,0,20
drill_4mm_16_batch_01_collet_1_06-02-2025,7,0.0,1.87238347530365,0.0,0,20
drill_4mm_16_batch_01_collet_1_06-02-2025,8,0.0,1.87238347530365,0.0,0,20
drill_4mm_16_batch_01_collet_1_06-02-2025,9,0.0,1.87238347530365,0.0,0,20
drill_4mm_16_batch_01_collet_1_06-02-2025,10,1.87238347530365,1.87238347530365,0.0,0,20
drill_4mm_16_batch_01_collet_1_06-02-2025,11,2.224173069000244,1.87238347530365,0.0,0,20
drill_4mm_16_batch_01_collet_1_06-02-2025,12,3.0056161880493164,1.87238347530365,0.0,0,20
drill_4mm_16_batch_01_collet_1_06-02-2025,13,7.952482223510742,1.87238347530365,0.0,0,20
drill_4mm_16_batch_01_collet_1_06-02-2025,14,6.2488250732421875,1.87238347530365,0.0,0,20
drill_4mm_16_batch_01_collet_1_06-02-2025,15,13.874128341674805,1.87238347530365,0.0,0,20
drill_4mm_16_batch_01_collet_1_06-02-2025,16,8.689318656921387,1.87238347530365,0.0,0,20
drill_4mm_16_batch_01_collet_1_06-02-2025,17,10.382966041564941,1.87238347530365,0.0,0,20
drill_4mm_16_batch_01_collet_1_06-02-2025,18,11.726680755615234,1.87238347530365,1.0,0,20
drill_4mm_16_batch_01_collet_1_06-02-2025,19,12.100475311279297,1.87238347530365,1.0,0,20
drill_4mm_16_batch_01_collet_1_06-02-2025,20,13.911307334899902,1.87238347530365,1.0,0,20
drill_4mm_16_batch_01_collet_1_06-02-2025,21,14.607985496520996,1.87238347530365,1.0,0,20
drill_4mm_16_batch_01_collet_1_06-02-2025,22,16.640377044677734,1.87238347530365,1.0,0,20
drill_4mm_16_batch_01_collet_1_06-02-2025,23,18.182241439819336,1.87238347530365,1.0,0,20
drill_4mm_16_batch_01_collet_1_06-02-2025,24,21.272621154785156,1.87238347530365,1.0,0,20
drill_4mm_16_batch_01_collet_1_06-02-2025,25,20.904077529907227,1.87238347530365,1.0,0,20
drill_4mm_16_batch_01_collet_1_06-02-2025,26,23.346172332763672,1.87238347530365,1.0,0,20
drill_4mm_16_batch_01_collet_1_06-02-2025,27,23.44805145263672,1.87238347530365,1.0,0,20
drill_4mm_16_batch_01_collet_1_06-02-2025,28,24.865793228149414,1.87238347530365,1.0,0,20
drill_4mm_16_batch_01_collet_1_06-02-2025,29,28.809965133666992,1.87238347530365,1.0,0,20
drill_4mm_16_batch_01_collet_1_06-02-2025,30,27.732423782348633,1.87238347530365,1.0,0,20
drill_4mm_16_batch_01_collet_1_06-02-2025,31,24.379907608032227,1.87238347530365,1.0,0,20
drill_4mm_16_batch_01_collet_1_06-02-2025,32,25.138927459716797,1.87238347530365,1.0,1,20
drill_4mm_16_batch_01_collet_1_06-02-2025,33,39.68402099609375,1.87238347530365,1.0,1,20
drill_4mm_16_batch_01_collet_1_06-02-2025,34,25.204864501953125,1.87238347530365,1.0,1,20
drill_4mm_16_batch_01_collet_1_06-02-2025,35,22.903499603271484,1.87238347530365,1.0,1,20
drill_4mm_16_batch_01_collet_1_06-02-2025,36,21.90940284729004,1.87238347530365,1.0,1,20
drill_4mm_16_batch_01_collet_1_06-02-2025,37,20.205549240112305,1.87238347530365,1.0,1,20
drill_4mm_16_batch_01_collet_1_06-02-2025,38,19.982004165649414,1.87238347530365,1.0,1,20
drill_4mm_17_batch_01_collet_1_06-02-2025,1,0.0,1.1465799808502197,0.0,0,0
drill_4mm_17_batch_01_collet_1_06-02-2025,2,0.0,1.1465799808502197,0.0,0,0
drill_4mm_17_batch_01_collet_1_06-02-2025,3,0.0,1.1465799808502197,0.0,0,0
drill_4mm_17_batch_01_collet_1_06-02-2025,4,0.0,1.1465799808502197,0.0,0,0
drill_4mm_17_batch_01_collet_1_06-02-2025,5,0.0,1.1465799808502197,0.0,0,0
drill_4mm_17_batch_01_collet_1_06-02-2025,6,0.0,1.1465799808502197,0.0,0,0
drill_4mm_17_batch_01_collet_1_06-02-2025,7,0.0,1.1465799808502197,0.0,0,0
drill_4mm_17_batch_01_collet_1_06-02-2025,8,0.0,1.1465799808502197,0.0,0,0
drill_4mm_17_batch_01_collet_1_06-02-2025,9,0.0,1.1465799808502197,0.0,0,0
drill_4mm_17_batch_01_collet_1_06-02-2025,10,1.1465799808502197,1.1465799808502197,0.0,0,0
drill_4mm_17_batch_01_collet_1_06-02-2025,11,1.086875319480896,1.1465799808502197,0.0,0,0
drill_4mm_17_batch_01_collet_1_06-02-2025,12,1.2865718603134155,1.1465799808502197,0.0,0,0
drill_4mm_17_batch_01_collet_1_06-02-2025,13,2.3087923526763916,1.1465799808502197,0.0,0,0
drill_4mm_17_batch_01_collet_1_06-02-2025,14,2.789361000061035,1.1465799808502197,0.0,0,0
drill_4mm_17_batch_01_collet_1_06-02-2025,15,2.7476794719696045,1.1465799808502197,0.0,0,0
drill_4mm_17_batch_01_collet_1_06-02-2025,16,4.441193103790283,1.1465799808502197,0.0,0,0
drill_4mm_17_batch_01_collet_1_06-02-2025,17,4.046838760375977,1.1465799808502197,0.0,1,0
drill_4mm_17_batch_01_collet_1_06-02-2025,18,4.496517658233643,1.1465799808502197,0.0,1,0
drill_4mm_17_batch_01_collet_1_06-02-2025,19,5.1461501121521,1.1465799808502197,1.0,1,0
drill_4mm_18_batch_01_collet_1_07-02-2025,1,0.0,1.0077351331710815,0.0,0,63
drill_4mm_18_batch_01_collet_1_07-02-2025,2,0.0,1.0077351331710815,0.0,0,63
drill_4mm_18_batch_01_collet_1_07-02-2025,3,0.0,1.0077351331710815,0.0,0,63
drill_4mm_18_batch_01_collet_1_07-02-2025,4,0.0,1.0077351331710815,0.0,0,63
drill_4mm_18_batch_01_collet_1_07-02-2025,5,0.0,1.0077351331710815,0.0,0,63
drill_4mm_18_batch_01_collet_1_07-02-2025,6,0.0,1.0077351331710815,0.0,0,63
drill_4mm_18_batch_01_collet_1_07-02-2025,7,0.0,1.0077351331710815,0.0,0,63
drill_4mm_18_batch_01_collet_1_07-02-2025,8,0.0,1.0077351331710815,0.0,0,63
drill_4mm_18_batch_01_collet_1_07-02-2025,9,0.0,1.0077351331710815,0.0,0,63
drill_4mm_18_batch_01_collet_1_07-02-2025,10,1.0077351331710815,1.0077351331710815,0.0,0,63
drill_4mm_18_batch_01_collet_1_07-02-2025,11,1.1660680770874023,1.0077351331710815,0.0,0,63
drill_4mm_18_batch_01_collet_1_07-02-2025,12,2.4351749420166016,1.0077351331710815,0.0,0,63
drill_4mm_18_batch_01_collet_1_07-02-2025,13,2.7292346954345703,1.0077351331710815,0.0,0,63
drill_4mm_18_batch_01_collet_1_07-02-2025,14,2.59490966796875,1.0077351331710815,0.0,0,63
drill_4mm_18_batch_01_collet_1_07-02-2025,15,3.209446430206299,1.0077351331710815,0.0,0,63
drill_4mm_18_batch_01_collet_1_07-02-2025,16,3.1448097229003906,1.0077351331710815,0.0,0,63
drill_4mm_18_batch_01_collet_1_07-02-2025,17,9.543834686279297,1.0077351331710815,0.0,0,63
drill_4mm_18_batch_01_collet_1_07-02-2025,18,4.7103681564331055,1.0077351331710815,1.0,0,63
drill_4mm_18_batch_01_collet_1_07-02-2025,19,5.358897686004639,1.0077351331710815,1.0,0,63
drill_4mm_18_batch_01_collet_1_07-02-2025,20,6.79412317276001,1.0077351331710815,1.0,0,63
drill_4mm_18_batch_01_collet_1_07-02-2025,21,6.3963704109191895,1.0077351331710815,1.0,0,63
drill_4mm_18_batch_01_collet_1_07-02-2025,22,7.10248327255249,1.0077351331710815,1.0,0,63
drill_4mm_18_batch_01_collet_1_07-02-2025,23,9.03026294708252,1.0077351331710815,1.0,0,63
drill_4mm_18_batch_01_collet_1_07-02-2025,24,8.654791831970215,1.0077351331710815,1.0,0,63
drill_4mm_18_batch_01_collet_1_07-02-2025,25,29.78533363342285,1.0077351331710815,1.0,0,63
drill_4mm_18_batch_01_collet_1_07-02-2025,26,26.856863021850586,1.0077351331710815,1.0,0,63
drill_4mm_18_batch_01_collet_1_07-02-2025,27,15.783187866210938,1.0077351331710815,1.0,0,63
drill_4mm_18_batch_01_collet_1_07-02-2025,28,14.016352653503418,1.0077351331710815,1.0,0,63
drill_4mm_18_batch_01_collet_1_07-02-2025,29,9.4154634475708,1.0077351331710815,1.0,0,63
drill_4mm_18_batch_01_collet_1_07-02-2025,30,8.424657821655273,1.0077351331710815,1.0,0,63
drill_4mm_18_batch_01_collet_1_07-02-2025,31,12.095972061157227,1.0077351331710815,1.0,0,63
drill_4mm_18_batch_01_collet_1_07-02-2025,32,14.320772171020508,1.0077351331710815,1.0,0,63
drill_4mm_18_batch_01_collet_1_07-02-2025,33,6.907370567321777,1.0077351331710815,1.0,0,63
drill_4mm_18_batch_01_collet_1_07-02-2025,34,7.386177062988281,1.0077351331710815,1.0,0,63
drill_4mm_18_batch_01_collet_1_07-02-2025,35,7.024090766906738,1.0077351331710815,1.0,0,63
drill_4mm_18_batch_01_collet_1_07-02-2025,36,9.566386222839355,1.0077351331710815,1.0,0,63
drill_4mm_18_batch_01_collet_1_07-02-2025,37,9.041093826293945,1.0077351331710815,1.0,0,63
drill_4mm_18_batch_01_collet_1_07-02-2025,38,11.276524543762207,1.0077351331710815,1.0,0,63
drill_4mm_18_batch_01_collet_1_07-02-2025,39,14.563285827636719,1.0077351331710815,1.0,0,63
drill_4mm_18_batch_01_collet_1_07-02-2025,40,16.82427215576172,1.0077351331710815,1.0,0,63
drill_4mm_18_batch_01_collet_1_07-02-2025,41,50.15610885620117,1.0077351331710815,1.0,0,63
drill_4mm_18_batch_01_collet_1_07-02-2025,42,43.55537414550781,1.0077351331710815,1.0,0,63
drill_4mm_18_batch_01_collet_1_07-02-2025,43,46.2381591796875,1.0077351331710815,1.0,0,63
drill_4mm_18_batch_01_collet_1_07-02-2025,44,45.170448303222656,1.0077351331710815,1.0,0,63
drill_4mm_18_batch_01_collet_1_07-02-2025,45,53.89472961425781,1.0077351331710815,1.0,0,63
drill_4mm_18_batch_01_collet_1_07-02-2025,46,47.23002624511719,1.0077351331710815,1.0,0,63
drill_4mm_18_batch_01_collet_1_07-02-2025,47,38.03832244873047,1.0077351331710815,1.0,0,63
drill_4mm_18_batch_01_collet_1_07-02-2025,48,37.34574508666992,1.0077351331710815,1.0,0,63
drill_4mm_18_batch_01_collet_1_07-02-2025,49,38.2747802734375,1.0077351331710815,1.0,0,63
drill_4mm_18_batch_01_collet_1_07-02-2025,50,48.570377349853516,1.0077351331710815,1.0,0,63
drill_4mm_18_batch_01_collet_1_07-02-2025,51,40.544010162353516,1.0077351331710815,1.0,0,63
drill_4mm_18_batch_01_collet_1_07-02-2025,52,38.569862365722656,1.0077351331710815,1.0,0,63
drill_4mm_18_batch_01_collet_1_07-02-2025,53,27.138221740722656,1.0077351331710815,1.0,0,63
drill_4mm_18_batch_01_collet_1_07-02-2025,54,34.66617202758789,1.0077351331710815,1.0,0,63
drill_4mm_18_batch_01_collet_1_07-02-2025,55,38.45918273925781,1.0077351331710815,1.0,0,63
drill_4mm_18_batch_01_collet_1_07-02-2025,56,39.92425537109375,1.0077351331710815,1.0,0,63
drill_4mm_18_batch_01_collet_1_07-02-2025,57,38.27616882324219,1.0077351331710815,1.0,0,63
drill_4mm_18_batch_01_collet_1_07-02-2025,58,35.57430648803711,1.0077351331710815,1.0,0,63
drill_4mm_18_batch_01_collet_1_07-02-2025,59,29.147037506103516,1.0077351331710815,1.0,0,63
drill_4mm_18_batch_01_collet_1_07-02-2025,60,33.57646179199219,1.0077351331710815,1.0,0,63
drill_4mm_18_batch_01_collet_1_07-02-2025,61,34.975242614746094,1.0077351331710815,1.0,0,63
drill_4mm_18_batch_01_collet_1_07-02-2025,62,31.220182418823242,1.0077351331710815,1.0,0,63
drill_4mm_18_batch_01_collet_1_07-02-2025,63,28.946916580200195,1.0077351331710815,1.0,0,63
drill_4mm_18_batch_01_collet_1_07-02-2025,64,29.85143280029297,1.0077351331710815,1.0,0,63
drill_4mm_18_batch_01_collet_1_07-02-2025,65,29.966903686523438,1.0077351331710815,1.0,0,63
drill_4mm_18_batch_01_collet_1_07-02-2025,66,30.325448989868164,1.0077351331710815,1.0,1,63
drill_4mm_18_batch_01_collet_1_07-02-2025,67,30.56591796875,1.0077351331710815,1.0,1,63
drill_4mm_18_batch_01_collet_1_07-02-2025,68,31.758399963378906,1.0077351331710815,1.0,1,63
drill_4mm_18_batch_01_collet_1_07-02-2025,69,31.885953903198242,1.0077351331710815,1.0,1,63
drill_4mm_18_batch_01_collet_1_07-02-2025,70,31.9410343170166,1.0077351331710815,1.0,1,63
drill_4mm_18_batch_01_collet_1_07-02-2025,71,37.18311309814453,1.0077351331710815,1.0,1,63
drill_4mm_18_batch_01_collet_1_07-02-2025,72,37.75936508178711,1.0077351331710815,1.0,1,63
drill_4mm_18_batch_01_collet_1_07-02-2025,73,36.69458770751953,1.0077351331710815,1.0,1,63
drill_4mm_18_batch_01_collet_1_07-02-2025,74,35.4842643737793,1.0077351331710815,1.0,1,63
drill_4mm_18_batch_01_collet_1_07-02-2025,75,28.458499908447266,1.0077351331710815,1.0,1,63
drill_4mm_18_batch_01_collet_1_07-02-2025,76,31.86224365234375,1.0077351331710815,1.0,1,63
drill_4mm_18_batch_01_collet_1_07-02-2025,77,33.56668472290039,1.0077351331710815,1.0,1,63
drill_4mm_18_batch_01_collet_1_07-02-2025,78,24.209304809570312,1.0077351331710815,1.0,1,63
drill_4mm_18_batch_01_collet_1_07-02-2025,79,27.555845260620117,1.0077351331710815,1.0,1,63
drill_4mm_18_batch_01_collet_1_07-02-2025,80,27.12980842590332,1.0077351331710815,1.0,1,63
drill_4mm_18_batch_01_collet_1_07-02-2025,81,25.121997833251953,1.0077351331710815,1.0,1,63
drill_4mm_19_batch_02_collet_1_13-02-2025,1,0.0,1.4925369024276733,0.0,0,35
drill_4mm_19_batch_02_collet_1_13-02-2025,2,0.0,1.4925369024276733,0.0,0,35
drill_4mm_19_batch_02_collet_1_13-02-2025,3,0.0,1.4925369024276733,0.0,0,35
drill_4mm_19_batch_02_collet_1_13-02-2025,4,0.0,1.4925369024276733,0.0,0,35
drill_4mm_19_batch_02_collet_1_13-02-2025,5,0.0,1.4925369024276733,0.0,0,35
drill_4mm_19_batch_02_collet_1_13-02-2025,6,0.0,1.4925369024276733,0.0,0,35
drill_4mm_19_batch_02_collet_1_13-02-2025,7,0.0,1.4925369024276733,0.0,0,35
drill_4mm_19_batch_02_collet_1_13-02-2025,8,0.0,1.4925369024276733,0.0,0,35
drill_4mm_19_batch_02_collet_1_13-02-2025,9,0.0,1.4925369024276733,0.0,0,35
drill_4mm_19_batch_02_collet_1_13-02-2025,10,1.4925369024276733,1.4925369024276733,0.0,0,35
drill_4mm_19_batch_02_collet_1_13-02-2025,11,2.028564929962158,1.4925369024276733,0.0,0,35
drill_4mm_19_batch_02_collet_1_13-02-2025,12,2.526205062866211,1.4925369024276733,0.0,0,35
drill_4mm_19_batch_02_collet_1_13-02-2025,13,3.1121597290039062,1.4925369024276733,0.0,0,35
drill_4mm_19_batch_02_collet_1_13-02-2025,14,3.76434588432312,1.4925369024276733,0.0,0,35
drill_4mm_19_batch_02_collet_1_13-02-2025,15,8.894963264465332,1.4925369024276733,0.0,0,35
drill_4mm_19_batch_02_collet_1_13-02-2025,16,6.261765480041504,1.4925369024276733,0.0,0,35
drill_4mm_19_batch_02_collet_1_13-02-2025,17,7.735717296600342,1.4925369024276733,0.0,0,35
drill_4mm_19_batch_02_collet_1_13-02-2025,18,11.732914924621582,1.4925369024276733,1.0,0,35
drill_4mm_19_batch_02_collet_1_13-02-2025,19,11.788094520568848,1.4925369024276733,1.0,0,35
drill_4mm_19_batch_02_collet_1_13-02-2025,20,13.093156814575195,1.4925369024276733,1.0,0,35
drill_4mm_19_batch_02_collet_1_13-02-2025,21,15.503430366516113,1.4925369024276733,1.0,0,35
drill_4mm_19_batch_02_collet_1_13-02-2025,22,17.154621124267578,1.4925369024276733,1.0,0,35
drill_4mm_19_batch_02_collet_1_13-02-2025,23,17.7094783782959,1.4925369024276733,1.0,0,35
drill_4mm_19_batch_02_collet_1_13-02-2025,24,19.272844314575195,1.4925369024276733,1.0,0,35
drill_4mm_19_batch_02_collet_1_13-02-2025,25,18.261425018310547,1.4925369024276733,1.0,0,35
drill_4mm_19_batch_02_collet_1_13-02-2025,26,18.709136962890625,1.4925369024276733,1.0,0,35
drill_4mm_19_batch_02_collet_1_13-02-2025,27,19.714292526245117,1.4925369024276733,1.0,0,35
drill_4mm_19_batch_02_collet_1_13-02-2025,28,18.22079086303711,1.4925369024276733,1.0,0,35
drill_4mm_19_batch_02_collet_1_13-02-2025,29,17.46438980102539,1.4925369024276733,1.0,0,35
drill_4mm_19_batch_02_collet_1_13-02-2025,30,17.133512496948242,1.4925369024276733,1.0,0,35
drill_4mm_19_batch_02_collet_1_13-02-2025,31,17.18868064880371,1.4925369024276733,1.0,0,35
drill_4mm_19_batch_02_collet_1_13-02-2025,32,17.264278411865234,1.4925369024276733,1.0,0,35
drill_4mm_19_batch_02_collet_1_13-02-2025,33,17.357412338256836,1.4925369024276733,1.0,0,35
drill_4mm_19_batch_02_collet_1_13-02-2025,34,17.386465072631836,1.4925369024276733,1.0,0,35
drill_4mm_19_batch_02_collet_1_13-02-2025,35,17.745073318481445,1.4925369024276733,1.0,0,35
drill_4mm_19_batch_02_collet_1_13-02-2025,36,17.655839920043945,1.4925369024276733,1.0,0,35
drill_4mm_19_batch_02_collet_1_13-02-2025,37,16.953420639038086,1.4925369024276733,1.0,0,35
drill_4mm_19_batch_02_collet_1_13-02-2025,38,16.605247497558594,1.4925369024276733,1.0,0,35
drill_4mm_19_batch_02_collet_1_13-02-2025,39,15.707181930541992,1.4925369024276733,1.0,0,35
drill_4mm_19_batch_02_collet_1_13-02-2025,40,15.642654418945312,1.4925369024276733,1.0,0,35
drill_4mm_19_batch_02_collet_1_13-02-2025,41,15.404251098632812,1.4925369024276733,1.0,0,35
drill_4mm_19_batch_02_collet_1_13-02-2025,42,15.645038604736328,1.4925369024276733,1.0,0,35
drill_4mm_19_batch_02_collet_1_13-02-2025,43,15.018787384033203,1.4925369024276733,1.0,0,35
drill_4mm_19_batch_02_collet_1_13-02-2025,44,14.773615837097168,1.4925369024276733,1.0,1,35
drill_4mm_19_batch_02_collet_1_13-02-2025,45,14.247589111328125,1.4925369024276733,1.0,1,35
drill_4mm_19_batch_02_collet_1_13-02-2025,46,15.097007751464844,1.4925369024276733,1.0,1,35
drill_4mm_19_batch_02_collet_1_13-02-2025,47,17.25396728515625,1.4925369024276733,1.0,1,35
drill_4mm_19_batch_02_collet_1_13-02-2025,48,18.10450553894043,1.4925369024276733,1.0,1,35
drill_4mm_19_batch_02_collet_1_13-02-2025,49,25.007291793823242,1.4925369024276733,1.0,1,35
drill_4mm_19_batch_02_collet_1_13-02-2025,50,17.78664779663086,1.4925369024276733,1.0,1,35
drill_4mm_19_batch_02_collet_1_13-02-2025,51,17.582258224487305,1.4925369024276733,1.0,1,35
drill_4mm_19_batch_02_collet_1_13-02-2025,52,17.72983169555664,1.4925369024276733,1.0,1,35
drill_4mm_19_batch_02_collet_1_13-02-2025,53,19.065439224243164,1.4925369024276733,1.0,1,35
drill_4mm_20_batch_03_collet_1_13-02-2025,1,0.0,2.018925189971924,0.0,0,17
drill_4mm_20_batch_03_collet_1_13-02-2025,2,0.0,2.018925189971924,0.0,0,17
drill_4mm_20_batch_03_collet_1_13-02-2025,3,0.0,2.018925189971924,0.0,0,17
drill_4mm_20_batch_03_collet_1_13-02-2025,4,0.0,2.018925189971924,0.0,0,17
drill_4mm_20_batch_03_collet_1_13-02-2025,5,0.0,2.018925189971924,0.0,0,17
drill_4mm_20_batch_03_collet_1_13-02-2025,6,0.0,2.018925189971924,0.0,0,17
drill_4mm_20_batch_03_collet_1_13-02-2025,7,0.0,2.018925189971924,0.0,0,17
drill_4mm_20_batch_03_collet_1_13-02-2025,8,0.0,2.018925189971924,0.0,0,17
drill_4mm_20_batch_03_collet_1_13-02-2025,9,0.0,2.018925189971924,0.0,0,17
drill_4mm_20_batch_03_collet_1_13-02-2025,10,2.018925189971924,2.018925189971924,0.0,0,17
drill_4mm_20_batch_03_collet_1_13-02-2025,11,2.3861236572265625,2.018925189971924,0.0,0,17
drill_4mm_20_batch_03_collet_1_13-02-2025,12,10.384593963623047,2.018925189971924,0.0,0,17
drill_4mm_20_batch_03_collet_1_13-02-2025,13,110.53337860107422,2.018925189971924,0.0,0,17
drill_4mm_20_batch_03_collet_1_13-02-2025,14,18.4893741607666,2.018925189971924,0.0,0,17
drill_4mm_20_batch_03_collet_1_13-02-2025,15,11.475332260131836,2.018925189971924,0.0,0,17
drill_4mm_20_batch_03_collet_1_13-02-2025,16,12.082674026489258,2.018925189971924,0.0,0,17
drill_4mm_20_batch_03_collet_1_13-02-2025,17,9.063179016113281,2.018925189971924,0.0,0,17
drill_4mm_20_batch_03_collet_1_13-02-2025,18,6.141378879547119,2.018925189971924,1.0,0,17
drill_4mm_20_batch_03_collet_1_13-02-2025,19,5.343640327453613,2.018925189971924,1.0,0,17
drill_4mm_20_batch_03_collet_1_13-02-2025,20,5.5729193687438965,2.018925189971924,1.0,0,17
drill_4mm_20_batch_03_collet_1_13-02-2025,21,5.152714729309082,2.018925189971924,1.0,0,17
drill_4mm_20_batch_03_collet_1_13-02-2025,22,7.785116672515869,2.018925189971924,1.0,0,17
drill_4mm_20_batch_03_collet_1_13-02-2025,23,5.089658737182617,2.018925189971924,1.0,0,17
drill_4mm_20_batch_03_collet_1_13-02-2025,24,8.877707481384277,2.018925189971924,1.0,0,17
drill_4mm_20_batch_03_collet_1_13-02-2025,25,5.436483860015869,2.018925189971924,1.0,0,17
drill_4mm_20_batch_03_collet_1_13-02-2025,26,5.280779838562012,2.018925189971924,1.0,0,17
drill_4mm_20_batch_03_collet_1_13-02-2025,27,5.180387496948242,2.018925189971924,1.0,0,17
drill_4mm_20_batch_03_collet_1_13-02-2025,28,5.345437049865723,2.018925189971924,1.0,0,17
drill_4mm_20_batch_03_collet_1_13-02-2025,29,5.5913238525390625,2.018925189971924,1.0,1,17
drill_4mm_20_batch_03_collet_1_13-02-2025,30,5.520314693450928,2.018925189971924,1.0,1,17
drill_4mm_20_batch_03_collet_1_13-02-2025,31,6.085536003112793,2.018925189971924,1.0,1,17
drill_4mm_20_batch_03_collet_1_13-02-2025,32,6.13151216506958,2.018925189971924,1.0,1,17
drill_4mm_20_batch_03_collet_1_13-02-2025,33,15.071990013122559,2.018925189971924,1.0,1,17
drill_4mm_20_batch_03_collet_1_13-02-2025,34,6.71237850189209,2.018925189971924,1.0,1,17
drill_4mm_20_batch_03_collet_1_13-02-2025,35,7.9835381507873535,2.018925189971924,1.0,1,17
drill_4mm_21_batch_02_collet_2_14-02-2025,1,0.0,1.7347134351730347,0.0,0,10
drill_4mm_21_batch_02_collet_2_14-02-2025,2,0.0,1.7347134351730347,0.0,0,10
drill_4mm_21_batch_02_collet_2_14-02-2025,3,0.0,1.7347134351730347,0.0,0,10
drill_4mm_21_batch_02_collet_2_14-02-2025,4,0.0,1.7347134351730347,0.0,0,10
drill_4mm_21_batch_02_collet_2_14-02-2025,5,0.0,1.7347134351730347,0.0,0,10
drill_4mm_21_batch_02_collet_2_14-02-2025,6,0.0,1.7347134351730347,0.0,0,10
drill_4mm_21_batch_02_collet_2_14-02-2025,7,0.0,1.7347134351730347,0.0,0,10
drill_4mm_21_batch_02_collet_2_14-02-2025,8,0.0,1.7347134351730347,0.0,0,10
drill_4mm_21_batch_02_collet_2_14-02-2025,9,0.0,1.7347134351730347,0.0,0,10
drill_4mm_21_batch_02_collet_2_14-02-2025,10,1.7347134351730347,1.7347134351730347,0.0,0,10
drill_4mm_21_batch_02_collet_2_14-02-2025,11,1.9302873611450195,1.7347134351730347,0.0,0,10
drill_4mm_21_batch_02_collet_2_14-02-2025,12,2.451460123062134,1.7347134351730347,0.0,0,10
drill_4mm_21_batch_02_collet_2_14-02-2025,13,5.173375129699707,1.7347134351730347,0.0,0,10
drill_4mm_21_batch_02_collet_2_14-02-2025,14,7.705395698547363,1.7347134351730347,0.0,0,10
drill_4mm_21_batch_02_collet_2_14-02-2025,15,6.1711297035217285,1.7347134351730347,0.0,0,10
drill_4mm_21_batch_02_collet_2_14-02-2025,16,6.7285027503967285,1.7347134351730347,0.0,0,10
drill_4mm_21_batch_02_collet_2_14-02-2025,17,8.339308738708496,1.7347134351730347,0.0,0,10
drill_4mm_21_batch_02_collet_2_14-02-2025,18,8.283821105957031,1.7347134351730347,1.0,0,10
drill_4mm_21_batch_02_collet_2_14-02-2025,19,8.1467924118042,1.7347134351730347,1.0,0,10
drill_4mm_21_batch_02_collet_2_14-02-2025,20,8.655235290527344,1.7347134351730347,1.0,0,10
drill_4mm_21_batch_02_collet_2_14-02-2025,21,11.535730361938477,1.7347134351730347,1.0,0,10
drill_4mm_21_batch_02_collet_2_14-02-2025,22,10.661260604858398,1.7347134351730347,1.0,0,10
drill_4mm_21_batch_02_collet_2_14-02-2025,23,10.865669250488281,1.7347134351730347,1.0,0,10
drill_4mm_21_batch_02_collet_2_14-02-2025,24,10.245089530944824,1.7347134351730347,1.0,1,10
drill_4mm_21_batch_02_collet_2_14-02-2025,25,10.268885612487793,1.7347134351730347,1.0,1,10
drill_4mm_21_batch_02_collet_2_14-02-2025,26,11.259303092956543,1.7347134351730347,1.0,1,10
drill_4mm_21_batch_02_collet_2_14-02-2025,27,12.28481674194336,1.7347134351730347,1.0,1,10
drill_4mm_21_batch_02_collet_2_14-02-2025,28,23.811182022094727,1.7347134351730347,1.0,1,10
drill_4mm_22_batch_03_collet_2_14-02-2025,1,0.0,1.1357752084732056,0.0,0,6
drill_4mm_22_batch_03_collet_2_14-02-2025,2,0.0,1.1357752084732056,0.0,0,6
drill_4mm_22_batch_03_collet_2_14-02-2025,3,0.0,1.1357752084732056,0.0,0,6
drill_4mm_22_batch_03_collet_2_14-02-2025,4,0.0,1.1357752084732056,0.0,0,6
drill_4mm_22_batch_03_collet_2_14-02-2025,5,0.0,1.1357752084732056,0.0,0,6
drill_4mm_22_batch_03_collet_2_14-02-2025,6,0.0,1.1357752084732056,0.0,0,6
drill_4mm_22_batch_03_collet_2_14-02-2025,7,0.0,1.1357752084732056,0.0,0,6
drill_4mm_22_batch_03_collet_2_14-02-2025,8,0.0,1.1357752084732056,0.0,0,6
drill_4mm_22_batch_03_collet_2_14-02-2025,9,0.0,1.1357752084732056,0.0,0,6
drill_4mm_22_batch_03_collet_2_14-02-2025,10,1.1357752084732056,1.1357752084732056,0.0,0,6
drill_4mm_22_batch_03_collet_2_14-02-2025,11,4.3030314445495605,1.1357752084732056,0.0,0,6
drill_4mm_22_batch_03_collet_2_14-02-2025,12,2.154372453689575,1.1357752084732056,0.0,0,6
drill_4mm_22_batch_03_collet_2_14-02-2025,13,3.1844851970672607,1.1357752084732056,0.0,0,6
drill_4mm_22_batch_03_collet_2_14-02-2025,14,4.240540504455566,1.1357752084732056,0.0,0,6
drill_4mm_22_batch_03_collet_2_14-02-2025,15,4.49250602722168,1.1357752084732056,0.0,0,6
drill_4mm_22_batch_03_collet_2_14-02-2025,16,4.751633644104004,1.1357752084732056,0.0,0,6
drill_4mm_22_batch_03_collet_2_14-02-2025,17,6.761878967285156,1.1357752084732056,0.0,0,6
drill_4mm_22_batch_03_collet_2_14-02-2025,18,4.973656177520752,1.1357752084732056,1.0,0,6
drill_4mm_22_batch_03_collet_2_14-02-2025,19,5.476304531097412,1.1357752084732056,1.0,0,6
drill_4mm_22_batch_03_collet_2_14-02-2025,20,5.861083984375,1.1357752084732056,1.0,0,6
drill_4mm_22_batch_03_collet_2_14-02-2025,21,7.169966697692871,1.1357752084732056,1.0,1,6
drill_4mm_22_batch_03_collet_2_14-02-2025,22,8.420222282409668,1.1357752084732056,1.0,1,6
drill_4mm_22_batch_03_collet_2_14-02-2025,23,11.359381675720215,1.1357752084732056,1.0,1,6
drill_4mm_22_batch_03_collet_2_14-02-2025,24,27.44263458251953,1.1357752084732056,1.0,1,6
drill_4mm_23_batch_01_collet_2_14-02-2025,1,0.0,3.1372241973876953,0.0,0,22
drill_4mm_23_batch_01_collet_2_14-02-2025,2,0.0,3.1372241973876953,0.0,0,22
drill_4mm_23_batch_01_collet_2_14-02-2025,3,0.0,3.1372241973876953,0.0,0,22
drill_4mm_23_batch_01_collet_2_14-02-2025,4,0.0,3.1372241973876953,0.0,0,22
drill_4mm_23_batch_01_collet_2_14-02-2025,5,0.0,3.1372241973876953,0.0,0,22
drill_4mm_23_batch_01_collet_2_14-02-2025,6,0.0,3.1372241973876953,0.0,0,22
drill_4mm_23_batch_01_collet_2_14-02-2025,7,0.0,3.1372241973876953,0.0,0,22
drill_4mm_23_batch_01_collet_2_14-02-2025,8,0.0,3.1372241973876953,0.0,0,22
drill_4mm_23_batch_01_collet_2_14-02-2025,9,0.0,3.1372241973876953,0.0,0,22
drill_4mm_23_batch_01_collet_2_14-02-2025,10,3.1372241973876953,3.1372241973876953,0.0,0,22
drill_4mm_23_batch_01_collet_2_14-02-2025,11,5.765098571777344,3.1372241973876953,0.0,0,22
drill_4mm_23_batch_01_collet_2_14-02-2025,12,8.708221435546875,3.1372241973876953,0.0,0,22
drill_4mm_23_batch_01_collet_2_14-02-2025,13,21.93661880493164,3.1372241973876953,0.0,0,22
drill_4mm_23_batch_01_collet_2_14-02-2025,14,69.92150115966797,3.1372241973876953,0.0,0,22
drill_4mm_23_batch_01_collet_2_14-02-2025,15,37.24336242675781,3.1372241973876953,0.0,0,22
drill_4mm_23_batch_01_collet_2_14-02-2025,16,66.20731353759766,3.1372241973876953,0.0,0,22
drill_4mm_23_batch_01_collet_2_14-02-2025,17,15.335491180419922,3.1372241973876953,0.0,0,22
drill_4mm_23_batch_01_collet_2_14-02-2025,18,16.4229793548584,3.1372241973876953,1.0,0,22
drill_4mm_23_batch_01_collet_2_14-02-2025,19,15.646788597106934,3.1372241973876953,1.0,0,22
drill_4mm_23_batch_01_collet_2_14-02-2025,20,44.268943786621094,3.1372241973876953,1.0,0,22
drill_4mm_23_batch_01_collet_2_14-02-2025,21,42.72906494140625,3.1372241973876953,1.0,0,22
drill_4mm_23_batch_01_collet_2_14-02-2025,22,57.33103942871094,3.1372241973876953,1.0,0,22
drill_4mm_23_batch_01_collet_2_14-02-2025,23,57.911094665527344,3.1372241973876953,1.0,0,22
drill_4mm_23_batch_01_collet_2_14-02-2025,24,49.78346252441406,3.1372241973876953,1.0,0,22
drill_4mm_23_batch_01_collet_2_14-02-2025,25,108.15848541259766,3.1372241973876953,1.0,0,22
drill_4mm_23_batch_01_collet_2_14-02-2025,26,124.61502838134766,3.1372241973876953,1.0,0,22
drill_4mm_23_batch_01_collet_2_14-02-2025,27,183.24884033203125,3.1372241973876953,1.0,0,22
drill_4mm_23_batch_01_collet_2_14-02-2025,28,150.56106567382812,3.1372241973876953,1.0,0,22
drill_4mm_23_batch_01_collet_2_14-02-2025,29,119.24420928955078,3.1372241973876953,1.0,0,22
drill_4mm_23_batch_01_collet_2_14-02-2025,30,83.716796875,3.1372241973876953,1.0,0,22
drill_4mm_23_batch_01_collet_2_14-02-2025,31,50.40861129760742,3.1372241973876953,1.0,0,22
drill_4mm_23_batch_01_collet_2_14-02-2025,32,28.915000915527344,3.1372241973876953,1.0,0,22
drill_4mm_23_batch_01_collet_2_14-02-2025,33,35.39893341064453,3.1372241973876953,1.0,1,22
drill_4mm_23_batch_01_collet_2_14-02-2025,34,25.177265167236328,3.1372241973876953,1.0,1,22
drill_4mm_23_batch_01_collet_2_14-02-2025,35,25.036394119262695,3.1372241973876953,1.0,1,22
drill_4mm_23_batch_01_collet_2_14-02-2025,36,18.16637420654297,3.1372241973876953,1.0,1,22
drill_4mm_23_batch_01_collet_2_14-02-2025,37,19.186370849609375,3.1372241973876953,1.0,1,22
drill_4mm_23_batch_01_collet_2_14-02-2025,38,18.024948120117188,3.1372241973876953,1.0,1,22
drill_4mm_23_batch_01_collet_2_14-02-2025,39,34.809814453125,3.1372241973876953,1.0,1,22
drill_4mm_23_batch_01_collet_2_14-02-2025,40,30.752397537231445,3.1372241973876953,1.0,1,22
