drill,hole,score,prediction,label
drill_4mm_01,1,0.007937291637063026,0,0
drill_4mm_01,2,0.010885017924010754,0,0
drill_4mm_01,3,0.015220021829009056,0,0
drill_4mm_01,4,0.008939196355640888,0,0
drill_4mm_01,5,0.007232787553220987,0,0
drill_4mm_01,6,0.005781169980764389,0,0
drill_4mm_01,7,0.007014548406004906,0,0
drill_4mm_01,8,0.006178415846079588,0,0
drill_4mm_01,9,0.006466139107942581,0,0
drill_4mm_01,10,0.004355201497673988,0,0
drill_4mm_01,11,0.006235181819647551,0,0
drill_4mm_01,12,0.002538667293265462,0,0
drill_4mm_01,13,0.0053900377824902534,0,0
drill_4mm_01,14,0.003860738594084978,0,0
drill_4mm_01,15,0.0024002164136618376,0,0
drill_4mm_01,16,0.0031673621851950884,0,0
drill_4mm_01,17,0.0030168620869517326,0,0
drill_4mm_01,18,0.003846285631880164,0,0
drill_4mm_01,19,0.002614703495055437,0,0
drill_4mm_01,20,0.0065162330865859985,0,0
drill_4mm_01,21,0.0057728225365281105,0,0
drill_4mm_01,22,0.003281054785475135,0,0
drill_4mm_01,23,0.006660275626927614,0,0
drill_4mm_01,24,0.005916692316532135,0,0
drill_4mm_01,25,0.002608389127999544,0,0
drill_4mm_01,26,0.003128601238131523,0,0
drill_4mm_01,27,0.0034034729469567537,0,0
drill_4mm_01,28,0.003935680259019136,0,0
drill_4mm_01,29,0.0032409720588475466,0,0
drill_4mm_01,30,0.5477003455162048,0,0
drill_4mm_01,31,0.015588527545332909,0,0
drill_4mm_01,32,0.00729284668341279,0,0
drill_4mm_01,33,0.0019436994334682822,0,0
drill_4mm_01,34,0.004884687252342701,0,0
drill_4mm_01,35,0.004633499309420586,0,0
drill_4mm_01,36,0.005199648439884186,0,0
drill_4mm_01,37,0.0034675318747758865,0,0
drill_4mm_01,38,0.0048308908008039,0,0
drill_4mm_01,39,0.5893850922584534,0,0
drill_4mm_01,40,0.0047360253520309925,0,0
drill_4mm_01,41,0.005653962027281523,0,0
drill_4mm_01,42,0.0022782660089433193,0,1
drill_4mm_01,43,0.0018831402994692326,0,1
drill_4mm_01,44,0.0025289934128522873,0,1
drill_4mm_01,45,0.0017388858832418919,0,1
drill_4mm_01,46,0.0019273582147434354,0,1
drill_4mm_01,47,0.0015369121683761477,0,1
drill_4mm_01,48,0.004473275970667601,0,1
drill_4mm_01,49,0.8080907464027405,0,1
drill_4mm_01,50,0.0826045349240303,0,1
drill_4mm_01,51,0.001263028010725975,0,1
drill_4mm_02,1,0.034981247037649155,0,0
drill_4mm_02,2,0.004405078943818808,0,0
drill_4mm_02,3,0.0017910199239850044,0,0
drill_4mm_02,4,0.0022964419331401587,0,0
drill_4mm_02,5,0.0037359062116593122,0,0
drill_4mm_02,6,0.005189585033804178,0,0
drill_4mm_02,7,0.007405340671539307,0,0
drill_4mm_02,8,0.04476899281144142,0,0
drill_4mm_02,9,0.018819745630025864,0,0
drill_4mm_02,10,0.05032936483621597,0,0
drill_4mm_02,11,0.02299664169549942,0,0
drill_4mm_02,12,0.010227901861071587,0,0
drill_4mm_02,13,0.024923717603087425,0,0
drill_4mm_02,14,0.013304650783538818,0,0
drill_4mm_02,15,0.04233304783701897,0,0
drill_4mm_02,16,0.01351578626781702,0,0
drill_4mm_02,17,0.08259320259094238,0,0
drill_4mm_02,18,0.017241355031728745,0,0
drill_4mm_02,19,0.02077244408428669,0,0
drill_4mm_02,20,0.017609411850571632,0,0
drill_4mm_02,21,0.040685806423425674,0,0
drill_4mm_02,22,0.10629109293222427,0,0
drill_4mm_02,23,0.015929076820611954,0,0
drill_4mm_02,24,0.3284000754356384,0,0
drill_4mm_02,25,0.08431854099035263,0,0
drill_4mm_02,26,0.027030467987060547,0,0
drill_4mm_02,27,0.10100604593753815,0,0
drill_4mm_02,28,0.04053334891796112,0,0
drill_4mm_02,29,0.16683755815029144,0,0
drill_4mm_02,30,0.07551150768995285,0,0
drill_4mm_02,31,0.012991195544600487,0,0
drill_4mm_02,32,0.1078648492693901,0,0
drill_4mm_02,33,0.16243025660514832,1,0
drill_4mm_02,34,0.05600197985768318,0,0
drill_4mm_02,35,0.09882525354623795,0,0
drill_4mm_02,36,0.08351434022188187,0,0
drill_4mm_02,37,0.005500351544469595,0,0
drill_4mm_02,38,0.052285339683294296,0,0
drill_4mm_02,39,0.057970937341451645,0,0
drill_4mm_02,40,0.14213258028030396,0,0
drill_4mm_02,41,0.05629614368081093,0,0
drill_4mm_02,42,0.39075469970703125,0,0
drill_4mm_02,43,0.3764355778694153,1,0
drill_4mm_02,44,0.12588179111480713,1,0
drill_4mm_02,45,0.3750523030757904,1,0
drill_4mm_02,46,0.08291588723659515,0,0
drill_4mm_02,47,0.11522094160318375,0,0
drill_4mm_02,48,0.1528305560350418,1,0
drill_4mm_02,49,0.17787118256092072,1,0
drill_4mm_02,50,0.2659880518913269,1,0
drill_4mm_02,51,0.09951062500476837,0,0
drill_4mm_02,52,0.22733724117279053,0,0
drill_4mm_02,53,0.2662942707538605,1,0
drill_4mm_02,54,0.3224503993988037,1,0
drill_4mm_02,55,0.35312217473983765,1,0
drill_4mm_02,56,0.9165419340133667,1,0
drill_4mm_02,57,0.11911580711603165,1,0
drill_4mm_02,58,0.37071558833122253,1,0
drill_4mm_02,59,0.1015411764383316,1,0
drill_4mm_02,60,0.6613620519638062,1,0
drill_4mm_02,61,0.3564812242984772,1,0
drill_4mm_02,62,0.6912087202072144,1,0
drill_4mm_02,63,0.37905848026275635,1,0
drill_4mm_02,64,0.6308051943778992,1,0
drill_4mm_02,65,0.4282418191432953,1,0
drill_4mm_02,66,0.7756928205490112,1,0
drill_4mm_02,67,0.6376076340675354,1,0
drill_4mm_02,68,0.8384427428245544,1,0
drill_4mm_02,69,0.7188807725906372,1,0
drill_4mm_02,70,0.6131696105003357,1,0
drill_4mm_02,71,0.5921796560287476,1,0
drill_4mm_02,72,0.7864687442779541,1,0
drill_4mm_02,73,0.7864687442779541,1,0
drill_4mm_02,74,0.8849741220474243,1,0
drill_4mm_02,75,0.8165585994720459,1,0
drill_4mm_02,76,0.8430769443511963,1,0
drill_4mm_02,77,0.8826135396957397,1,0
drill_4mm_02,78,0.772674024105072,1,0
drill_4mm_02,79,0.4281538724899292,1,0
drill_4mm_02,80,0.3018777668476105,1,0
drill_4mm_02,81,0.6671786308288574,1,0
drill_4mm_02,82,0.7179797291755676,1,0
drill_4mm_02,83,0.35783377289772034,1,0
drill_4mm_02,84,0.4951890707015991,1,0
drill_4mm_02,85,0.22202962636947632,1,0
drill_4mm_02,86,0.5467967391014099,1,1
drill_4mm_02,87,0.20693649351596832,1,1
drill_4mm_02,88,0.33485209941864014,1,1
drill_4mm_02,89,0.2523185610771179,1,1
drill_4mm_02,90,0.7390149831771851,1,1
drill_4mm_02,91,0.4546045660972595,1,1
drill_4mm_02,92,0.7862250208854675,1,1
drill_4mm_02,93,0.7043781876564026,1,1
drill_4mm_02,94,0.5896337628364563,1,1
drill_4mm_02,95,0.2729661464691162,1,1
drill_4mm_02,96,0.4651830196380615,1,1
drill_4mm_02,97,0.19568940997123718,1,1
drill_4mm_02,98,0.2083493024110794,1,1
drill_4mm_02,99,0.0604364350438118,0,1
drill_4mm_02,100,0.10937558859586716,0,1
drill_4mm_02,101,0.1704506278038025,1,1
drill_4mm_02,102,0.5697238445281982,1,1
drill_4mm_02,103,0.2160302847623825,1,1
drill_4mm_02,104,0.45580312609672546,1,1
drill_4mm_02,105,0.3827166259288788,1,1
drill_4mm_02,106,0.206352099776268,1,1
drill_4mm_03,1,0.003593257861211896,0,0
drill_4mm_03,2,0.004850381053984165,0,0
drill_4mm_03,3,0.010539533570408821,0,0
drill_4mm_03,4,0.014079993590712547,0,0
drill_4mm_03,5,0.012344295158982277,0,0
drill_4mm_03,6,0.008879258297383785,0,0
drill_4mm_03,7,0.015012463554739952,0,0
drill_4mm_03,8,0.016265103593468666,0,0
drill_4mm_03,9,0.02188294567167759,0,0
drill_4mm_03,10,0.06164886802434921,0,0
drill_4mm_03,11,0.08069401979446411,0,0
drill_4mm_03,12,0.08660440146923065,0,0
drill_4mm_03,13,0.07329709827899933,0,0
drill_4mm_03,14,0.5147387981414795,0,0
drill_4mm_03,15,0.40181729197502136,1,0
drill_4mm_03,16,0.3906371295452118,1,0
drill_4mm_03,17,0.1302814483642578,1,0
drill_4mm_03,18,0.5695299506187439,1,0
drill_4mm_03,19,0.09605390578508377,0,0
drill_4mm_03,20,0.4472947120666504,0,0
drill_4mm_03,21,0.6751792430877686,1,1
drill_4mm_03,22,0.8129217624664307,1,1
drill_4mm_03,23,0.5541239976882935,1,1
drill_4mm_03,24,0.34138017892837524,1,1
drill_4mm_03,25,0.5746678113937378,1,1
drill_4mm_04,1,0.007685385178774595,0,0
drill_4mm_04,2,0.00833933800458908,0,0
drill_4mm_04,3,0.012220576405525208,0,0
drill_4mm_04,4,0.6854075193405151,0,0
drill_4mm_04,5,0.29323306679725647,0,0
drill_4mm_04,6,0.14084748923778534,0,0
drill_4mm_04,7,0.04376276209950447,0,0
drill_4mm_04,8,0.11233127117156982,0,0
drill_4mm_04,9,0.1401427686214447,0,0
drill_4mm_04,10,0.03957807645201683,0,0
drill_4mm_04,11,0.0500306561589241,0,0
drill_4mm_04,12,0.3782000243663788,0,0
drill_4mm_04,13,0.09752009809017181,0,0
drill_4mm_04,14,0.22115081548690796,0,0
drill_4mm_04,15,0.2288227528333664,0,0
drill_4mm_04,16,0.10394878685474396,0,0
drill_4mm_04,17,0.4276132583618164,0,0
drill_4mm_04,18,0.28949835896492004,0,0
drill_4mm_04,19,0.13892769813537598,0,0
drill_4mm_04,20,0.4243174195289612,0,0
drill_4mm_04,21,0.5335488319396973,0,0
drill_4mm_04,22,0.4724235236644745,0,0
drill_4mm_04,23,0.09029620885848999,0,0
drill_4mm_04,24,0.1552349478006363,0,0
drill_4mm_04,25,0.3238426148891449,0,0
drill_4mm_04,26,0.3842885196208954,0,0
drill_4mm_04,27,0.376812219619751,0,1
drill_4mm_04,28,0.5104773044586182,0,1
drill_4mm_04,29,0.1472836136817932,0,1
drill_4mm_04,30,0.13072003424167633,0,1
drill_4mm_04,31,0.942916989326477,0,1
drill_4mm_04,32,0.5173339247703552,0,1
drill_4mm_05,1,0.008061548694968224,0,0
drill_4mm_05,2,0.006691111251711845,0,0
drill_4mm_05,3,0.013331901282072067,0,0
drill_4mm_05,4,0.010265074670314789,0,0
drill_4mm_05,5,0.03788425028324127,0,0
drill_4mm_05,6,0.04218391701579094,0,0
drill_4mm_05,7,0.9636999368667603,0,0
drill_4mm_05,8,0.29592251777648926,1,0
drill_4mm_05,9,0.06909648329019547,0,0
drill_4mm_05,10,0.06131436675786972,0,0
drill_4mm_05,11,0.13055500388145447,0,0
drill_4mm_05,12,0.14851035177707672,1,0
drill_4mm_05,13,0.0885743498802185,0,0
drill_4mm_05,14,0.1273142695426941,0,0
drill_4mm_05,15,0.17188893258571625,1,0
drill_4mm_05,16,0.350139856338501,1,0
drill_4mm_05,17,0.3122173547744751,1,0
drill_4mm_05,18,0.04266330227255821,0,1
drill_4mm_05,19,0.8725373148918152,0,1
drill_4mm_05,20,0.043165646493434906,0,1
drill_4mm_05,21,0.03268235921859741,0,1
drill_4mm_06,1,0.01633758470416069,0,0
drill_4mm_06,2,0.007108318153768778,0,0
drill_4mm_06,3,0.0037382016889750957,0,0
drill_4mm_06,4,0.010255646891891956,0,0
drill_4mm_06,5,0.12987029552459717,0,0
drill_4mm_06,6,0.1932501643896103,1,0
drill_4mm_06,7,0.15529727935791016,1,0
drill_4mm_06,8,0.19343028962612152,1,0
drill_4mm_06,9,0.24226881563663483,1,0
drill_4mm_06,10,0.3349674940109253,1,0
drill_4mm_06,11,0.3301093578338623,1,0
drill_4mm_06,12,0.08240078389644623,0,0
drill_4mm_06,13,0.4090222418308258,0,0
drill_4mm_06,14,0.2919679284095764,1,0
drill_4mm_06,15,0.3796994686126709,1,0
drill_4mm_06,16,0.5511419177055359,1,0
drill_4mm_06,17,0.8745861649513245,1,0
drill_4mm_06,18,0.621688961982727,1,0
drill_4mm_06,19,0.8723809719085693,1,0
drill_4mm_06,20,0.8546682596206665,1,0
drill_4mm_06,21,0.9617931842803955,1,0
drill_4mm_06,22,0.8722429275512695,1,0
drill_4mm_06,23,0.8867620825767517,1,0
drill_4mm_06,24,0.6226313710212708,1,0
drill_4mm_06,25,0.4532034993171692,1,0
drill_4mm_06,26,0.9544870853424072,1,0
drill_4mm_06,27,0.9706356525421143,1,0
drill_4mm_06,28,0.9275733828544617,1,0
drill_4mm_06,29,0.9553125500679016,1,0
drill_4mm_06,30,0.9535745978355408,1,0
drill_4mm_06,31,0.7701056003570557,1,0
drill_4mm_06,32,0.8518166542053223,1,0
drill_4mm_06,33,0.49487006664276123,1,0
drill_4mm_06,34,0.6515108346939087,1,0
drill_4mm_06,35,0.22267937660217285,1,0
drill_4mm_06,36,0.7003715634346008,1,0
drill_4mm_06,37,0.8197808265686035,1,0
drill_4mm_06,38,0.8656889200210571,1,0
drill_4mm_06,39,0.9214164018630981,1,0
drill_4mm_06,40,0.9394143223762512,1,0
drill_4mm_06,41,0.9028664231300354,1,0
drill_4mm_06,42,0.39621493220329285,1,1
drill_4mm_06,43,0.39371904730796814,1,1
drill_4mm_06,44,0.9345586895942688,1,1
drill_4mm_06,45,0.7327383756637573,1,1
drill_4mm_06,46,0.6672481894493103,1,1
drill_4mm_06,47,0.9076224565505981,1,1
drill_4mm_06,48,0.7583785057067871,1,1
drill_4mm_06,49,0.7130131125450134,1,1
drill_4mm_06,50,0.9886947274208069,1,1
drill_4mm_06,51,0.9655270576477051,1,1
drill_4mm_07,1,0.014677261933684349,0,0
drill_4mm_07,2,0.7430338859558105,0,0
drill_4mm_07,3,0.05747088044881821,0,0
drill_4mm_07,4,0.00976620800793171,0,0
drill_4mm_07,5,0.021121086552739143,0,0
drill_4mm_07,6,0.05696249008178711,0,0
drill_4mm_07,7,0.0769059956073761,0,0
drill_4mm_07,8,0.3793100118637085,0,0
drill_4mm_07,9,0.9266048073768616,0,0
drill_4mm_07,10,0.4653184711933136,0,0
drill_4mm_07,11,0.08273860812187195,0,0
drill_4mm_07,12,0.280661940574646,0,0
drill_4mm_07,13,0.16535557806491852,0,0
drill_4mm_07,14,0.844257652759552,0,0
drill_4mm_07,15,0.9617555737495422,1,0
drill_4mm_07,16,0.17481069266796112,0,0
drill_4mm_07,17,0.6273106932640076,0,0
drill_4mm_07,18,0.5099862217903137,0,0
drill_4mm_07,19,0.7025836110115051,0,0
drill_4mm_07,20,0.3407365381717682,0,0
drill_4mm_07,21,0.24750307202339172,0,0
drill_4mm_07,22,0.4273407459259033,0,0
drill_4mm_07,23,0.5948854088783264,0,0
drill_4mm_07,24,0.45631757378578186,0,0
drill_4mm_07,25,0.13502588868141174,0,0
drill_4mm_07,26,0.3215239346027374,0,0
drill_4mm_07,27,0.24799099564552307,0,0
drill_4mm_07,28,0.062110260128974915,0,0
drill_4mm_07,29,0.08067642152309418,0,0
drill_4mm_07,30,0.35045933723449707,0,0
drill_4mm_07,31,0.4648900330066681,0,0
drill_4mm_07,32,0.4103933274745941,0,0
drill_4mm_07,33,0.40490156412124634,0,0
drill_4mm_07,34,0.30836915969848633,0,0
drill_4mm_07,35,0.16061073541641235,0,0
drill_4mm_07,36,0.014960241504013538,0,0
drill_4mm_07,37,0.14386340975761414,0,0
drill_4mm_07,38,0.6970337629318237,0,0
drill_4mm_07,39,0.6007373929023743,0,0
drill_4mm_07,40,0.21654364466667175,0,0
drill_4mm_07,41,0.21019692718982697,0,0
drill_4mm_07,42,0.5422998070716858,0,0
drill_4mm_07,43,0.7473548054695129,0,0
drill_4mm_07,44,0.8208489418029785,1,0
drill_4mm_07,45,0.5612326264381409,0,0
drill_4mm_07,46,0.5680669546127319,0,0
drill_4mm_07,47,0.3825010061264038,0,0
drill_4mm_07,48,0.30882716178894043,0,0
drill_4mm_07,49,0.14776146411895752,0,1
drill_4mm_07,50,0.9227613806724548,0,1
drill_4mm_07,51,0.9129961729049683,1,1
drill_4mm_07,52,0.5803646445274353,0,1
drill_4mm_07,53,0.883147120475769,0,1
drill_4mm_07,54,0.7315729856491089,1,1
drill_4mm_07,55,0.7753296494483948,1,1
drill_4mm_07,56,0.8181768655776978,1,1
drill_4mm_07,57,0.17134007811546326,0,1
drill_4mm_07,58,0.7393415570259094,0,1
drill_4mm_07,59,0.8746215105056763,1,1
drill_4mm_08,1,0.009501676075160503,0,0
drill_4mm_08,2,0.005099484696984291,0,0
drill_4mm_08,3,0.002719051670283079,0,0
drill_4mm_08,4,0.004876165185123682,0,0
drill_4mm_08,5,0.12637926638126373,0,0
drill_4mm_08,6,0.07392602413892746,0,0
drill_4mm_08,7,0.3426627516746521,0,0
drill_4mm_08,8,0.3984543979167938,1,0
drill_4mm_08,9,0.5817670226097107,1,0
drill_4mm_08,10,0.5556172132492065,1,0
drill_4mm_08,11,0.4358559846878052,1,0
drill_4mm_08,12,0.4539944529533386,1,0
drill_4mm_08,13,0.5075215101242065,1,0
drill_4mm_08,14,0.5759454965591431,1,0
drill_4mm_08,15,0.7631175518035889,1,0
drill_4mm_08,16,0.8821931481361389,1,0
drill_4mm_08,17,0.8279780745506287,1,1
drill_4mm_08,18,0.6543959379196167,1,1
drill_4mm_08,19,0.7693274617195129,1,1
drill_4mm_09,1,0.004490323830395937,0,0
drill_4mm_09,2,0.003889546263962984,0,0
drill_4mm_09,3,0.00195165048353374,0,0
drill_4mm_09,4,0.0017786521930247545,0,0
drill_4mm_09,5,0.002217876026406884,0,0
drill_4mm_09,6,0.0023356880992650986,0,0
drill_4mm_09,7,0.013624941930174828,0,0
drill_4mm_09,8,0.0141415661200881,0,0
drill_4mm_09,9,0.009470568969845772,0,0
drill_4mm_09,10,0.02463587373495102,0,0
drill_4mm_09,11,0.03265153616666794,0,0
drill_4mm_09,12,0.09364701062440872,0,0
drill_4mm_09,13,0.09008273482322693,0,0
drill_4mm_09,14,0.10488324612379074,0,0
drill_4mm_09,15,0.31487175822257996,1,1
drill_4mm_09,16,0.5734809041023254,1,1
drill_4mm_09,17,0.7406348586082458,1,1
drill_4mm_10,1,0.019224967807531357,0,0
drill_4mm_10,2,0.007862410508096218,0,0
drill_4mm_10,3,0.01863289810717106,0,0
drill_4mm_10,4,0.004445308353751898,0,0
drill_4mm_10,5,0.027108632028102875,0,0
drill_4mm_10,6,0.17903761565685272,0,0
drill_4mm_10,7,0.11732841283082962,1,0
drill_4mm_10,8,0.1625714749097824,1,0
drill_4mm_10,9,0.11465130001306534,1,0
drill_4mm_10,10,0.1551423966884613,1,0
drill_4mm_10,11,0.07988275587558746,0,0
drill_4mm_10,12,0.008387966081500053,0,0
drill_4mm_10,13,0.1068618893623352,0,0
drill_4mm_10,14,0.2371448129415512,1,0
drill_4mm_10,15,0.2297089546918869,1,0
drill_4mm_10,16,0.24942369759082794,1,1
drill_4mm_10,17,0.9510855674743652,1,1
drill_4mm_10,18,0.09363740682601929,0,1
drill_4mm_11,1,0.04174233227968216,0,0
drill_4mm_11,2,0.00604039803147316,0,0
drill_4mm_11,3,0.01531769335269928,0,0
drill_4mm_11,4,0.017186952754855156,0,0
drill_4mm_11,5,0.008418289944529533,0,0
drill_4mm_11,6,0.01428466010838747,0,0
drill_4mm_11,7,0.015383199788630009,0,0
drill_4mm_11,8,0.04781342297792435,0,0
drill_4mm_11,9,0.2138904333114624,0,0
drill_4mm_11,10,0.30669930577278137,1,0
drill_4mm_11,11,0.11975757032632828,1,0
drill_4mm_11,12,0.1494494378566742,1,0
drill_4mm_11,13,0.7565997242927551,1,0
drill_4mm_11,14,0.9382637739181519,1,0
drill_4mm_11,15,0.05018187686800957,0,0
drill_4mm_11,16,0.3276609182357788,0,0
drill_4mm_11,17,0.1580847203731537,1,0
drill_4mm_11,18,0.1544131487607956,1,1
drill_4mm_11,19,0.21121791005134583,1,1
drill_4mm_11,20,0.03146417438983917,0,1
drill_4mm_11,21,0.9254966378211975,0,1
drill_4mm_12,1,0.01945037581026554,0,0
drill_4mm_12,2,0.01968987099826336,0,0
drill_4mm_12,3,0.027713298797607422,0,0
drill_4mm_12,4,0.9374226331710815,0,0
drill_4mm_12,5,0.4462181627750397,0,0
drill_4mm_12,6,0.04109460115432739,0,0
drill_4mm_12,7,0.897832989692688,0,0
drill_4mm_12,8,0.3147013187408447,0,0
drill_4mm_12,9,0.858344554901123,0,0
drill_4mm_12,10,0.45378726720809937,0,0
drill_4mm_12,11,0.04101254791021347,0,0
drill_4mm_12,12,0.07883568108081818,0,0
drill_4mm_12,13,0.23076406121253967,0,0
drill_4mm_12,14,0.5713726282119751,0,0
drill_4mm_12,15,0.46941807866096497,0,0
drill_4mm_12,16,0.3010561764240265,0,0
drill_4mm_12,17,0.2679947018623352,0,0
drill_4mm_12,18,0.2765617370605469,0,0
drill_4mm_12,19,0.1691979020833969,0,0
drill_4mm_12,20,0.08127844333648682,0,0
drill_4mm_12,21,0.11484409868717194,0,0
drill_4mm_12,22,0.05331156402826309,0,0
drill_4mm_12,23,0.38899698853492737,0,0
drill_4mm_12,24,0.17381976544857025,0,0
drill_4mm_12,25,0.3030312657356262,0,0
drill_4mm_12,26,0.4141080677509308,0,0
drill_4mm_12,27,0.07395796477794647,0,0
drill_4mm_12,28,0.18450039625167847,0,0
drill_4mm_12,29,0.1701916605234146,0,0
drill_4mm_12,30,0.19292718172073364,0,0
drill_4mm_12,31,0.7704045176506042,0,0
drill_4mm_12,32,0.3767872750759125,0,0
drill_4mm_12,33,0.6247327923774719,0,0
drill_4mm_12,34,0.543266236782074,0,0
drill_4mm_12,35,0.2668427526950836,0,0
drill_4mm_12,36,0.8222638368606567,0,0
drill_4mm_12,37,0.7588085532188416,0,1
drill_4mm_12,38,0.8681952953338623,0,1
drill_4mm_12,39,0.728218674659729,0,1
drill_4mm_12,40,0.8836977481842041,0,1
drill_4mm_12,41,0.3143586218357086,0,1
drill_4mm_12,42,0.713850736618042,0,1
drill_4mm_12,43,0.9078717827796936,0,1
drill_4mm_12,44,0.556179940700531,0,1
drill_4mm_13,1,0.007016564719378948,0,0
drill_4mm_13,2,0.004418464377522469,0,0
drill_4mm_13,3,0.0038390171248465776,0,0
drill_4mm_13,4,0.004525941330939531,0,0
drill_4mm_13,5,0.03106825239956379,0,0
drill_4mm_13,6,0.014483466744422913,0,0
drill_4mm_13,7,0.5923565030097961,0,0
drill_4mm_13,8,0.012265208177268505,0,0
drill_4mm_13,9,0.011384457349777222,0,0
drill_4mm_13,10,0.048025596886873245,0,0
drill_4mm_13,11,0.09750589728355408,0,0
drill_4mm_13,12,0.14279423654079437,0,0
drill_4mm_13,13,0.041790205985307693,0,0
drill_4mm_13,14,0.6695671677589417,0,0
drill_4mm_13,15,0.36030009388923645,1,0
drill_4mm_13,16,0.294228732585907,1,0
drill_4mm_13,17,0.18090902268886566,1,0
drill_4mm_13,18,0.2291324883699417,1,0
drill_4mm_13,19,0.04188471660017967,0,0
drill_4mm_13,20,0.12476261705160141,0,0
drill_4mm_13,21,0.0663779005408287,0,0
drill_4mm_13,22,0.04136195778846741,0,0
drill_4mm_13,23,0.017926611006259918,0,0
drill_4mm_13,24,0.023468399420380592,0,0
drill_4mm_13,25,0.006492334417998791,0,0
drill_4mm_13,26,0.010044660419225693,0,0
drill_4mm_13,27,0.006259785499423742,0,0
drill_4mm_13,28,0.01200837455689907,0,0
drill_4mm_13,29,0.5614429712295532,0,0
drill_4mm_13,30,0.35056638717651367,1,0
drill_4mm_13,31,0.14237259328365326,1,0
drill_4mm_13,32,0.12366300821304321,1,1
drill_4mm_13,33,0.8608407974243164,1,1
drill_4mm_13,34,0.7607412934303284,1,1
drill_4mm_13,35,0.7226381301879883,1,1
drill_4mm_13,36,0.146475687623024,1,1
drill_4mm_13,37,0.5457130670547485,1,1
drill_4mm_13,38,0.2811304032802582,1,1
drill_4mm_14,1,0.7284182906150818,0,0
drill_4mm_14,2,0.010588472709059715,0,0
drill_4mm_14,3,0.004127506632357836,0,0
drill_4mm_14,4,0.008571089245378971,0,0
drill_4mm_14,5,0.005962964612990618,0,0
drill_4mm_14,6,0.009125534445047379,0,0
drill_4mm_14,7,0.022866709157824516,0,0
drill_4mm_14,8,0.019997762516140938,0,0
drill_4mm_14,9,0.8063861727714539,0,0
drill_4mm_14,10,0.5037195086479187,0,0
drill_4mm_14,11,0.031481530517339706,0,0
drill_4mm_14,12,0.20188948512077332,0,0
drill_4mm_14,13,0.8693103790283203,0,0
drill_4mm_14,14,0.769231379032135,1,0
drill_4mm_14,15,0.6410285830497742,0,0
drill_4mm_14,16,0.27153247594833374,0,0
drill_4mm_14,17,0.467716246843338,0,1
drill_4mm_14,18,0.3565746247768402,0,1
drill_4mm_14,19,0.524653434753418,0,1
drill_4mm_15,1,0.003479940118268132,0,0
drill_4mm_15,2,0.006662111729383469,0,0
drill_4mm_15,3,0.451112300157547,0,0
drill_4mm_15,4,0.012278247624635696,0,0
drill_4mm_15,5,0.01114054024219513,0,0
drill_4mm_15,6,0.010191584005951881,0,0
drill_4mm_15,7,0.011135955341160297,0,0
drill_4mm_15,8,0.016525976359844208,0,0
drill_4mm_15,9,0.0388057678937912,0,0
drill_4mm_15,10,0.04732123389840126,0,0
drill_4mm_15,11,0.04732123389840126,0,0
drill_4mm_15,12,0.03633369877934456,0,0
drill_4mm_15,13,0.051855359226465225,0,0
drill_4mm_15,14,0.04482283443212509,0,0
drill_4mm_15,15,0.045592065900564194,0,0
drill_4mm_15,16,0.019672000780701637,0,0
drill_4mm_15,17,0.03596390783786774,0,0
drill_4mm_15,18,0.023473087698221207,0,0
drill_4mm_15,19,0.027377242222428322,0,0
drill_4mm_15,20,0.03297918662428856,0,0
drill_4mm_15,21,0.01982264220714569,0,0
drill_4mm_15,22,0.01878906786441803,0,0
drill_4mm_15,23,0.010553216561675072,0,0
drill_4mm_15,24,0.021455448120832443,0,0
drill_4mm_15,25,0.053702641278505325,0,0
drill_4mm_15,26,0.02654079534113407,0,0
drill_4mm_15,27,0.02172190509736538,0,0
drill_4mm_15,28,0.018247835338115692,0,0
drill_4mm_15,29,0.015072784386575222,0,0
drill_4mm_15,30,0.1294868290424347,0,0
drill_4mm_15,31,0.022967031225562096,0,0
drill_4mm_15,32,0.030006026849150658,0,0
drill_4mm_15,33,0.6294702887535095,0,0
drill_4mm_15,34,0.010225757956504822,0,0
drill_4mm_15,35,0.004802192561328411,0,0
drill_4mm_15,36,0.0028065890073776245,0,0
drill_4mm_15,37,0.15429797768592834,0,0
drill_4mm_15,38,0.08267531543970108,0,0
drill_4mm_15,39,0.14929695427417755,0,0
drill_4mm_15,40,0.26403340697288513,0,0
drill_4mm_15,41,0.1482541412115097,0,0
drill_4mm_15,42,0.2985812723636627,0,0
drill_4mm_15,43,0.3721759617328644,0,0
drill_4mm_15,44,0.4352414906024933,0,0
drill_4mm_15,45,0.8249161839485168,1,0
drill_4mm_15,46,0.5004982948303223,1,0
drill_4mm_15,47,0.4201197624206543,1,0
drill_4mm_15,48,0.2640191614627838,0,0
drill_4mm_15,49,0.31571972370147705,0,0
drill_4mm_15,50,0.40588319301605225,0,0
drill_4mm_15,51,0.30415013432502747,0,0
drill_4mm_15,52,0.3382171094417572,0,0
drill_4mm_15,53,0.5709162354469299,0,0
drill_4mm_15,54,0.11002375185489655,0,0
drill_4mm_15,55,0.15053917467594147,0,0
drill_4mm_15,56,0.079027459025383,0,0
drill_4mm_15,57,0.10793182998895645,0,0
drill_4mm_15,58,0.2943127155303955,0,0
drill_4mm_15,59,0.17499667406082153,0,0
drill_4mm_15,60,0.1327386349439621,0,0
drill_4mm_15,61,0.18033216893672943,0,0
drill_4mm_15,62,0.0742812231183052,0,0
drill_4mm_15,63,0.06679642200469971,0,0
drill_4mm_15,64,0.09175364673137665,0,0
drill_4mm_15,65,0.03437907248735428,0,0
drill_4mm_15,66,0.44921016693115234,0,1
drill_4mm_15,67,0.20982502400875092,0,1
drill_4mm_15,68,0.5678757429122925,0,1
drill_4mm_15,69,0.4420931041240692,1,1
drill_4mm_15,70,0.4666151702404022,1,1
drill_4mm_15,71,0.4517056345939636,1,1
drill_4mm_15,72,0.1829809844493866,0,1
drill_4mm_15,73,0.04791252315044403,0,1
drill_4mm_15,74,0.15334083139896393,0,1
drill_4mm_15,75,0.8990662097930908,0,1
drill_4mm_15,76,0.5031455755233765,1,1
drill_4mm_15,77,0.3426517844200134,0,1
drill_4mm_15,78,0.821128785610199,0,1
drill_4mm_15,79,0.5400375723838806,1,1
drill_4mm_15,80,0.7650625705718994,1,1
drill_4mm_15,81,0.6152394413948059,1,1
drill_4mm_16,1,0.0047735185362398624,0,0
drill_4mm_16,2,0.00223483145236969,0,0
drill_4mm_16,3,0.013903542421758175,0,0
drill_4mm_16,4,0.012310825288295746,0,0
drill_4mm_16,5,0.022908290848135948,0,0
drill_4mm_16,6,0.006335165351629257,0,0
drill_4mm_16,7,0.0313929058611393,0,0
drill_4mm_16,8,0.05921623483300209,0,0
drill_4mm_16,9,0.02527136169373989,0,0
drill_4mm_16,10,0.8116995692253113,0,0
drill_4mm_16,11,0.6988272070884705,1,0
drill_4mm_16,12,0.400781512260437,1,0
drill_4mm_16,13,0.2512809932231903,1,0
drill_4mm_16,14,0.6388865113258362,1,0
drill_4mm_16,15,0.3801369369029999,1,0
drill_4mm_16,16,0.8859336376190186,1,0
drill_4mm_16,17,0.771794319152832,1,0
drill_4mm_16,18,0.5612244009971619,1,0
drill_4mm_16,19,0.6084160208702087,1,0
drill_4mm_16,20,0.5407751798629761,1,0
drill_4mm_16,21,0.8340131640434265,1,0
drill_4mm_16,22,0.9039523005485535,1,0
drill_4mm_16,23,0.7770758271217346,1,0
drill_4mm_16,24,0.6208633184432983,1,0
drill_4mm_16,25,0.9140916466712952,1,0
drill_4mm_16,26,0.789718508720398,1,0
drill_4mm_16,27,0.7781676054000854,1,0
drill_4mm_16,28,0.19660477340221405,1,0
drill_4mm_16,29,0.6105287671089172,1,0
drill_4mm_16,30,0.5491282343864441,1,0
drill_4mm_16,31,0.9432235956192017,1,0
drill_4mm_16,32,0.8046309947967529,1,0
drill_4mm_16,33,0.8005223274230957,1,0
drill_4mm_16,34,0.8539050817489624,1,0
drill_4mm_16,35,0.9122822880744934,1,0
drill_4mm_16,36,0.9501684904098511,1,0
drill_4mm_16,37,0.8780248165130615,1,0
drill_4mm_16,38,0.8672786355018616,1,0
drill_4mm_16,39,0.9335644841194153,1,0
drill_4mm_16,40,0.6102112531661987,1,0
drill_4mm_16,41,0.5221108198165894,1,0
drill_4mm_16,42,0.6493608355522156,1,0
drill_4mm_16,43,0.9026580452919006,1,0
drill_4mm_16,44,0.8391213417053223,1,1
drill_4mm_16,45,0.7953503131866455,1,1
drill_4mm_16,46,0.5995079874992371,1,1
drill_4mm_16,47,0.8510921001434326,1,1
drill_4mm_16,48,0.5700894594192505,1,1
drill_4mm_16,49,0.990669846534729,1,1
drill_4mm_16,50,0.7775290012359619,1,1
drill_4mm_16,51,0.9852491021156311,1,1
drill_4mm_16,52,0.9207642674446106,1,1
drill_4mm_16,53,0.8108596801757812,1,1
drill_4mm_17,1,0.009735345840454102,0,0
drill_4mm_17,2,0.05156160518527031,0,0
drill_4mm_17,3,0.012076793238520622,0,0
drill_4mm_17,4,0.06361766159534454,0,0
drill_4mm_17,5,0.49525216221809387,0,0
drill_4mm_17,6,0.948663592338562,1,0
drill_4mm_17,7,0.7988266944885254,1,0
drill_4mm_17,8,0.4248467683792114,0,0
drill_4mm_17,9,0.22403542697429657,0,0
drill_4mm_17,10,0.1416667103767395,0,0
drill_4mm_17,11,0.4322095513343811,0,0
drill_4mm_17,12,0.7736929655075073,0,0
drill_4mm_17,13,0.8247371912002563,1,0
drill_4mm_17,14,0.15141388773918152,0,0
drill_4mm_17,15,0.5078819394111633,0,0
drill_4mm_17,16,0.5766443014144897,1,0
drill_4mm_17,17,0.20982131361961365,0,0
drill_4mm_17,18,0.25652340054512024,0,0
drill_4mm_17,19,0.5812778472900391,0,0
drill_4mm_17,20,0.0353768914937973,0,0
drill_4mm_17,21,0.018960516899824142,0,0
drill_4mm_17,22,0.13762199878692627,0,0
drill_4mm_17,23,0.04751186817884445,0,0
drill_4mm_17,24,0.16756251454353333,0,0
drill_4mm_17,25,0.6894780993461609,0,0
drill_4mm_17,26,0.11035027354955673,0,0
drill_4mm_17,27,0.06519782543182373,0,0
drill_4mm_17,28,0.12363791465759277,0,0
drill_4mm_17,29,0.05971480533480644,0,1
drill_4mm_17,30,0.7835022211074829,0,1
drill_4mm_17,31,0.8220442533493042,1,1
drill_4mm_17,32,0.8694223761558533,1,1
drill_4mm_17,33,0.9617790579795837,1,1
drill_4mm_17,34,0.42150700092315674,0,1
drill_4mm_17,35,0.2014836221933365,0,1
drill_4mm_18,1,0.00741540314629674,0,0
drill_4mm_18,2,0.020242374390363693,0,0
drill_4mm_18,3,0.022781314328312874,0,0
drill_4mm_18,4,0.07814434915781021,0,0
drill_4mm_18,5,0.18093466758728027,0,0
drill_4mm_18,6,0.02941340208053589,0,0
drill_4mm_18,7,0.038626376539468765,0,0
drill_4mm_18,8,0.015033582225441933,0,0
drill_4mm_18,9,0.033764202147722244,0,0
drill_4mm_18,10,0.10208071023225784,0,0
drill_4mm_18,11,0.2985210120677948,0,0
drill_4mm_18,12,0.07642242312431335,0,0
drill_4mm_18,13,0.8136826753616333,0,0
drill_4mm_18,14,0.303209513425827,1,0
drill_4mm_18,15,0.011398677714169025,0,0
drill_4mm_18,16,0.030671251937747,0,0
drill_4mm_18,17,0.01162603311240673,0,0
drill_4mm_18,18,0.010597542859613895,0,0
drill_4mm_18,19,0.007671433966606855,0,0
drill_4mm_18,20,0.009109322912991047,0,0
drill_4mm_18,21,0.009132620878517628,0,0
drill_4mm_18,22,0.8182243704795837,0,0
drill_4mm_18,23,0.21507786214351654,1,0
drill_4mm_18,24,0.9281646013259888,1,1
drill_4mm_18,25,0.056497085839509964,0,1
drill_4mm_18,26,0.7743461728096008,0,1
drill_4mm_18,27,0.4680579602718353,1,1
drill_4mm_18,28,0.3596213459968567,1,1
drill_4mm_19,1,0.038165152072906494,0,0
drill_4mm_19,2,0.020538492128252983,0,0
drill_4mm_19,3,0.019645165652036667,0,0
drill_4mm_19,4,0.015643788501620293,0,0
drill_4mm_19,5,0.025928720831871033,0,0
drill_4mm_19,6,0.03236284479498863,0,0
drill_4mm_19,7,0.05385592207312584,0,0
drill_4mm_19,8,0.08528318256139755,0,0
drill_4mm_19,9,0.06512397527694702,0,0
drill_4mm_19,10,0.09358907490968704,0,0
drill_4mm_19,11,0.07723778486251831,0,0
drill_4mm_19,12,0.03043736144900322,0,0
drill_4mm_19,13,0.10231474041938782,0,0
drill_4mm_19,14,0.20900708436965942,1,0
drill_4mm_19,15,0.11975036561489105,1,0
drill_4mm_19,16,0.048660267144441605,0,0
drill_4mm_19,17,0.051177263259887695,0,0
drill_4mm_19,18,0.12846402823925018,0,0
drill_4mm_19,19,0.024182595312595367,0,0
drill_4mm_19,20,0.2879463732242584,0,0
drill_4mm_19,21,0.17467986047267914,1,1
drill_4mm_19,22,0.9223796725273132,1,1
drill_4mm_19,23,0.826583206653595,1,1
drill_4mm_19,24,0.5483311414718628,1,1
drill_4mm_20,1,0.01902390457689762,0,0
drill_4mm_20,2,0.009496970102190971,0,0
drill_4mm_20,3,0.006056548561900854,0,0
drill_4mm_20,4,0.011348234489560127,0,0
drill_4mm_20,5,0.041286613792181015,0,0
drill_4mm_20,6,0.13518337905406952,0,0
drill_4mm_20,7,0.19976061582565308,1,0
drill_4mm_20,8,0.28050780296325684,1,0
drill_4mm_20,9,0.14099225401878357,1,0
drill_4mm_20,10,0.08451800793409348,0,0
drill_4mm_20,11,0.1672186553478241,0,0
drill_4mm_20,12,0.06974709779024124,0,0
drill_4mm_20,13,0.14354979991912842,0,0
drill_4mm_20,14,0.06922389566898346,0,0
drill_4mm_20,15,0.1910596638917923,0,0
drill_4mm_20,16,0.06825335323810577,0,0
drill_4mm_20,17,0.11850380897521973,0,0
drill_4mm_20,18,0.3098311424255371,1,0
drill_4mm_20,19,0.17468592524528503,1,0
drill_4mm_20,20,0.2855817377567291,1,0
drill_4mm_20,21,0.34217289090156555,1,0
drill_4mm_20,22,0.29705122113227844,1,0
drill_4mm_20,23,0.3040037751197815,1,0
drill_4mm_20,24,0.5114002823829651,1,0
drill_4mm_20,25,0.6734139919281006,1,0
drill_4mm_20,26,0.8477128148078918,1,0
drill_4mm_20,27,0.8535476326942444,1,0
drill_4mm_20,28,0.6636695861816406,1,0
drill_4mm_20,29,0.8034005761146545,1,0
drill_4mm_20,30,0.08340387046337128,0,0
drill_4mm_20,31,0.22966380417346954,0,0
drill_4mm_20,32,0.5654900074005127,1,0
drill_4mm_20,33,0.9390749335289001,1,1
drill_4mm_20,34,0.8248922228813171,1,1
drill_4mm_20,35,0.6724948287010193,1,1
drill_4mm_20,36,0.3436463177204132,1,1
drill_4mm_20,37,0.13361896574497223,1,1
drill_4mm_20,38,0.09874656796455383,0,1
drill_4mm_20,39,0.8166154623031616,0,1
drill_4mm_20,40,0.7587486505508423,1,1
