drill,hole,hybrid_mse,prediction,label
drill_4mm_04,1,0.00017844124522525817,0,0
drill_4mm_04,2,0.0016151700401678681,0,0
drill_4mm_04,3,0.0013070345157757401,0,0
drill_4mm_04,4,0.004470009356737137,0,0
drill_4mm_04,5,0.0014386276016011834,0,0
drill_4mm_04,6,0.7960339784622192,0,0
drill_4mm_04,7,4.652135372161865,0,0
drill_4mm_04,8,4.74652624130249,0,0
drill_4mm_04,9,7.033017635345459,0,0
drill_4mm_04,10,5.0116987228393555,0,0
drill_4mm_04,11,11.82994556427002,0,0
drill_4mm_04,12,13.361666679382324,0,0
drill_4mm_04,13,14.84168529510498,0,0
drill_4mm_04,14,17.86008644104004,0,0
drill_4mm_04,15,17.254030227661133,1,0
drill_4mm_04,16,20.561595916748047,1,0
drill_4mm_04,17,23.7101993560791,1,0
drill_4mm_04,18,19.692312240600586,1,0
drill_4mm_04,19,24.10810661315918,1,0
drill_4mm_04,20,21.478397369384766,1,0
drill_4mm_04,21,21.050439834594727,1,0
drill_4mm_04,22,16.364248275756836,1,0
drill_4mm_04,23,17.962900161743164,1,0
drill_4mm_04,24,16.01667594909668,1,0
drill_4mm_04,25,13.018531799316406,1,0
drill_4mm_04,26,13.338756561279297,1,0
drill_4mm_04,27,14.250962257385254,1,0
drill_4mm_04,28,16.118061065673828,1,0
drill_4mm_04,29,10.825617790222168,1,0
drill_4mm_04,30,17.76852798461914,1,0
drill_4mm_04,31,4.013944149017334,1,0
drill_4mm_04,32,2.34277081489563,1,0
drill_4mm_04,33,3.6537039279937744,1,0
drill_4mm_04,34,2.161299467086792,1,0
drill_4mm_04,35,2.4823665618896484,1,0
drill_4mm_04,36,2.1513442993164062,1,0
drill_4mm_04,37,4.6284661293029785,1,0
drill_4mm_04,38,8.09208869934082,1,0
drill_4mm_04,39,35.60553741455078,1,0
drill_4mm_04,40,9.120782852172852,1,0
drill_4mm_04,41,9.8582763671875,1,0
drill_4mm_04,42,13.10432243347168,1,1
drill_4mm_04,43,16.38657569885254,1,1
drill_4mm_04,44,21.927349090576172,1,1
drill_4mm_04,45,17.77005958557129,1,1
drill_4mm_04,46,18.960031509399414,1,1
drill_4mm_04,47,22.434505462646484,1,1
drill_4mm_04,48,16.80201530456543,1,1
drill_4mm_04,49,42.89167785644531,1,1
drill_4mm_04,50,18.814809799194336,1,1
drill_4mm_04,51,17.632028579711914,1,1
drill_4mm_05,1,8.275097934529185e-05,0,0
drill_4mm_05,2,0.0007861803169362247,0,0
drill_4mm_05,3,0.005842868704348803,0,0
drill_4mm_05,4,0.0010357246501371264,0,0
drill_4mm_05,5,0.0001745845947880298,0,0
drill_4mm_05,6,0.5591714382171631,0,0
drill_4mm_05,7,0.9448810815811157,0,0
drill_4mm_05,8,1.44565749168396,0,0
drill_4mm_05,9,1.874909520149231,0,0
drill_4mm_05,10,1.4628660678863525,0,0
drill_4mm_05,11,3.0188374519348145,0,0
drill_4mm_05,12,2.3603553771972656,0,0
drill_4mm_05,13,7.514883995056152,0,0
drill_4mm_05,14,8.160926818847656,0,0
drill_4mm_05,15,12.538222312927246,1,0
drill_4mm_05,16,17.443912506103516,1,0
drill_4mm_05,17,11.075939178466797,1,0
drill_4mm_05,18,10.05319595336914,1,0
drill_4mm_05,19,8.204140663146973,1,0
drill_4mm_05,20,11.297374725341797,1,0
drill_4mm_05,21,17.69374656677246,1,0
drill_4mm_05,22,10.208870887756348,1,0
drill_4mm_05,23,9.269129753112793,1,0
drill_4mm_05,24,12.555513381958008,1,0
drill_4mm_05,25,8.203227043151855,1,0
drill_4mm_05,26,6.472904205322266,1,0
drill_4mm_05,27,6.515178680419922,1,0
drill_4mm_05,28,4.634957313537598,1,0
drill_4mm_05,29,13.184154510498047,1,0
drill_4mm_05,30,11.556032180786133,1,0
drill_4mm_05,31,5.472764015197754,1,0
drill_4mm_05,32,8.034538269042969,1,0
drill_4mm_05,33,20.31045150756836,1,0
drill_4mm_05,34,8.732561111450195,1,0
drill_4mm_05,35,4.601820468902588,1,0
drill_4mm_05,36,6.423508644104004,1,0
drill_4mm_05,37,2.537745952606201,1,0
drill_4mm_05,38,5.435964584350586,1,0
drill_4mm_05,39,6.846175193786621,1,0
drill_4mm_05,40,19.99273109436035,1,0
drill_4mm_05,41,6.332561016082764,1,0
drill_4mm_05,42,23.70583152770996,1,0
drill_4mm_05,43,18.308055877685547,1,0
drill_4mm_05,44,19.930496215820312,1,0
drill_4mm_05,45,24.03934097290039,1,0
drill_4mm_05,46,20.795331954956055,1,0
drill_4mm_05,47,25.26681900024414,1,0
drill_4mm_05,48,16.851530075073242,1,0
drill_4mm_05,49,20.38945198059082,1,0
drill_4mm_05,50,32.18135452270508,1,0
drill_4mm_05,51,14.949763298034668,1,0
drill_4mm_05,52,41.80482482910156,1,0
drill_4mm_05,53,15.148947715759277,1,0
drill_4mm_05,54,16.60820198059082,1,0
drill_4mm_05,55,28.5401611328125,1,0
drill_4mm_05,56,63.23691940307617,1,0
drill_4mm_05,57,25.658493041992188,1,0
drill_4mm_05,58,25.980384826660156,1,0
drill_4mm_05,59,27.3804931640625,1,0
drill_4mm_05,60,18.458850860595703,1,0
drill_4mm_05,61,49.879730224609375,1,0
drill_4mm_05,62,136.8293914794922,1,0
drill_4mm_05,63,51.33321762084961,1,0
drill_4mm_05,64,96.44426727294922,1,0
drill_4mm_05,65,28.104488372802734,1,0
drill_4mm_05,66,111.08011627197266,1,0
drill_4mm_05,67,71.3316879272461,1,0
drill_4mm_05,68,84.88860321044922,1,0
drill_4mm_05,69,183.0849151611328,1,0
drill_4mm_05,70,164.26177978515625,1,0
drill_4mm_05,71,209.3631591796875,1,0
drill_4mm_05,72,161.17654418945312,1,0
drill_4mm_05,73,150.83181762695312,1,0
drill_4mm_05,74,129.4798583984375,1,0
drill_4mm_05,75,220.17135620117188,1,0
drill_4mm_05,76,163.75645446777344,1,0
drill_4mm_05,77,118.55921173095703,1,0
drill_4mm_05,78,206.12571716308594,1,0
drill_4mm_05,79,178.77035522460938,1,0
drill_4mm_05,80,259.1265563964844,1,0
drill_4mm_05,81,187.6768798828125,1,0
drill_4mm_05,82,89.17720031738281,1,0
drill_4mm_05,83,199.7381591796875,1,0
drill_4mm_05,84,244.3826446533203,1,0
drill_4mm_05,85,267.2655334472656,1,0
drill_4mm_05,86,262.9309387207031,1,1
drill_4mm_05,87,173.30838012695312,1,1
drill_4mm_05,88,181.44952392578125,1,1
drill_4mm_05,89,273.5528869628906,1,1
drill_4mm_05,90,98.71344757080078,1,1
drill_4mm_05,91,185.69906616210938,1,1
drill_4mm_05,92,104.04924774169922,1,1
drill_4mm_05,93,32.75467300415039,1,1
drill_4mm_05,94,124.45833587646484,1,1
drill_4mm_05,95,299.2281188964844,1,1
drill_4mm_05,96,44.866058349609375,1,1
drill_4mm_05,97,187.5250701904297,1,1
drill_4mm_05,98,299.29876708984375,1,1
drill_4mm_05,99,269.703369140625,1,1
drill_4mm_05,100,280.9344177246094,1,1
drill_4mm_05,101,300.1844177246094,1,1
drill_4mm_05,102,271.5658874511719,1,1
drill_4mm_05,103,324.8351135253906,1,1
drill_4mm_05,104,217.99813842773438,1,1
drill_4mm_05,105,290.9227600097656,1,1
drill_4mm_05,106,276.5851135253906,1,1
drill_4mm_06,1,2.763336851785425e-05,0,0
drill_4mm_06,2,6.982184459047858e-06,0,0
drill_4mm_06,3,0.01690656878054142,0,0
drill_4mm_06,4,2.7027548640035093e-05,0,0
drill_4mm_06,5,0.00032297676079906523,0,0
drill_4mm_06,6,1.655401349067688,0,0
drill_4mm_06,7,4.240201950073242,0,0
drill_4mm_06,8,9.295660018920898,0,0
drill_4mm_06,9,28.285634994506836,0,0
drill_4mm_06,10,56.097354888916016,0,0
drill_4mm_06,11,87.0707015991211,0,0
drill_4mm_06,12,93.85240936279297,0,0
drill_4mm_06,13,97.31288146972656,0,0
drill_4mm_06,14,104.21304321289062,0,0
drill_4mm_06,15,134.40516662597656,1,0
drill_4mm_06,16,107.6572494506836,1,0
drill_4mm_06,17,100.19380950927734,1,0
drill_4mm_06,18,65.52061462402344,1,0
drill_4mm_06,19,84.70523834228516,1,0
drill_4mm_06,20,106.41732788085938,1,0
drill_4mm_06,21,113.05912780761719,1,1
drill_4mm_06,22,44.19984817504883,1,1
drill_4mm_06,23,109.51338195800781,1,1
drill_4mm_06,24,145.75100708007812,1,1
drill_4mm_06,25,37.15909194946289,1,1
drill_4mm_07,1,0.0008542134310118854,0,0
drill_4mm_07,2,0.004922064486891031,0,0
drill_4mm_07,3,0.0031751911155879498,0,0
drill_4mm_07,4,6.141015546745621e-06,0,0
drill_4mm_07,5,0.00023790905834175646,0,0
drill_4mm_07,6,1.5340454578399658,0,0
drill_4mm_07,7,6.561951637268066,0,0
drill_4mm_07,8,9.163185119628906,0,0
drill_4mm_07,9,9.015727043151855,0,0
drill_4mm_07,10,5.672940731048584,0,0
drill_4mm_07,11,9.549978256225586,0,0
drill_4mm_07,12,10.205795288085938,0,0
drill_4mm_07,13,13.961519241333008,0,0
drill_4mm_07,14,14.550013542175293,0,0
drill_4mm_07,15,12.774879455566406,1,0
drill_4mm_07,16,8.932273864746094,1,0
drill_4mm_07,17,10.001429557800293,1,0
drill_4mm_07,18,10.93616008758545,1,0
drill_4mm_07,19,7.327091217041016,1,0
drill_4mm_07,20,11.836010932922363,1,0
drill_4mm_07,21,10.13241958618164,1,0
drill_4mm_07,22,9.797011375427246,1,0
drill_4mm_07,23,9.92609691619873,1,0
drill_4mm_07,24,11.347639083862305,1,0
drill_4mm_07,25,12.019734382629395,1,0
drill_4mm_07,26,13.695082664489746,1,0
drill_4mm_07,27,12.359135627746582,1,1
drill_4mm_07,28,11.18156623840332,1,1
drill_4mm_07,29,13.455124855041504,1,1
drill_4mm_07,30,11.019954681396484,1,1
drill_4mm_07,31,3.838045358657837,1,1
drill_4mm_07,32,5.265515327453613,1,1
drill_4mm_08,1,0.00014987026224844158,0,0
drill_4mm_08,2,0.0003261790261603892,0,0
drill_4mm_08,3,0.04990917071700096,0,0
drill_4mm_08,4,0.006011778488755226,0,0
drill_4mm_08,5,8.400997467106208e-05,0,0
drill_4mm_08,6,0.659896969795227,0,0
drill_4mm_08,7,14.154512405395508,0,0
drill_4mm_08,8,4.318145275115967,0,0
drill_4mm_08,9,8.014732360839844,0,0
drill_4mm_08,10,4.267593860626221,0,0
drill_4mm_08,11,8.201865196228027,0,0
drill_4mm_08,12,7.206742286682129,0,0
drill_4mm_08,13,6.59280252456665,0,0
drill_4mm_08,14,7.920577049255371,0,0
drill_4mm_08,15,7.858495712280273,1,0
drill_4mm_08,16,19.339040756225586,1,0
drill_4mm_08,17,5.75502872467041,1,0
drill_4mm_08,18,7.690688133239746,1,1
drill_4mm_08,19,11.71395206451416,1,1
drill_4mm_08,20,92.28840637207031,1,1
drill_4mm_08,21,5.536280632019043,1,1
drill_4mm_09,1,0.0003419180284254253,0,0
drill_4mm_09,2,0.008154951967298985,0,0
drill_4mm_09,3,0.0013052141293883324,0,0
drill_4mm_09,4,8.337206963915378e-05,0,0
drill_4mm_09,5,1.645455813559238e-05,0,0
drill_4mm_09,6,1.6943422555923462,0,0
drill_4mm_09,7,1.9670580625534058,0,0
drill_4mm_09,8,3.026445150375366,0,0
drill_4mm_09,9,6.5720601081848145,0,0
drill_4mm_09,10,12.384016036987305,0,0
drill_4mm_09,11,21.67010498046875,0,0
drill_4mm_09,12,30.0123233795166,0,0
drill_4mm_09,13,39.25857925415039,0,0
drill_4mm_09,14,31.332271575927734,0,0
drill_4mm_09,15,40.71470260620117,1,0
drill_4mm_09,16,30.5599365234375,1,0
drill_4mm_09,17,35.10454177856445,1,0
drill_4mm_09,18,24.292278289794922,1,0
drill_4mm_09,19,24.58176040649414,1,0
drill_4mm_09,20,34.93377685546875,1,0
drill_4mm_09,21,33.636844635009766,1,0
drill_4mm_09,22,32.17740249633789,1,0
drill_4mm_09,23,29.241195678710938,1,0
drill_4mm_09,24,24.568037033081055,1,0
drill_4mm_09,25,22.209585189819336,1,0
drill_4mm_09,26,41.96844482421875,1,0
drill_4mm_09,27,44.504180908203125,1,0
drill_4mm_09,28,41.25999069213867,1,0
drill_4mm_09,29,55.85918426513672,1,0
drill_4mm_09,30,48.27585983276367,1,0
drill_4mm_09,31,27.182851791381836,1,0
drill_4mm_09,32,25.366533279418945,1,0
drill_4mm_09,33,25.701297760009766,1,0
drill_4mm_09,34,21.62425422668457,1,0
drill_4mm_09,35,21.098743438720703,1,0
drill_4mm_09,36,17.282390594482422,1,0
drill_4mm_09,37,12.127453804016113,1,0
drill_4mm_09,38,24.849124908447266,1,0
drill_4mm_09,39,26.2257022857666,1,0
drill_4mm_09,40,43.81270217895508,1,0
drill_4mm_09,41,48.53014373779297,1,0
drill_4mm_09,42,43.98503875732422,1,1
drill_4mm_09,43,49.11275863647461,1,1
drill_4mm_09,44,77.81461334228516,1,1
drill_4mm_09,45,47.22338104248047,1,1
drill_4mm_09,46,39.627593994140625,1,1
drill_4mm_09,47,36.62450408935547,1,1
drill_4mm_09,48,29.162391662597656,1,1
drill_4mm_09,49,26.484439849853516,1,1
drill_4mm_09,50,56.927520751953125,1,1
drill_4mm_09,51,55.889705657958984,1,1
drill_4mm_10,1,6.702450627926737e-05,0,0
drill_4mm_10,2,4.2201387259410694e-05,0,0
drill_4mm_10,3,0.004186904989182949,0,0
drill_4mm_10,4,0.006439843215048313,0,0
drill_4mm_10,5,0.00010991494491463527,0,0
drill_4mm_10,6,0.37822046875953674,0,0
drill_4mm_10,7,0.8082882165908813,0,0
drill_4mm_10,8,1.2406630516052246,0,0
drill_4mm_10,9,1.9943292140960693,0,0
drill_4mm_10,10,2.1170873641967773,0,0
drill_4mm_10,11,3.3170700073242188,0,0
drill_4mm_10,12,4.714402198791504,0,0
drill_4mm_10,13,4.811947822570801,0,0
drill_4mm_10,14,2.9767849445343018,0,0
drill_4mm_10,15,3.7966129779815674,1,0
drill_4mm_10,16,4.773613452911377,1,0
drill_4mm_10,17,6.5204997062683105,1,0
drill_4mm_10,18,10.664886474609375,1,0
drill_4mm_10,19,10.989890098571777,1,0
drill_4mm_10,20,10.84204387664795,1,0
drill_4mm_10,21,10.300065994262695,1,0
drill_4mm_10,22,9.460260391235352,1,0
drill_4mm_10,23,8.922745704650879,1,0
drill_4mm_10,24,9.400717735290527,1,0
drill_4mm_10,25,10.428874015808105,1,0
drill_4mm_10,26,10.717875480651855,1,0
drill_4mm_10,27,11.590446472167969,1,0
drill_4mm_10,28,14.70404052734375,1,0
drill_4mm_10,29,18.529237747192383,1,0
drill_4mm_10,30,15.331670761108398,1,0
drill_4mm_10,31,11.600629806518555,1,0
drill_4mm_10,32,17.258708953857422,1,0
drill_4mm_10,33,15.2528657913208,1,0
drill_4mm_10,34,12.641094207763672,1,0
drill_4mm_10,35,14.9697265625,1,0
drill_4mm_10,36,17.1318416595459,1,0
drill_4mm_10,37,13.414422988891602,1,0
drill_4mm_10,38,11.406492233276367,1,0
drill_4mm_10,39,7.8504462242126465,1,0
drill_4mm_10,40,10.651875495910645,1,0
drill_4mm_10,41,11.988876342773438,1,0
drill_4mm_10,42,9.695398330688477,1,0
drill_4mm_10,43,9.168035507202148,1,0
drill_4mm_10,44,8.75473690032959,1,0
drill_4mm_10,45,9.868168830871582,1,0
drill_4mm_10,46,9.302431106567383,1,0
drill_4mm_10,47,11.83334732055664,1,0
drill_4mm_10,48,16.007966995239258,1,0
drill_4mm_10,49,10.901751518249512,1,1
drill_4mm_10,50,2.446673631668091,1,1
drill_4mm_10,51,11.398818016052246,1,1
drill_4mm_10,52,13.67027759552002,1,1
drill_4mm_10,53,11.538637161254883,1,1
drill_4mm_10,54,10.094593048095703,1,1
drill_4mm_10,55,16.324256896972656,1,1
drill_4mm_10,56,14.760111808776855,1,1
drill_4mm_10,57,13.977317810058594,1,1
drill_4mm_10,58,4.467119216918945,1,1
drill_4mm_10,59,12.059696197509766,1,1
drill_4mm_11,1,0.00014355497842188925,0,0
drill_4mm_11,2,0.0072160144336521626,0,0
drill_4mm_11,3,0.0007643633871339262,0,0
drill_4mm_11,4,0.0013193461345508695,0,0
drill_4mm_11,5,0.00016668104217387736,0,0
drill_4mm_11,6,1.926047921180725,0,0
drill_4mm_11,7,10.092710494995117,0,0
drill_4mm_11,8,18.898941040039062,0,0
drill_4mm_11,9,25.626602172851562,0,0
drill_4mm_11,10,55.532413482666016,0,0
drill_4mm_11,11,41.67491912841797,0,0
drill_4mm_11,12,42.48331069946289,0,0
drill_4mm_11,13,41.5069580078125,0,0
drill_4mm_11,14,35.44435501098633,0,0
drill_4mm_11,15,24.69915771484375,1,0
drill_4mm_11,16,25.535167694091797,1,0
drill_4mm_11,17,15.737076759338379,1,1
drill_4mm_11,18,20.173358917236328,1,1
drill_4mm_11,19,33.36716842651367,1,1
drill_4mm_12,1,1.9579501895350404e-05,0,0
drill_4mm_12,2,0.0022387071512639523,0,0
drill_4mm_12,3,0.003253156552091241,0,0
drill_4mm_12,4,0.0006470923544839025,0,0
drill_4mm_12,5,1.4939292668714188e-05,0,0
drill_4mm_12,6,6.350014686584473,0,0
drill_4mm_12,7,6.331252098083496,0,0
drill_4mm_12,8,11.251619338989258,0,0
drill_4mm_12,9,17.368391036987305,0,0
drill_4mm_12,10,39.32012176513672,0,0
drill_4mm_12,11,37.05303192138672,0,0
drill_4mm_12,12,76.45968627929688,0,0
drill_4mm_12,13,68.52031707763672,0,0
drill_4mm_12,14,79.00143432617188,0,0
drill_4mm_12,15,69.36021423339844,1,1
drill_4mm_12,16,27.383188247680664,1,1
drill_4mm_12,17,18.980878829956055,1,1
drill_4mm_13,1,0.00018013727094512433,0,0
drill_4mm_13,2,0.0012213962618261576,0,0
drill_4mm_13,3,0.0012253219028934836,0,0
drill_4mm_13,4,4.625014480552636e-05,0,0
drill_4mm_13,5,0.00019863269699271768,0,0
drill_4mm_13,6,6.256409645080566,0,0
drill_4mm_13,7,3.69305682182312,0,0
drill_4mm_13,8,6.624481201171875,0,0
drill_4mm_13,9,5.259551525115967,0,0
drill_4mm_13,10,7.528374195098877,0,0
drill_4mm_13,11,5.398865699768066,0,0
drill_4mm_13,12,17.608524322509766,0,0
drill_4mm_13,13,5.441915035247803,0,0
drill_4mm_13,14,5.555810928344727,0,0
drill_4mm_13,15,90.70899963378906,1,0
drill_4mm_13,16,5.32375431060791,1,1
drill_4mm_13,17,63.859683990478516,1,1
drill_4mm_13,18,7.212662696838379,1,1
drill_4mm_14,1,9.229901479557157e-05,0,0
drill_4mm_14,2,0.004788019694387913,0,0
drill_4mm_14,3,0.020703865215182304,0,0
drill_4mm_14,4,0.0036878103855997324,0,0
drill_4mm_14,5,7.19771851436235e-05,0,0
drill_4mm_14,6,1.2583914995193481,0,0
drill_4mm_14,7,1.668309211730957,0,0
drill_4mm_14,8,3.7852320671081543,0,0
drill_4mm_14,9,5.535764217376709,0,0
drill_4mm_14,10,7.169483184814453,0,0
drill_4mm_14,11,11.974576950073242,0,0
drill_4mm_14,12,13.174491882324219,0,0
drill_4mm_14,13,93.32843017578125,0,0
drill_4mm_14,14,11.511488914489746,0,0
drill_4mm_14,15,13.681973457336426,1,0
drill_4mm_14,16,10.662275314331055,1,0
drill_4mm_14,17,7.258561134338379,1,0
drill_4mm_14,18,11.877604484558105,1,1
drill_4mm_14,19,15.289217948913574,1,1
drill_4mm_14,20,7.548856258392334,1,1
drill_4mm_14,21,15.678239822387695,1,1
drill_4mm_15,1,0.0007683526491746306,0,0
drill_4mm_15,2,0.004581905901432037,0,0
drill_4mm_15,3,0.0010354199912399054,0,0
drill_4mm_15,4,0.00013541603402700275,0,0
drill_4mm_15,5,9.447310731047764e-05,0,0
drill_4mm_15,6,1.4879399538040161,0,0
drill_4mm_15,7,3.3340442180633545,0,0
drill_4mm_15,8,2.4367122650146484,0,0
drill_4mm_15,9,2.4367165565490723,0,0
drill_4mm_15,10,6.0909318923950195,0,0
drill_4mm_15,11,5.918633460998535,0,0
drill_4mm_15,12,6.167197227478027,0,0
drill_4mm_15,13,13.934297561645508,0,0
drill_4mm_15,14,17.217979431152344,0,0
drill_4mm_15,15,11.25993824005127,1,0
drill_4mm_15,16,11.62183952331543,1,0
drill_4mm_15,17,21.05428695678711,1,0
drill_4mm_15,18,18.596637725830078,1,0
drill_4mm_15,19,19.684675216674805,1,0
drill_4mm_15,20,28.458219528198242,1,0
drill_4mm_15,21,23.21938133239746,1,0
drill_4mm_15,22,31.45556640625,1,0
drill_4mm_15,23,34.002777099609375,1,0
drill_4mm_15,24,36.597198486328125,1,0
drill_4mm_15,25,36.288455963134766,1,0
drill_4mm_15,26,32.02840805053711,1,0
drill_4mm_15,27,29.25394058227539,1,0
drill_4mm_15,28,41.075225830078125,1,0
drill_4mm_15,29,41.962249755859375,1,0
drill_4mm_15,30,34.65123748779297,1,0
drill_4mm_15,31,4.91261100769043,1,0
drill_4mm_15,32,20.97246551513672,1,0
drill_4mm_15,33,26.135562896728516,1,0
drill_4mm_15,34,23.917682647705078,1,0
drill_4mm_15,35,26.180801391601562,1,0
drill_4mm_15,36,25.187095642089844,1,0
drill_4mm_15,37,19.903146743774414,1,1
drill_4mm_15,38,18.77219581604004,1,1
drill_4mm_15,39,7.1609015464782715,1,1
drill_4mm_15,40,17.903480529785156,1,1
drill_4mm_15,41,28.162532806396484,1,1
drill_4mm_15,42,24.130481719970703,1,1
drill_4mm_15,43,5.054876804351807,1,1
drill_4mm_15,44,22.042448043823242,1,1
drill_4mm_16,1,6.406494503607973e-05,0,0
drill_4mm_16,2,0.0003763727727346122,0,0
drill_4mm_16,3,0.003988263662904501,0,0
drill_4mm_16,4,0.007121219299733639,0,0
drill_4mm_16,5,0.0004515601904131472,0,0
drill_4mm_16,6,3.6804661750793457,0,0
drill_4mm_16,7,8.877543449401855,0,0
drill_4mm_16,8,2.9726924896240234,0,0
drill_4mm_16,9,5.956741809844971,0,0
drill_4mm_16,10,7.772270679473877,0,0
drill_4mm_16,11,8.799089431762695,0,0
drill_4mm_16,12,6.676297187805176,0,0
drill_4mm_16,13,8.892822265625,0,0
drill_4mm_16,14,15.846717834472656,0,0
drill_4mm_16,15,9.36906623840332,1,0
drill_4mm_16,16,15.85236644744873,1,0
drill_4mm_16,17,25.118640899658203,1,0
drill_4mm_16,18,13.692598342895508,1,0
drill_4mm_16,19,18.594175338745117,1,0
drill_4mm_16,20,23.747671127319336,1,0
drill_4mm_16,21,17.940105438232422,1,0
drill_4mm_16,22,25.758827209472656,1,0
drill_4mm_16,23,22.431413650512695,1,0
drill_4mm_16,24,22.272947311401367,1,0
drill_4mm_16,25,21.634328842163086,1,0
drill_4mm_16,26,23.50257110595703,1,0
drill_4mm_16,27,25.62784767150879,1,0
drill_4mm_16,28,29.068248748779297,1,0
drill_4mm_16,29,31.4189453125,1,0
drill_4mm_16,30,12.394439697265625,1,0
drill_4mm_16,31,21.296003341674805,1,0
drill_4mm_16,32,16.724014282226562,1,1
drill_4mm_16,33,26.0490779876709,1,1
drill_4mm_16,34,12.451077461242676,1,1
drill_4mm_16,35,14.359471321105957,1,1
drill_4mm_16,36,17.345312118530273,1,1
drill_4mm_16,37,12.4459867477417,1,1
drill_4mm_16,38,19.248167037963867,1,1
drill_4mm_17,1,4.7456596803385764e-05,0,0
drill_4mm_17,2,0.003440471598878503,0,0
drill_4mm_17,3,0.0035821376368403435,0,0
drill_4mm_17,4,0.0004855749139096588,0,0
drill_4mm_17,5,0.00021623566863127053,0,0
drill_4mm_17,6,0.45070022344589233,0,0
drill_4mm_17,7,0.8693728446960449,0,0
drill_4mm_17,8,1.0635915994644165,0,0
drill_4mm_17,9,3.9933598041534424,0,0
drill_4mm_17,10,3.8773961067199707,0,0
drill_4mm_17,11,2.433967113494873,0,0
drill_4mm_17,12,2.127791404724121,0,0
drill_4mm_17,13,5.874218940734863,0,0
drill_4mm_17,14,7.4274983406066895,0,0
drill_4mm_17,15,3.3055241107940674,1,0
drill_4mm_17,16,12.046411514282227,1,0
drill_4mm_17,17,3.1415176391601562,1,1
drill_4mm_17,18,4.12931489944458,1,1
drill_4mm_17,19,6.704970359802246,1,1
drill_4mm_18,1,0.0006611187709495425,0,0
drill_4mm_18,2,0.008981287479400635,0,0
drill_4mm_18,3,6.602859502891079e-05,0,0
drill_4mm_18,4,0.00018761925457511097,0,0
drill_4mm_18,5,0.00027835622313432395,0,0
drill_4mm_18,6,0.8757779002189636,0,0
drill_4mm_18,7,0.6888949275016785,0,0
drill_4mm_18,8,1.0051507949829102,0,0
drill_4mm_18,9,1.6432429552078247,0,0
drill_4mm_18,10,2.3534727096557617,0,0
drill_4mm_18,11,2.3508756160736084,0,0
drill_4mm_18,12,1.9654161930084229,0,0
drill_4mm_18,13,3.0689167976379395,0,0
drill_4mm_18,14,2.6502208709716797,0,0
drill_4mm_18,15,2.691782236099243,1,0
drill_4mm_18,16,3.553135871887207,1,0
drill_4mm_18,17,3.3513362407684326,1,0
drill_4mm_18,18,3.8829033374786377,1,0
drill_4mm_18,19,4.664722442626953,1,0
drill_4mm_18,20,4.525838851928711,1,0
drill_4mm_18,21,4.67106819152832,1,0
drill_4mm_18,22,3.568898916244507,1,0
drill_4mm_18,23,4.353259086608887,1,0
drill_4mm_18,24,4.880583763122559,1,0
drill_4mm_18,25,6.380673885345459,1,0
drill_4mm_18,26,4.879734516143799,1,0
drill_4mm_18,27,4.4764533042907715,1,0
drill_4mm_18,28,4.714701175689697,1,0
drill_4mm_18,29,5.261885643005371,1,0
drill_4mm_18,30,6.577439785003662,1,0
drill_4mm_18,31,4.953390598297119,1,0
drill_4mm_18,32,4.550995826721191,1,0
drill_4mm_18,33,4.340269565582275,1,0
drill_4mm_18,34,1.9305485486984253,1,0
drill_4mm_18,35,2.888503074645996,1,0
drill_4mm_18,36,3.381880521774292,1,0
drill_4mm_18,37,9.770101547241211,1,0
drill_4mm_18,38,9.708806991577148,1,0
drill_4mm_18,39,9.148077964782715,1,0
drill_4mm_18,40,10.218476295471191,1,0
drill_4mm_18,41,8.304357528686523,1,0
drill_4mm_18,42,11.580650329589844,1,0
drill_4mm_18,43,12.35228157043457,1,0
drill_4mm_18,44,15.962946891784668,1,0
drill_4mm_18,45,8.454560279846191,1,0
drill_4mm_18,46,11.221345901489258,1,0
drill_4mm_18,47,15.907209396362305,1,0
drill_4mm_18,48,22.93084144592285,1,0
drill_4mm_18,49,18.23529815673828,1,0
drill_4mm_18,50,13.430992126464844,1,0
drill_4mm_18,51,30.20192527770996,1,0
drill_4mm_18,52,10.898280143737793,1,0
drill_4mm_18,53,11.912458419799805,1,0
drill_4mm_18,54,12.87101936340332,1,0
drill_4mm_18,55,21.354936599731445,1,0
drill_4mm_18,56,23.787151336669922,1,0
drill_4mm_18,57,21.361370086669922,1,0
drill_4mm_18,58,10.519855499267578,1,0
drill_4mm_18,59,22.315095901489258,1,0
drill_4mm_18,60,28.97555160522461,1,0
drill_4mm_18,61,23.063522338867188,1,0
drill_4mm_18,62,22.612537384033203,1,0
drill_4mm_18,63,25.034372329711914,1,0
drill_4mm_18,64,26.887683868408203,1,0
drill_4mm_18,65,23.35154151916504,1,0
drill_4mm_18,66,23.944414138793945,1,1
drill_4mm_18,67,24.937854766845703,1,1
drill_4mm_18,68,16.702438354492188,1,1
drill_4mm_18,69,13.108396530151367,1,1
drill_4mm_18,70,23.11383819580078,1,1
drill_4mm_18,71,27.85470199584961,1,1
drill_4mm_18,72,21.23891830444336,1,1
drill_4mm_18,73,25.15264892578125,1,1
drill_4mm_18,74,25.59090232849121,1,1
drill_4mm_18,75,2.068903684616089,1,1
drill_4mm_18,76,17.8806209564209,1,1
drill_4mm_18,77,25.839221954345703,1,1
drill_4mm_18,78,3.608011245727539,1,1
drill_4mm_18,79,18.253816604614258,1,1
drill_4mm_18,80,4.356490135192871,1,1
drill_4mm_18,81,19.07489776611328,1,1
drill_4mm_19,1,2.764476084848866e-05,0,0
drill_4mm_19,2,0.0008473768830299377,0,0
drill_4mm_19,3,0.002514065243303776,0,0
drill_4mm_19,4,0.0054055131040513515,0,0
drill_4mm_19,5,0.002260944340378046,0,0
drill_4mm_19,6,0.7759711146354675,0,0
drill_4mm_19,7,0.43970561027526855,0,0
drill_4mm_19,8,1.2330560684204102,0,0
drill_4mm_19,9,1.7717868089675903,0,0
drill_4mm_19,10,9.17940616607666,0,0
drill_4mm_19,11,4.5915069580078125,0,0
drill_4mm_19,12,3.2798802852630615,0,0
drill_4mm_19,13,4.8046555519104,0,0
drill_4mm_19,14,11.273539543151855,0,0
drill_4mm_19,15,5.3233561515808105,1,0
drill_4mm_19,16,17.021963119506836,1,0
drill_4mm_19,17,16.041929244995117,1,0
drill_4mm_19,18,18.68563461303711,1,0
drill_4mm_19,19,21.09595489501953,1,0
drill_4mm_19,20,25.35809326171875,1,0
drill_4mm_19,21,19.341440200805664,1,0
drill_4mm_19,22,20.451269149780273,1,0
drill_4mm_19,23,15.892560958862305,1,0
drill_4mm_19,24,19.725399017333984,1,0
drill_4mm_19,25,20.748451232910156,1,0
drill_4mm_19,26,17.836103439331055,1,0
drill_4mm_19,27,25.083724975585938,1,0
drill_4mm_19,28,20.108463287353516,1,0
drill_4mm_19,29,21.935104370117188,1,0
drill_4mm_19,30,18.360103607177734,1,0
drill_4mm_19,31,21.561452865600586,1,0
drill_4mm_19,32,17.804616928100586,1,0
drill_4mm_19,33,19.41332244873047,1,0
drill_4mm_19,34,21.718509674072266,1,0
drill_4mm_19,35,23.43741798400879,1,0
drill_4mm_19,36,17.904861450195312,1,0
drill_4mm_19,37,20.533151626586914,1,0
drill_4mm_19,38,12.665849685668945,1,0
drill_4mm_19,39,14.385336875915527,1,0
drill_4mm_19,40,18.883588790893555,1,0
drill_4mm_19,41,20.873233795166016,1,0
drill_4mm_19,42,25.443653106689453,1,0
drill_4mm_19,43,15.550434112548828,1,0
drill_4mm_19,44,22.083189010620117,1,1
drill_4mm_19,45,18.922788619995117,1,1
drill_4mm_19,46,13.835055351257324,1,1
drill_4mm_19,47,21.092485427856445,1,1
drill_4mm_19,48,16.72554588317871,1,1
drill_4mm_19,49,21.806772232055664,1,1
drill_4mm_19,50,15.641341209411621,1,1
drill_4mm_19,51,17.213481903076172,1,1
drill_4mm_19,52,16.002809524536133,1,1
drill_4mm_19,53,21.51590919494629,1,1
drill_4mm_20,1,0.0002611758536659181,0,0
drill_4mm_20,2,0.008595694787800312,0,0
drill_4mm_20,3,0.005854860879480839,0,0
drill_4mm_20,4,0.0002377713390160352,0,0
drill_4mm_20,5,7.11608663550578e-05,0,0
drill_4mm_20,6,4.707798004150391,0,0
drill_4mm_20,7,3.138720989227295,0,0
drill_4mm_20,8,3.0046169757843018,0,0
drill_4mm_20,9,2.6029720306396484,0,0
drill_4mm_20,10,4.898112773895264,0,0
drill_4mm_20,11,3.7594048976898193,0,0
drill_4mm_20,12,4.086560249328613,0,0
drill_4mm_20,13,14.401530265808105,0,0
drill_4mm_20,14,2.8175175189971924,0,0
drill_4mm_20,15,4.880046844482422,1,0
drill_4mm_20,16,5.5616631507873535,1,0
drill_4mm_20,17,5.681255340576172,1,0
drill_4mm_20,18,3.9271762371063232,1,0
drill_4mm_20,19,2.7456681728363037,1,0
drill_4mm_20,20,3.6785852909088135,1,0
drill_4mm_20,21,2.9174680709838867,1,0
drill_4mm_20,22,2.9993531703948975,1,0
drill_4mm_20,23,5.572817325592041,1,0
drill_4mm_20,24,6.937775611877441,1,0
drill_4mm_20,25,3.843376874923706,1,0
drill_4mm_20,26,4.467574596405029,1,0
drill_4mm_20,27,1.9799550771713257,1,0
drill_4mm_20,28,3.31843900680542,1,0
drill_4mm_20,29,6.314210414886475,1,1
drill_4mm_20,30,3.586923837661743,1,1
drill_4mm_20,31,8.121983528137207,1,1
drill_4mm_20,32,4.157989978790283,1,1
drill_4mm_20,33,21.16358757019043,1,1
drill_4mm_20,34,3.322725534439087,1,1
drill_4mm_20,35,12.591639518737793,1,1
drill_4mm_21,1,0.00022866373183205724,0,0
drill_4mm_21,2,0.00025888177333399653,0,0
drill_4mm_21,3,0.002699328353628516,0,0
drill_4mm_21,4,0.031207969412207603,0,0
drill_4mm_21,5,0.009464896284043789,0,0
drill_4mm_21,6,0.7272776365280151,0,0
drill_4mm_21,7,3.4686014652252197,0,0
drill_4mm_21,8,4.376275062561035,0,0
drill_4mm_21,9,5.034026145935059,0,0
drill_4mm_21,10,4.705140113830566,0,0
drill_4mm_21,11,5.003620147705078,0,0
drill_4mm_21,12,3.6169593334198,0,0
drill_4mm_21,13,26.18772315979004,0,0
drill_4mm_21,14,5.302862644195557,0,0
drill_4mm_21,15,2.4107964038848877,1,0
drill_4mm_21,16,2.3587253093719482,1,0
drill_4mm_21,17,5.6958489418029785,1,0
drill_4mm_21,18,3.5403053760528564,1,0
drill_4mm_21,19,3.1904637813568115,1,0
drill_4mm_21,20,2.809296131134033,1,0
drill_4mm_21,21,2.8727304935455322,1,0
drill_4mm_21,22,13.983695983886719,1,0
drill_4mm_21,23,4.854812145233154,1,0
drill_4mm_21,24,24.996265411376953,1,1
drill_4mm_21,25,4.432333946228027,1,1
drill_4mm_21,26,27.77402114868164,1,1
drill_4mm_21,27,4.711375713348389,1,1
drill_4mm_21,28,16.567764282226562,1,1
drill_4mm_22,1,4.46248577645747e-06,0,0
drill_4mm_22,2,6.00866369495634e-05,0,0
drill_4mm_22,3,0.008171928115189075,0,0
drill_4mm_22,4,0.011019878089427948,0,0
drill_4mm_22,5,9.163436334347352e-05,0,0
drill_4mm_22,6,0.7730204463005066,0,0
drill_4mm_22,7,1.7273175716400146,0,0
drill_4mm_22,8,2.1265621185302734,0,0
drill_4mm_22,9,2.758510112762451,0,0
drill_4mm_22,10,3.1209752559661865,0,0
drill_4mm_22,11,2.4053683280944824,0,0
drill_4mm_22,12,3.2795653343200684,0,0
drill_4mm_22,13,1.582155466079712,0,0
drill_4mm_22,14,2.50636887550354,0,0
drill_4mm_22,15,2.453913450241089,1,0
drill_4mm_22,16,5.289785861968994,1,0
drill_4mm_22,17,9.022624969482422,1,0
drill_4mm_22,18,8.540648460388184,1,0
drill_4mm_22,19,9.446497917175293,1,0
drill_4mm_22,20,7.633450984954834,1,0
drill_4mm_22,21,12.75816535949707,1,1
drill_4mm_22,22,22.938982009887695,1,1
drill_4mm_22,23,21.84368896484375,1,1
drill_4mm_22,24,24.035747528076172,1,1
drill_4mm_23,1,1.4821326885794406e-06,0,0
drill_4mm_23,2,0.0009045115439221263,0,0
drill_4mm_23,3,0.009193160571157932,0,0
drill_4mm_23,4,0.013852561824023724,0,0
drill_4mm_23,5,7.207881571957842e-05,0,0
drill_4mm_23,6,3.819375514984131,0,0
drill_4mm_23,7,2.637758255004883,0,0
drill_4mm_23,8,2.8577237129211426,0,0
drill_4mm_23,9,4.1277079582214355,0,0
drill_4mm_23,10,4.647045612335205,0,0
drill_4mm_23,11,6.952831268310547,0,0
drill_4mm_23,12,7.433570384979248,0,0
drill_4mm_23,13,7.142338275909424,0,0
drill_4mm_23,14,9.718290328979492,0,0
drill_4mm_23,15,9.417784690856934,1,0
drill_4mm_23,16,8.44660472869873,1,0
drill_4mm_23,17,7.594889163970947,1,0
drill_4mm_23,18,7.774954795837402,1,0
drill_4mm_23,19,6.611586093902588,1,0
drill_4mm_23,20,7.2408671379089355,1,0
drill_4mm_23,21,8.615615844726562,1,0
drill_4mm_23,22,8.307778358459473,1,0
drill_4mm_23,23,6.281775951385498,1,0
drill_4mm_23,24,5.528528213500977,1,0
drill_4mm_23,25,5.833906650543213,1,0
drill_4mm_23,26,24.608366012573242,1,0
drill_4mm_23,27,8.28843879699707,1,0
drill_4mm_23,28,15.923694610595703,1,0
drill_4mm_23,29,10.58930492401123,1,0
drill_4mm_23,30,9.365801811218262,1,0
drill_4mm_23,31,7.155994415283203,1,0
drill_4mm_23,32,11.241964340209961,1,0
drill_4mm_23,33,41.23955154418945,1,1
drill_4mm_23,34,11.024927139282227,1,1
drill_4mm_23,35,9.63242244720459,1,1
drill_4mm_23,36,16.062835693359375,1,1
drill_4mm_23,37,14.943284034729004,1,1
drill_4mm_23,38,19.422452926635742,1,1
drill_4mm_23,39,16.04637908935547,1,1
drill_4mm_23,40,7.219579219818115,1,1
