drill,hole,mse_comum,adaptive_threshold,prediction,label,drill_lead_time
drill_4mm_04_batch_00_collet_1_30-01-2025,1,0.0,1.6279115676879883,0.0,0,33
drill_4mm_04_batch_00_collet_1_30-01-2025,2,0.0,1.6279115676879883,0.0,0,33
drill_4mm_04_batch_00_collet_1_30-01-2025,3,0.0,1.6279115676879883,0.0,0,33
drill_4mm_04_batch_00_collet_1_30-01-2025,4,0.0,1.6279115676879883,0.0,0,33
drill_4mm_04_batch_00_collet_1_30-01-2025,5,0.0,1.6279115676879883,0.0,0,33
drill_4mm_04_batch_00_collet_1_30-01-2025,6,0.0,1.6279115676879883,0.0,0,33
drill_4mm_04_batch_00_collet_1_30-01-2025,7,0.0,1.6279115676879883,0.0,0,33
drill_4mm_04_batch_00_collet_1_30-01-2025,8,0.0,1.6279115676879883,0.0,0,33
drill_4mm_04_batch_00_collet_1_30-01-2025,9,0.0,1.6279115676879883,0.0,0,33
drill_4mm_04_batch_00_collet_1_30-01-2025,10,1.6279115676879883,1.6279115676879883,0.0,0,33
drill_4mm_04_batch_00_collet_1_30-01-2025,11,2.26188588142395,1.6279115676879883,0.0,0,33
drill_4mm_04_batch_00_collet_1_30-01-2025,12,3.196485757827759,1.6279115676879883,0.0,0,33
drill_4mm_04_batch_00_collet_1_30-01-2025,13,4.7279052734375,1.6279115676879883,0.0,0,33
drill_4mm_04_batch_00_collet_1_30-01-2025,14,5.615647315979004,1.6279115676879883,0.0,0,33
drill_4mm_04_batch_00_collet_1_30-01-2025,15,6.182216167449951,1.6279115676879883,0.0,0,33
drill_4mm_04_batch_00_collet_1_30-01-2025,16,7.292515277862549,1.6279115676879883,0.0,0,33
drill_4mm_04_batch_00_collet_1_30-01-2025,17,8.516130447387695,1.6279115676879883,0.0,0,33
drill_4mm_04_batch_00_collet_1_30-01-2025,18,9.431015968322754,1.6279115676879883,1.0,0,33
drill_4mm_04_batch_00_collet_1_30-01-2025,19,10.72810173034668,1.6279115676879883,1.0,0,33
drill_4mm_04_batch_00_collet_1_30-01-2025,20,11.371703147888184,1.6279115676879883,1.0,0,33
drill_4mm_04_batch_00_collet_1_30-01-2025,21,12.147921562194824,1.6279115676879883,1.0,0,33
drill_4mm_04_batch_00_collet_1_30-01-2025,22,13.094724655151367,1.6279115676879883,1.0,0,33
drill_4mm_04_batch_00_collet_1_30-01-2025,23,13.234213829040527,1.6279115676879883,1.0,0,33
drill_4mm_04_batch_00_collet_1_30-01-2025,24,13.174525260925293,1.6279115676879883,1.0,0,33
drill_4mm_04_batch_00_collet_1_30-01-2025,25,13.447904586791992,1.6279115676879883,1.0,0,33
drill_4mm_04_batch_00_collet_1_30-01-2025,26,13.647446632385254,1.6279115676879883,1.0,0,33
drill_4mm_04_batch_00_collet_1_30-01-2025,27,13.370065689086914,1.6279115676879883,1.0,0,33
drill_4mm_04_batch_00_collet_1_30-01-2025,28,13.026250839233398,1.6279115676879883,1.0,0,33
drill_4mm_04_batch_00_collet_1_30-01-2025,29,12.457836151123047,1.6279115676879883,1.0,0,33
drill_4mm_04_batch_00_collet_1_30-01-2025,30,11.928471565246582,1.6279115676879883,1.0,0,33
drill_4mm_04_batch_00_collet_1_30-01-2025,31,10.559065818786621,1.6279115676879883,1.0,0,33
drill_4mm_04_batch_00_collet_1_30-01-2025,32,9.925857543945312,1.6279115676879883,1.0,0,33
drill_4mm_04_batch_00_collet_1_30-01-2025,33,9.074249267578125,1.6279115676879883,1.0,0,33
drill_4mm_04_batch_00_collet_1_30-01-2025,34,8.198649406433105,1.6279115676879883,1.0,0,33
drill_4mm_04_batch_00_collet_1_30-01-2025,35,7.467927932739258,1.6279115676879883,1.0,0,33
drill_4mm_04_batch_00_collet_1_30-01-2025,36,6.2403459548950195,1.6279115676879883,1.0,0,33
drill_4mm_04_batch_00_collet_1_30-01-2025,37,5.618992805480957,1.6279115676879883,1.0,0,33
drill_4mm_04_batch_00_collet_1_30-01-2025,38,4.741755485534668,1.6279115676879883,1.0,0,33
drill_4mm_04_batch_00_collet_1_30-01-2025,39,5.193686485290527,1.6279115676879883,1.0,0,33
drill_4mm_04_batch_00_collet_1_30-01-2025,40,4.486781120300293,1.6279115676879883,1.0,0,33
drill_4mm_04_batch_00_collet_1_30-01-2025,41,5.006252288818359,1.6279115676879883,1.0,0,33
drill_4mm_04_batch_00_collet_1_30-01-2025,42,7.386904239654541,1.6279115676879883,1.0,1,33
drill_4mm_04_batch_00_collet_1_30-01-2025,43,10.307082176208496,1.6279115676879883,1.0,1,33
drill_4mm_04_batch_00_collet_1_30-01-2025,44,18.20157241821289,1.6279115676879883,1.0,1,33
drill_4mm_04_batch_00_collet_1_30-01-2025,45,29.501258850097656,1.6279115676879883,1.0,1,33
drill_4mm_04_batch_00_collet_1_30-01-2025,46,27.505268096923828,1.6279115676879883,1.0,1,33
drill_4mm_04_batch_00_collet_1_30-01-2025,47,46.47356414794922,1.6279115676879883,1.0,1,33
drill_4mm_04_batch_00_collet_1_30-01-2025,48,23.590166091918945,1.6279115676879883,1.0,1,33
drill_4mm_04_batch_00_collet_1_30-01-2025,49,15.832923889160156,1.6279115676879883,1.0,1,33
drill_4mm_04_batch_00_collet_1_30-01-2025,50,19.685523986816406,1.6279115676879883,1.0,1,33
drill_4mm_04_batch_00_collet_1_30-01-2025,51,22.127397537231445,1.6279115676879883,1.0,1,33
drill_4mm_05_batch_00_collet_1_30-01-2025,1,0.0,0.9112584590911865,0.0,0,88
drill_4mm_05_batch_00_collet_1_30-01-2025,2,0.0,0.9112584590911865,0.0,0,88
drill_4mm_05_batch_00_collet_1_30-01-2025,3,0.0,0.9112584590911865,0.0,0,88
drill_4mm_05_batch_00_collet_1_30-01-2025,4,0.0,0.9112584590911865,0.0,0,88
drill_4mm_05_batch_00_collet_1_30-01-2025,5,0.0,0.9112584590911865,0.0,0,88
drill_4mm_05_batch_00_collet_1_30-01-2025,6,0.0,0.9112584590911865,0.0,0,88
drill_4mm_05_batch_00_collet_1_30-01-2025,7,0.0,0.9112584590911865,0.0,0,88
drill_4mm_05_batch_00_collet_1_30-01-2025,8,0.0,0.9112584590911865,0.0,0,88
drill_4mm_05_batch_00_collet_1_30-01-2025,9,0.0,0.9112584590911865,0.0,0,88
drill_4mm_05_batch_00_collet_1_30-01-2025,10,0.9112584590911865,0.9112584590911865,0.0,0,88
drill_4mm_05_batch_00_collet_1_30-01-2025,11,0.9591593146324158,0.9112584590911865,0.0,0,88
drill_4mm_05_batch_00_collet_1_30-01-2025,12,1.5122567415237427,0.9112584590911865,0.0,0,88
drill_4mm_05_batch_00_collet_1_30-01-2025,13,2.4876320362091064,0.9112584590911865,0.0,0,88
drill_4mm_05_batch_00_collet_1_30-01-2025,14,4.226715087890625,0.9112584590911865,0.0,0,88
drill_4mm_05_batch_00_collet_1_30-01-2025,15,8.605085372924805,0.9112584590911865,0.0,0,88
drill_4mm_05_batch_00_collet_1_30-01-2025,16,8.893293380737305,0.9112584590911865,0.0,0,88
drill_4mm_05_batch_00_collet_1_30-01-2025,17,12.719350814819336,0.9112584590911865,0.0,0,88
drill_4mm_05_batch_00_collet_1_30-01-2025,18,10.352744102478027,0.9112584590911865,1.0,0,88
drill_4mm_05_batch_00_collet_1_30-01-2025,19,9.905035018920898,0.9112584590911865,1.0,0,88
drill_4mm_05_batch_00_collet_1_30-01-2025,20,11.042691230773926,0.9112584590911865,1.0,0,88
drill_4mm_05_batch_00_collet_1_30-01-2025,21,9.348026275634766,0.9112584590911865,1.0,0,88
drill_4mm_05_batch_00_collet_1_30-01-2025,22,11.62911319732666,0.9112584590911865,1.0,0,88
drill_4mm_05_batch_00_collet_1_30-01-2025,23,14.695684432983398,0.9112584590911865,1.0,0,88
drill_4mm_05_batch_00_collet_1_30-01-2025,24,12.743852615356445,0.9112584590911865,1.0,0,88
drill_4mm_05_batch_00_collet_1_30-01-2025,25,14.816768646240234,0.9112584590911865,1.0,0,88
drill_4mm_05_batch_00_collet_1_30-01-2025,26,22.539880752563477,0.9112584590911865,1.0,0,88
drill_4mm_05_batch_00_collet_1_30-01-2025,27,24.119565963745117,0.9112584590911865,1.0,0,88
drill_4mm_05_batch_00_collet_1_30-01-2025,28,36.64889907836914,0.9112584590911865,1.0,0,88
drill_4mm_05_batch_00_collet_1_30-01-2025,29,59.04065704345703,0.9112584590911865,1.0,0,88
drill_4mm_05_batch_00_collet_1_30-01-2025,30,93.61914825439453,0.9112584590911865,1.0,0,88
drill_4mm_05_batch_00_collet_1_30-01-2025,31,118.58377075195312,0.9112584590911865,1.0,0,88
drill_4mm_05_batch_00_collet_1_30-01-2025,32,151.79275512695312,0.9112584590911865,1.0,0,88
drill_4mm_05_batch_00_collet_1_30-01-2025,33,178.0760955810547,0.9112584590911865,1.0,0,88
drill_4mm_05_batch_00_collet_1_30-01-2025,34,95.30171203613281,0.9112584590911865,1.0,0,88
drill_4mm_05_batch_00_collet_1_30-01-2025,35,44.263973236083984,0.9112584590911865,1.0,0,88
drill_4mm_05_batch_00_collet_1_30-01-2025,36,27.983840942382812,0.9112584590911865,1.0,0,88
drill_4mm_05_batch_00_collet_1_30-01-2025,37,13.418946266174316,0.9112584590911865,1.0,0,88
drill_4mm_05_batch_00_collet_1_30-01-2025,38,11.014479637145996,0.9112584590911865,1.0,0,88
drill_4mm_05_batch_00_collet_1_30-01-2025,39,5.7555084228515625,0.9112584590911865,1.0,0,88
drill_4mm_05_batch_00_collet_1_30-01-2025,40,6.3100409507751465,0.9112584590911865,1.0,0,88
drill_4mm_05_batch_00_collet_1_30-01-2025,41,6.631132125854492,0.9112584590911865,1.0,0,88
drill_4mm_05_batch_00_collet_1_30-01-2025,42,7.261026859283447,0.9112584590911865,1.0,0,88
drill_4mm_05_batch_00_collet_1_30-01-2025,43,6.953778266906738,0.9112584590911865,1.0,0,88
drill_4mm_05_batch_00_collet_1_30-01-2025,44,8.548848152160645,0.9112584590911865,1.0,0,88
drill_4mm_05_batch_00_collet_1_30-01-2025,45,9.011940002441406,0.9112584590911865,1.0,0,88
drill_4mm_05_batch_00_collet_1_30-01-2025,46,9.901155471801758,0.9112584590911865,1.0,0,88
drill_4mm_05_batch_00_collet_1_30-01-2025,47,10.990915298461914,0.9112584590911865,1.0,0,88
drill_4mm_05_batch_00_collet_1_30-01-2025,48,10.568761825561523,0.9112584590911865,1.0,0,88
drill_4mm_05_batch_00_collet_1_30-01-2025,49,11.066659927368164,0.9112584590911865,1.0,0,88
drill_4mm_05_batch_00_collet_1_30-01-2025,50,12.588489532470703,0.9112584590911865,1.0,0,88
drill_4mm_05_batch_00_collet_1_30-01-2025,51,13.933074951171875,0.9112584590911865,1.0,0,88
drill_4mm_05_batch_00_collet_1_30-01-2025,52,16.657575607299805,0.9112584590911865,1.0,0,88
drill_4mm_05_batch_00_collet_1_30-01-2025,53,11.968416213989258,0.9112584590911865,1.0,0,88
drill_4mm_05_batch_00_collet_1_30-01-2025,54,14.208374977111816,0.9112584590911865,1.0,0,88
drill_4mm_05_batch_00_collet_1_30-01-2025,55,14.786309242248535,0.9112584590911865,1.0,0,88
drill_4mm_05_batch_00_collet_1_30-01-2025,56,33.13691711425781,0.9112584590911865,1.0,0,88
drill_4mm_05_batch_00_collet_1_30-01-2025,57,16.530620574951172,0.9112584590911865,1.0,0,88
drill_4mm_05_batch_00_collet_1_30-01-2025,58,15.803948402404785,0.9112584590911865,1.0,0,88
drill_4mm_05_batch_00_collet_1_30-01-2025,59,18.352684020996094,0.9112584590911865,1.0,0,88
drill_4mm_05_batch_00_collet_1_30-01-2025,60,19.028310775756836,0.9112584590911865,1.0,0,88
drill_4mm_05_batch_00_collet_1_30-01-2025,61,29.904823303222656,0.9112584590911865,1.0,0,88
drill_4mm_05_batch_00_collet_1_30-01-2025,62,16.17217445373535,0.9112584590911865,1.0,0,88
drill_4mm_05_batch_00_collet_1_30-01-2025,63,16.673070907592773,0.9112584590911865,1.0,0,88
drill_4mm_05_batch_00_collet_1_30-01-2025,64,16.985408782958984,0.9112584590911865,1.0,0,88
drill_4mm_05_batch_00_collet_1_30-01-2025,65,17.047283172607422,0.9112584590911865,1.0,0,88
drill_4mm_05_batch_00_collet_1_30-01-2025,66,16.339920043945312,0.9112584590911865,1.0,0,88
drill_4mm_05_batch_00_collet_1_30-01-2025,67,17.122028350830078,0.9112584590911865,1.0,0,88
drill_4mm_05_batch_00_collet_1_30-01-2025,68,16.47872543334961,0.9112584590911865,1.0,0,88
drill_4mm_05_batch_00_collet_1_30-01-2025,69,19.47134017944336,0.9112584590911865,1.0,0,88
drill_4mm_05_batch_00_collet_1_30-01-2025,70,29.440654754638672,0.9112584590911865,1.0,0,88
drill_4mm_05_batch_00_collet_1_30-01-2025,71,45.41849899291992,0.9112584590911865,1.0,0,88
drill_4mm_05_batch_00_collet_1_30-01-2025,72,72.66757202148438,0.9112584590911865,1.0,0,88
drill_4mm_05_batch_00_collet_1_30-01-2025,73,73.10420989990234,0.9112584590911865,1.0,0,88
drill_4mm_05_batch_00_collet_1_30-01-2025,74,29.627784729003906,0.9112584590911865,1.0,0,88
drill_4mm_05_batch_00_collet_1_30-01-2025,75,73.55552673339844,0.9112584590911865,1.0,0,88
drill_4mm_05_batch_00_collet_1_30-01-2025,76,59.56404113769531,0.9112584590911865,1.0,0,88
drill_4mm_05_batch_00_collet_1_30-01-2025,77,56.415321350097656,0.9112584590911865,1.0,0,88
drill_4mm_05_batch_00_collet_1_30-01-2025,78,104.82685852050781,0.9112584590911865,1.0,0,88
drill_4mm_05_batch_00_collet_1_30-01-2025,79,115.40480041503906,0.9112584590911865,1.0,0,88
drill_4mm_05_batch_00_collet_1_30-01-2025,80,184.4417724609375,0.9112584590911865,1.0,0,88
drill_4mm_05_batch_00_collet_1_30-01-2025,81,101.0932846069336,0.9112584590911865,1.0,0,88
drill_4mm_05_batch_00_collet_1_30-01-2025,82,41.19047927856445,0.9112584590911865,1.0,0,88
drill_4mm_05_batch_00_collet_1_30-01-2025,83,36.39262771606445,0.9112584590911865,1.0,0,88
drill_4mm_05_batch_00_collet_1_30-01-2025,84,138.26394653320312,0.9112584590911865,1.0,0,88
drill_4mm_05_batch_00_collet_1_30-01-2025,85,154.07077026367188,0.9112584590911865,1.0,0,88
drill_4mm_05_batch_00_collet_1_30-01-2025,86,116.54019927978516,0.9112584590911865,1.0,1,88
drill_4mm_05_batch_00_collet_1_30-01-2025,87,267.09814453125,0.9112584590911865,1.0,1,88
drill_4mm_05_batch_00_collet_1_30-01-2025,88,64.91439819335938,0.9112584590911865,1.0,1,88
drill_4mm_05_batch_00_collet_1_30-01-2025,89,172.26654052734375,0.9112584590911865,1.0,1,88
drill_4mm_05_batch_00_collet_1_30-01-2025,90,54.38978958129883,0.9112584590911865,1.0,1,88
drill_4mm_05_batch_00_collet_1_30-01-2025,91,115.05052185058594,0.9112584590911865,1.0,1,88
drill_4mm_05_batch_00_collet_1_30-01-2025,92,49.00588607788086,0.9112584590911865,1.0,1,88
drill_4mm_05_batch_00_collet_1_30-01-2025,93,49.088523864746094,0.9112584590911865,1.0,1,88
drill_4mm_05_batch_00_collet_1_30-01-2025,94,104.6792984008789,0.9112584590911865,1.0,1,88
drill_4mm_05_batch_00_collet_1_30-01-2025,95,105.0385971069336,0.9112584590911865,1.0,1,88
drill_4mm_05_batch_00_collet_1_30-01-2025,96,48.43221664428711,0.9112584590911865,1.0,1,88
drill_4mm_05_batch_00_collet_1_30-01-2025,97,57.49624252319336,0.9112584590911865,1.0,1,88
drill_4mm_05_batch_00_collet_1_30-01-2025,98,67.62078094482422,0.9112584590911865,1.0,1,88
drill_4mm_05_batch_00_collet_1_30-01-2025,99,88.09064483642578,0.9112584590911865,1.0,1,88
drill_4mm_05_batch_00_collet_1_30-01-2025,100,61.63512420654297,0.9112584590911865,1.0,1,88
drill_4mm_05_batch_00_collet_1_30-01-2025,101,48.03970718383789,0.9112584590911865,1.0,1,88
drill_4mm_05_batch_00_collet_1_30-01-2025,102,60.81081771850586,0.9112584590911865,1.0,1,88
drill_4mm_05_batch_00_collet_1_30-01-2025,103,58.70979309082031,0.9112584590911865,1.0,1,88
drill_4mm_05_batch_00_collet_1_30-01-2025,104,55.677696228027344,0.9112584590911865,1.0,1,88
drill_4mm_05_batch_00_collet_1_30-01-2025,105,166.8897705078125,0.9112584590911865,1.0,1,88
drill_4mm_05_batch_00_collet_1_30-01-2025,106,121.45215606689453,0.9112584590911865,1.0,1,88
drill_4mm_06_batch_00_collet_1_30-01-2025,1,0.0,2.056720495223999,0.0,0,7
drill_4mm_06_batch_00_collet_1_30-01-2025,2,0.0,2.056720495223999,0.0,0,7
drill_4mm_06_batch_00_collet_1_30-01-2025,3,0.0,2.056720495223999,0.0,0,7
drill_4mm_06_batch_00_collet_1_30-01-2025,4,0.0,2.056720495223999,0.0,0,7
drill_4mm_06_batch_00_collet_1_30-01-2025,5,0.0,2.056720495223999,0.0,0,7
drill_4mm_06_batch_00_collet_1_30-01-2025,6,0.0,2.056720495223999,0.0,0,7
drill_4mm_06_batch_00_collet_1_30-01-2025,7,0.0,2.056720495223999,0.0,0,7
drill_4mm_06_batch_00_collet_1_30-01-2025,8,0.0,2.056720495223999,0.0,0,7
drill_4mm_06_batch_00_collet_1_30-01-2025,9,0.0,2.056720495223999,0.0,0,7
drill_4mm_06_batch_00_collet_1_30-01-2025,10,2.056720495223999,2.056720495223999,0.0,0,7
drill_4mm_06_batch_00_collet_1_30-01-2025,11,5.914617538452148,2.056720495223999,0.0,0,7
drill_4mm_06_batch_00_collet_1_30-01-2025,12,16.170082092285156,2.056720495223999,0.0,0,7
drill_4mm_06_batch_00_collet_1_30-01-2025,13,22.669002532958984,2.056720495223999,0.0,0,7
drill_4mm_06_batch_00_collet_1_30-01-2025,14,28.27859878540039,2.056720495223999,0.0,0,7
drill_4mm_06_batch_00_collet_1_30-01-2025,15,34.464698791503906,2.056720495223999,0.0,0,7
drill_4mm_06_batch_00_collet_1_30-01-2025,16,37.46674728393555,2.056720495223999,0.0,0,7
drill_4mm_06_batch_00_collet_1_30-01-2025,17,44.56264877319336,2.056720495223999,0.0,0,7
drill_4mm_06_batch_00_collet_1_30-01-2025,18,48.294334411621094,2.056720495223999,1.0,0,7
drill_4mm_06_batch_00_collet_1_30-01-2025,19,50.5445671081543,2.056720495223999,1.0,0,7
drill_4mm_06_batch_00_collet_1_30-01-2025,20,66.84668731689453,2.056720495223999,1.0,0,7
drill_4mm_06_batch_00_collet_1_30-01-2025,21,55.238670349121094,2.056720495223999,1.0,1,7
drill_4mm_06_batch_00_collet_1_30-01-2025,22,64.8231201171875,2.056720495223999,1.0,1,7
drill_4mm_06_batch_00_collet_1_30-01-2025,23,52.902931213378906,2.056720495223999,1.0,1,7
drill_4mm_06_batch_00_collet_1_30-01-2025,24,53.51358413696289,2.056720495223999,1.0,1,7
drill_4mm_06_batch_00_collet_1_30-01-2025,25,71.63969421386719,2.056720495223999,1.0,1,7
drill_4mm_07_batch_00_collet_1_31-01-2025,1,0.0,1.4805854558944702,0.0,0,14
drill_4mm_07_batch_00_collet_1_31-01-2025,2,0.0,1.4805854558944702,0.0,0,14
drill_4mm_07_batch_00_collet_1_31-01-2025,3,0.0,1.4805854558944702,0.0,0,14
drill_4mm_07_batch_00_collet_1_31-01-2025,4,0.0,1.4805854558944702,0.0,0,14
drill_4mm_07_batch_00_collet_1_31-01-2025,5,0.0,1.4805854558944702,0.0,0,14
drill_4mm_07_batch_00_collet_1_31-01-2025,6,0.0,1.4805854558944702,0.0,0,14
drill_4mm_07_batch_00_collet_1_31-01-2025,7,0.0,1.4805854558944702,0.0,0,14
drill_4mm_07_batch_00_collet_1_31-01-2025,8,0.0,1.4805854558944702,0.0,0,14
drill_4mm_07_batch_00_collet_1_31-01-2025,9,0.0,1.4805854558944702,0.0,0,14
drill_4mm_07_batch_00_collet_1_31-01-2025,10,1.4805854558944702,1.4805854558944702,0.0,0,14
drill_4mm_07_batch_00_collet_1_31-01-2025,11,1.8274646997451782,1.4805854558944702,0.0,0,14
drill_4mm_07_batch_00_collet_1_31-01-2025,12,3.2057433128356934,1.4805854558944702,0.0,0,14
drill_4mm_07_batch_00_collet_1_31-01-2025,13,12.741323471069336,1.4805854558944702,0.0,0,14
drill_4mm_07_batch_00_collet_1_31-01-2025,14,20.02701759338379,1.4805854558944702,0.0,0,14
drill_4mm_07_batch_00_collet_1_31-01-2025,15,40.76830291748047,1.4805854558944702,0.0,0,14
drill_4mm_07_batch_00_collet_1_31-01-2025,16,40.0056266784668,1.4805854558944702,0.0,0,14
drill_4mm_07_batch_00_collet_1_31-01-2025,17,32.83938217163086,1.4805854558944702,0.0,0,14
drill_4mm_07_batch_00_collet_1_31-01-2025,18,30.93302345275879,1.4805854558944702,1.0,0,14
drill_4mm_07_batch_00_collet_1_31-01-2025,19,29.68973731994629,1.4805854558944702,1.0,0,14
drill_4mm_07_batch_00_collet_1_31-01-2025,20,20.518856048583984,1.4805854558944702,1.0,0,14
drill_4mm_07_batch_00_collet_1_31-01-2025,21,19.974397659301758,1.4805854558944702,1.0,0,14
drill_4mm_07_batch_00_collet_1_31-01-2025,22,16.861135482788086,1.4805854558944702,1.0,0,14
drill_4mm_07_batch_00_collet_1_31-01-2025,23,11.260550498962402,1.4805854558944702,1.0,0,14
drill_4mm_07_batch_00_collet_1_31-01-2025,24,7.483839988708496,1.4805854558944702,1.0,0,14
drill_4mm_07_batch_00_collet_1_31-01-2025,25,7.627146244049072,1.4805854558944702,1.0,0,14
drill_4mm_07_batch_00_collet_1_31-01-2025,26,8.656832695007324,1.4805854558944702,1.0,0,14
drill_4mm_07_batch_00_collet_1_31-01-2025,27,9.320608139038086,1.4805854558944702,1.0,1,14
drill_4mm_07_batch_00_collet_1_31-01-2025,28,24.86786460876465,1.4805854558944702,1.0,1,14
drill_4mm_07_batch_00_collet_1_31-01-2025,29,50.766624450683594,1.4805854558944702,1.0,1,14
drill_4mm_07_batch_00_collet_1_31-01-2025,30,99.21411895751953,1.4805854558944702,1.0,1,14
drill_4mm_07_batch_00_collet_1_31-01-2025,31,137.28941345214844,1.4805854558944702,1.0,1,14
drill_4mm_07_batch_00_collet_1_31-01-2025,32,13.181212425231934,1.4805854558944702,1.0,1,14
drill_4mm_08_batch_00_collet_1_31-01-2025,1,0.0,2.708148956298828,0.0,0,3
drill_4mm_08_batch_00_collet_1_31-01-2025,2,0.0,2.708148956298828,0.0,0,3
drill_4mm_08_batch_00_collet_1_31-01-2025,3,0.0,2.708148956298828,0.0,0,3
drill_4mm_08_batch_00_collet_1_31-01-2025,4,0.0,2.708148956298828,0.0,0,3
drill_4mm_08_batch_00_collet_1_31-01-2025,5,0.0,2.708148956298828,0.0,0,3
drill_4mm_08_batch_00_collet_1_31-01-2025,6,0.0,2.708148956298828,0.0,0,3
drill_4mm_08_batch_00_collet_1_31-01-2025,7,0.0,2.708148956298828,0.0,0,3
drill_4mm_08_batch_00_collet_1_31-01-2025,8,0.0,2.708148956298828,0.0,0,3
drill_4mm_08_batch_00_collet_1_31-01-2025,9,0.0,2.708148956298828,0.0,0,3
drill_4mm_08_batch_00_collet_1_31-01-2025,10,2.708148956298828,2.708148956298828,0.0,0,3
drill_4mm_08_batch_00_collet_1_31-01-2025,11,3.6443257331848145,2.708148956298828,0.0,0,3
drill_4mm_08_batch_00_collet_1_31-01-2025,12,5.617337703704834,2.708148956298828,0.0,0,3
drill_4mm_08_batch_00_collet_1_31-01-2025,13,8.20417308807373,2.708148956298828,0.0,0,3
drill_4mm_08_batch_00_collet_1_31-01-2025,14,11.709869384765625,2.708148956298828,0.0,0,3
drill_4mm_08_batch_00_collet_1_31-01-2025,15,9.504355430603027,2.708148956298828,0.0,0,3
drill_4mm_08_batch_00_collet_1_31-01-2025,16,12.440381050109863,2.708148956298828,0.0,0,3
drill_4mm_08_batch_00_collet_1_31-01-2025,17,12.987876892089844,2.708148956298828,0.0,0,3
drill_4mm_08_batch_00_collet_1_31-01-2025,18,12.754032135009766,2.708148956298828,1.0,1,3
drill_4mm_08_batch_00_collet_1_31-01-2025,19,13.207769393920898,2.708148956298828,1.0,1,3
drill_4mm_08_batch_00_collet_1_31-01-2025,20,19.101707458496094,2.708148956298828,1.0,1,3
drill_4mm_08_batch_00_collet_1_31-01-2025,21,20.608707427978516,2.708148956298828,1.0,1,3
drill_4mm_09_batch_00_collet_1_31-01-2025,1,0.0,1.0930159091949463,0.0,0,33
drill_4mm_09_batch_00_collet_1_31-01-2025,2,0.0,1.0930159091949463,0.0,0,33
drill_4mm_09_batch_00_collet_1_31-01-2025,3,0.0,1.0930159091949463,0.0,0,33
drill_4mm_09_batch_00_collet_1_31-01-2025,4,0.0,1.0930159091949463,0.0,0,33
drill_4mm_09_batch_00_collet_1_31-01-2025,5,0.0,1.0930159091949463,0.0,0,33
drill_4mm_09_batch_00_collet_1_31-01-2025,6,0.0,1.0930159091949463,0.0,0,33
drill_4mm_09_batch_00_collet_1_31-01-2025,7,0.0,1.0930159091949463,0.0,0,33
drill_4mm_09_batch_00_collet_1_31-01-2025,8,0.0,1.0930159091949463,0.0,0,33
drill_4mm_09_batch_00_collet_1_31-01-2025,9,0.0,1.0930159091949463,0.0,0,33
drill_4mm_09_batch_00_collet_1_31-01-2025,10,1.0930159091949463,1.0930159091949463,0.0,0,33
drill_4mm_09_batch_00_collet_1_31-01-2025,11,2.3413829803466797,1.0930159091949463,0.0,0,33
drill_4mm_09_batch_00_collet_1_31-01-2025,12,4.415785789489746,1.0930159091949463,0.0,0,33
drill_4mm_09_batch_00_collet_1_31-01-2025,13,9.090534210205078,1.0930159091949463,0.0,0,33
drill_4mm_09_batch_00_collet_1_31-01-2025,14,9.913997650146484,1.0930159091949463,0.0,0,33
drill_4mm_09_batch_00_collet_1_31-01-2025,15,10.726818084716797,1.0930159091949463,0.0,0,33
drill_4mm_09_batch_00_collet_1_31-01-2025,16,11.050146102905273,1.0930159091949463,0.0,0,33
drill_4mm_09_batch_00_collet_1_31-01-2025,17,12.807656288146973,1.0930159091949463,0.0,0,33
drill_4mm_09_batch_00_collet_1_31-01-2025,18,13.444686889648438,1.0930159091949463,1.0,0,33
drill_4mm_09_batch_00_collet_1_31-01-2025,19,13.902233123779297,1.0930159091949463,1.0,0,33
drill_4mm_09_batch_00_collet_1_31-01-2025,20,14.5819730758667,1.0930159091949463,1.0,0,33
drill_4mm_09_batch_00_collet_1_31-01-2025,21,15.295875549316406,1.0930159091949463,1.0,0,33
drill_4mm_09_batch_00_collet_1_31-01-2025,22,15.453813552856445,1.0930159091949463,1.0,0,33
drill_4mm_09_batch_00_collet_1_31-01-2025,23,15.347914695739746,1.0930159091949463,1.0,0,33
drill_4mm_09_batch_00_collet_1_31-01-2025,24,15.720108032226562,1.0930159091949463,1.0,0,33
drill_4mm_09_batch_00_collet_1_31-01-2025,25,14.628194808959961,1.0930159091949463,1.0,0,33
drill_4mm_09_batch_00_collet_1_31-01-2025,26,15.708064079284668,1.0930159091949463,1.0,0,33
drill_4mm_09_batch_00_collet_1_31-01-2025,27,21.881359100341797,1.0930159091949463,1.0,0,33
drill_4mm_09_batch_00_collet_1_31-01-2025,28,20.657255172729492,1.0930159091949463,1.0,0,33
drill_4mm_09_batch_00_collet_1_31-01-2025,29,24.86124038696289,1.0930159091949463,1.0,0,33
drill_4mm_09_batch_00_collet_1_31-01-2025,30,19.651588439941406,1.0930159091949463,1.0,0,33
drill_4mm_09_batch_00_collet_1_31-01-2025,31,17.879858016967773,1.0930159091949463,1.0,0,33
drill_4mm_09_batch_00_collet_1_31-01-2025,32,22.131492614746094,1.0930159091949463,1.0,0,33
drill_4mm_09_batch_00_collet_1_31-01-2025,33,21.453784942626953,1.0930159091949463,1.0,0,33
drill_4mm_09_batch_00_collet_1_31-01-2025,34,21.834653854370117,1.0930159091949463,1.0,0,33
drill_4mm_09_batch_00_collet_1_31-01-2025,35,20.68541717529297,1.0930159091949463,1.0,0,33
drill_4mm_09_batch_00_collet_1_31-01-2025,36,18.743146896362305,1.0930159091949463,1.0,0,33
drill_4mm_09_batch_00_collet_1_31-01-2025,37,16.942581176757812,1.0930159091949463,1.0,0,33
drill_4mm_09_batch_00_collet_1_31-01-2025,38,16.151811599731445,1.0930159091949463,1.0,0,33
drill_4mm_09_batch_00_collet_1_31-01-2025,39,13.753852844238281,1.0930159091949463,1.0,0,33
drill_4mm_09_batch_00_collet_1_31-01-2025,40,12.253129959106445,1.0930159091949463,1.0,0,33
drill_4mm_09_batch_00_collet_1_31-01-2025,41,13.810315132141113,1.0930159091949463,1.0,0,33
drill_4mm_09_batch_00_collet_1_31-01-2025,42,17.75725555419922,1.0930159091949463,1.0,1,33
drill_4mm_09_batch_00_collet_1_31-01-2025,43,16.37453842163086,1.0930159091949463,1.0,1,33
drill_4mm_09_batch_00_collet_1_31-01-2025,44,17.988862991333008,1.0930159091949463,1.0,1,33
drill_4mm_09_batch_00_collet_1_31-01-2025,45,16.02655601501465,1.0930159091949463,1.0,1,33
drill_4mm_09_batch_00_collet_1_31-01-2025,46,17.56157684326172,1.0930159091949463,1.0,1,33
drill_4mm_09_batch_00_collet_1_31-01-2025,47,18.147600173950195,1.0930159091949463,1.0,1,33
drill_4mm_09_batch_00_collet_1_31-01-2025,48,20.64702606201172,1.0930159091949463,1.0,1,33
drill_4mm_09_batch_00_collet_1_31-01-2025,49,24.439838409423828,1.0930159091949463,1.0,1,33
drill_4mm_09_batch_00_collet_1_31-01-2025,50,50.60380554199219,1.0930159091949463,1.0,1,33
drill_4mm_09_batch_00_collet_1_31-01-2025,51,42.385555267333984,1.0930159091949463,1.0,1,33
drill_4mm_10_batch_00_collet_1_04-02-2025,1,0.0,1.0812861919403076,0.0,0,41
drill_4mm_10_batch_00_collet_1_04-02-2025,2,0.0,1.0812861919403076,0.0,0,41
drill_4mm_10_batch_00_collet_1_04-02-2025,3,0.0,1.0812861919403076,0.0,0,41
drill_4mm_10_batch_00_collet_1_04-02-2025,4,0.0,1.0812861919403076,0.0,0,41
drill_4mm_10_batch_00_collet_1_04-02-2025,5,0.0,1.0812861919403076,0.0,0,41
drill_4mm_10_batch_00_collet_1_04-02-2025,6,0.0,1.0812861919403076,0.0,0,41
drill_4mm_10_batch_00_collet_1_04-02-2025,7,0.0,1.0812861919403076,0.0,0,41
drill_4mm_10_batch_00_collet_1_04-02-2025,8,0.0,1.0812861919403076,0.0,0,41
drill_4mm_10_batch_00_collet_1_04-02-2025,9,0.0,1.0812861919403076,0.0,0,41
drill_4mm_10_batch_00_collet_1_04-02-2025,10,1.0812861919403076,1.0812861919403076,0.0,0,41
drill_4mm_10_batch_00_collet_1_04-02-2025,11,1.4223320484161377,1.0812861919403076,0.0,0,41
drill_4mm_10_batch_00_collet_1_04-02-2025,12,2.7340288162231445,1.0812861919403076,0.0,0,41
drill_4mm_10_batch_00_collet_1_04-02-2025,13,1.612722396850586,1.0812861919403076,0.0,0,41
drill_4mm_10_batch_00_collet_1_04-02-2025,14,3.1885650157928467,1.0812861919403076,0.0,0,41
drill_4mm_10_batch_00_collet_1_04-02-2025,15,2.0833497047424316,1.0812861919403076,0.0,0,41
drill_4mm_10_batch_00_collet_1_04-02-2025,16,2.3415751457214355,1.0812861919403076,0.0,0,41
drill_4mm_10_batch_00_collet_1_04-02-2025,17,2.6778156757354736,1.0812861919403076,0.0,0,41
drill_4mm_10_batch_00_collet_1_04-02-2025,18,3.0795724391937256,1.0812861919403076,1.0,0,41
drill_4mm_10_batch_00_collet_1_04-02-2025,19,6.583961009979248,1.0812861919403076,1.0,0,41
drill_4mm_10_batch_00_collet_1_04-02-2025,20,15.80575942993164,1.0812861919403076,1.0,0,41
drill_4mm_10_batch_00_collet_1_04-02-2025,21,33.88502883911133,1.0812861919403076,1.0,0,41
drill_4mm_10_batch_00_collet_1_04-02-2025,22,42.91556930541992,1.0812861919403076,1.0,0,41
drill_4mm_10_batch_00_collet_1_04-02-2025,23,59.9211540222168,1.0812861919403076,1.0,0,41
drill_4mm_10_batch_00_collet_1_04-02-2025,24,79.39543151855469,1.0812861919403076,1.0,0,41
drill_4mm_10_batch_00_collet_1_04-02-2025,25,92.31181335449219,1.0812861919403076,1.0,0,41
drill_4mm_10_batch_00_collet_1_04-02-2025,26,69.65121459960938,1.0812861919403076,1.0,0,41
drill_4mm_10_batch_00_collet_1_04-02-2025,27,117.92725372314453,1.0812861919403076,1.0,0,41
drill_4mm_10_batch_00_collet_1_04-02-2025,28,119.11561584472656,1.0812861919403076,1.0,0,41
drill_4mm_10_batch_00_collet_1_04-02-2025,29,123.94037628173828,1.0812861919403076,1.0,0,41
drill_4mm_10_batch_00_collet_1_04-02-2025,30,91.2948226928711,1.0812861919403076,1.0,0,41
drill_4mm_10_batch_00_collet_1_04-02-2025,31,86.29261779785156,1.0812861919403076,1.0,0,41
drill_4mm_10_batch_00_collet_1_04-02-2025,32,35.85377502441406,1.0812861919403076,1.0,0,41
drill_4mm_10_batch_00_collet_1_04-02-2025,33,38.37375259399414,1.0812861919403076,1.0,0,41
drill_4mm_10_batch_00_collet_1_04-02-2025,34,26.142284393310547,1.0812861919403076,1.0,0,41
drill_4mm_10_batch_00_collet_1_04-02-2025,35,26.16063117980957,1.0812861919403076,1.0,0,41
drill_4mm_10_batch_00_collet_1_04-02-2025,36,16.526844024658203,1.0812861919403076,1.0,0,41
drill_4mm_10_batch_00_collet_1_04-02-2025,37,13.996950149536133,1.0812861919403076,1.0,0,41
drill_4mm_10_batch_00_collet_1_04-02-2025,38,16.603103637695312,1.0812861919403076,1.0,0,41
drill_4mm_10_batch_00_collet_1_04-02-2025,39,5.207094192504883,1.0812861919403076,1.0,0,41
drill_4mm_10_batch_00_collet_1_04-02-2025,40,4.199450492858887,1.0812861919403076,1.0,0,41
drill_4mm_10_batch_00_collet_1_04-02-2025,41,4.820296287536621,1.0812861919403076,1.0,0,41
drill_4mm_10_batch_00_collet_1_04-02-2025,42,4.992332935333252,1.0812861919403076,1.0,0,41
drill_4mm_10_batch_00_collet_1_04-02-2025,43,5.134629726409912,1.0812861919403076,1.0,0,41
drill_4mm_10_batch_00_collet_1_04-02-2025,44,5.179800987243652,1.0812861919403076,1.0,0,41
drill_4mm_10_batch_00_collet_1_04-02-2025,45,4.925217628479004,1.0812861919403076,1.0,0,41
drill_4mm_10_batch_00_collet_1_04-02-2025,46,4.959870338439941,1.0812861919403076,1.0,0,41
drill_4mm_10_batch_00_collet_1_04-02-2025,47,6.668046474456787,1.0812861919403076,1.0,0,41
drill_4mm_10_batch_00_collet_1_04-02-2025,48,7.698287487030029,1.0812861919403076,1.0,0,41
drill_4mm_10_batch_00_collet_1_04-02-2025,49,9.85071849822998,1.0812861919403076,1.0,1,41
drill_4mm_10_batch_00_collet_1_04-02-2025,50,15.906547546386719,1.0812861919403076,1.0,1,41
drill_4mm_10_batch_00_collet_1_04-02-2025,51,6.4324822425842285,1.0812861919403076,1.0,1,41
drill_4mm_10_batch_00_collet_1_04-02-2025,52,5.502635478973389,1.0812861919403076,1.0,1,41
drill_4mm_10_batch_00_collet_1_04-02-2025,53,6.2103424072265625,1.0812861919403076,1.0,1,41
drill_4mm_10_batch_00_collet_1_04-02-2025,54,8.075294494628906,1.0812861919403076,1.0,1,41
drill_4mm_10_batch_00_collet_1_04-02-2025,55,7.116115570068359,1.0812861919403076,1.0,1,41
drill_4mm_10_batch_00_collet_1_04-02-2025,56,13.836771965026855,1.0812861919403076,1.0,1,41
drill_4mm_10_batch_00_collet_1_04-02-2025,57,22.921791076660156,1.0812861919403076,1.0,1,41
drill_4mm_10_batch_00_collet_1_04-02-2025,58,20.562829971313477,1.0812861919403076,1.0,1,41
drill_4mm_10_batch_00_collet_1_04-02-2025,59,18.706588745117188,1.0812861919403076,1.0,1,41
drill_4mm_11_batch_00_collet_1_05-02-2025,1,0.0,0.7154334783554077,0.0,0,0
drill_4mm_11_batch_00_collet_1_05-02-2025,2,0.0,0.7154334783554077,0.0,0,0
drill_4mm_11_batch_00_collet_1_05-02-2025,3,0.0,0.7154334783554077,0.0,0,0
drill_4mm_11_batch_00_collet_1_05-02-2025,4,0.0,0.7154334783554077,0.0,0,0
drill_4mm_11_batch_00_collet_1_05-02-2025,5,0.0,0.7154334783554077,0.0,0,0
drill_4mm_11_batch_00_collet_1_05-02-2025,6,0.0,0.7154334783554077,0.0,0,0
drill_4mm_11_batch_00_collet_1_05-02-2025,7,0.0,0.7154334783554077,0.0,0,0
drill_4mm_11_batch_00_collet_1_05-02-2025,8,0.0,0.7154334783554077,0.0,0,0
drill_4mm_11_batch_00_collet_1_05-02-2025,9,0.0,0.7154334783554077,0.0,0,0
drill_4mm_11_batch_00_collet_1_05-02-2025,10,0.7154334783554077,0.7154334783554077,0.0,0,0
drill_4mm_11_batch_00_collet_1_05-02-2025,11,0.7119940519332886,0.7154334783554077,0.0,0,0
drill_4mm_11_batch_00_collet_1_05-02-2025,12,1.0658082962036133,0.7154334783554077,0.0,0,0
drill_4mm_11_batch_00_collet_1_05-02-2025,13,1.6382293701171875,0.7154334783554077,0.0,0,0
drill_4mm_11_batch_00_collet_1_05-02-2025,14,2.529813051223755,0.7154334783554077,0.0,0,0
drill_4mm_11_batch_00_collet_1_05-02-2025,15,3.342862367630005,0.7154334783554077,0.0,0,0
drill_4mm_11_batch_00_collet_1_05-02-2025,16,5.324930191040039,0.7154334783554077,0.0,0,0
drill_4mm_11_batch_00_collet_1_05-02-2025,17,4.729251384735107,0.7154334783554077,0.0,1,0
drill_4mm_11_batch_00_collet_1_05-02-2025,18,6.051794052124023,0.7154334783554077,0.0,1,0
drill_4mm_11_batch_00_collet_1_05-02-2025,19,7.167938709259033,0.7154334783554077,1.0,1,0
drill_4mm_12_batch_01_collet_1_05-02-2025,1,0.0,1.9371654987335205,0.0,0,0
drill_4mm_12_batch_01_collet_1_05-02-2025,2,0.0,1.9371654987335205,0.0,0,0
drill_4mm_12_batch_01_collet_1_05-02-2025,3,0.0,1.9371654987335205,0.0,0,0
drill_4mm_12_batch_01_collet_1_05-02-2025,4,0.0,1.9371654987335205,0.0,0,0
drill_4mm_12_batch_01_collet_1_05-02-2025,5,0.0,1.9371654987335205,0.0,0,0
drill_4mm_12_batch_01_collet_1_05-02-2025,6,0.0,1.9371654987335205,0.0,0,0
drill_4mm_12_batch_01_collet_1_05-02-2025,7,0.0,1.9371654987335205,0.0,0,0
drill_4mm_12_batch_01_collet_1_05-02-2025,8,0.0,1.9371654987335205,0.0,0,0
drill_4mm_12_batch_01_collet_1_05-02-2025,9,0.0,1.9371654987335205,0.0,0,0
drill_4mm_12_batch_01_collet_1_05-02-2025,10,1.9371654987335205,1.9371654987335205,0.0,0,0
drill_4mm_12_batch_01_collet_1_05-02-2025,11,3.1576497554779053,1.9371654987335205,0.0,0,0
drill_4mm_12_batch_01_collet_1_05-02-2025,12,6.846395015716553,1.9371654987335205,0.0,0,0
drill_4mm_12_batch_01_collet_1_05-02-2025,13,10.902106285095215,1.9371654987335205,0.0,0,0
drill_4mm_12_batch_01_collet_1_05-02-2025,14,21.65184211730957,1.9371654987335205,0.0,0,0
drill_4mm_12_batch_01_collet_1_05-02-2025,15,39.087791442871094,1.9371654987335205,0.0,1,0
drill_4mm_12_batch_01_collet_1_05-02-2025,16,120.51957702636719,1.9371654987335205,0.0,1,0
drill_4mm_12_batch_01_collet_1_05-02-2025,17,201.62091064453125,1.9371654987335205,0.0,1,0
drill_4mm_13_batch_01_collet_1_05-02-2025,1,0.0,2.201218366622925,0.0,0,0
drill_4mm_13_batch_01_collet_1_05-02-2025,2,0.0,2.201218366622925,0.0,0,0
drill_4mm_13_batch_01_collet_1_05-02-2025,3,0.0,2.201218366622925,0.0,0,0
drill_4mm_13_batch_01_collet_1_05-02-2025,4,0.0,2.201218366622925,0.0,0,0
drill_4mm_13_batch_01_collet_1_05-02-2025,5,0.0,2.201218366622925,0.0,0,0
drill_4mm_13_batch_01_collet_1_05-02-2025,6,0.0,2.201218366622925,0.0,0,0
drill_4mm_13_batch_01_collet_1_05-02-2025,7,0.0,2.201218366622925,0.0,0,0
drill_4mm_13_batch_01_collet_1_05-02-2025,8,0.0,2.201218366622925,0.0,0,0
drill_4mm_13_batch_01_collet_1_05-02-2025,9,0.0,2.201218366622925,0.0,0,0
drill_4mm_13_batch_01_collet_1_05-02-2025,10,2.201218366622925,2.201218366622925,0.0,0,0
drill_4mm_13_batch_01_collet_1_05-02-2025,11,2.826519250869751,2.201218366622925,0.0,0,0
drill_4mm_13_batch_01_collet_1_05-02-2025,12,4.685036659240723,2.201218366622925,0.0,0,0
drill_4mm_13_batch_01_collet_1_05-02-2025,13,6.2521796226501465,2.201218366622925,0.0,0,0
drill_4mm_13_batch_01_collet_1_05-02-2025,14,8.147080421447754,2.201218366622925,0.0,0,0
drill_4mm_13_batch_01_collet_1_05-02-2025,15,14.745182991027832,2.201218366622925,0.0,0,0
drill_4mm_13_batch_01_collet_1_05-02-2025,16,12.944031715393066,2.201218366622925,0.0,1,0
drill_4mm_13_batch_01_collet_1_05-02-2025,17,23.5489559173584,2.201218366622925,0.0,1,0
drill_4mm_13_batch_01_collet_1_05-02-2025,18,26.19619369506836,2.201218366622925,1.0,1,0
drill_4mm_14_batch_01_collet_1_06-02-2025,1,0.0,1.6420209407806396,0.0,0,3
drill_4mm_14_batch_01_collet_1_06-02-2025,2,0.0,1.6420209407806396,0.0,0,3
drill_4mm_14_batch_01_collet_1_06-02-2025,3,0.0,1.6420209407806396,0.0,0,3
drill_4mm_14_batch_01_collet_1_06-02-2025,4,0.0,1.6420209407806396,0.0,0,3
drill_4mm_14_batch_01_collet_1_06-02-2025,5,0.0,1.6420209407806396,0.0,0,3
drill_4mm_14_batch_01_collet_1_06-02-2025,6,0.0,1.6420209407806396,0.0,0,3
drill_4mm_14_batch_01_collet_1_06-02-2025,7,0.0,1.6420209407806396,0.0,0,3
drill_4mm_14_batch_01_collet_1_06-02-2025,8,0.0,1.6420209407806396,0.0,0,3
drill_4mm_14_batch_01_collet_1_06-02-2025,9,0.0,1.6420209407806396,0.0,0,3
drill_4mm_14_batch_01_collet_1_06-02-2025,10,1.6420209407806396,1.6420209407806396,0.0,0,3
drill_4mm_14_batch_01_collet_1_06-02-2025,11,3.5936453342437744,1.6420209407806396,0.0,0,3
drill_4mm_14_batch_01_collet_1_06-02-2025,12,6.087392807006836,1.6420209407806396,0.0,0,3
drill_4mm_14_batch_01_collet_1_06-02-2025,13,24.115232467651367,1.6420209407806396,0.0,0,3
drill_4mm_14_batch_01_collet_1_06-02-2025,14,23.882688522338867,1.6420209407806396,0.0,0,3
drill_4mm_14_batch_01_collet_1_06-02-2025,15,15.607272148132324,1.6420209407806396,0.0,0,3
drill_4mm_14_batch_01_collet_1_06-02-2025,16,22.87723159790039,1.6420209407806396,0.0,0,3
drill_4mm_14_batch_01_collet_1_06-02-2025,17,18.667604446411133,1.6420209407806396,0.0,0,3
drill_4mm_14_batch_01_collet_1_06-02-2025,18,22.292097091674805,1.6420209407806396,1.0,1,3
drill_4mm_14_batch_01_collet_1_06-02-2025,19,23.6807804107666,1.6420209407806396,1.0,1,3
drill_4mm_14_batch_01_collet_1_06-02-2025,20,24.767057418823242,1.6420209407806396,1.0,1,3
drill_4mm_14_batch_01_collet_1_06-02-2025,21,25.112327575683594,1.6420209407806396,1.0,1,3
drill_4mm_15_batch_01_collet_1_06-02-2025,1,0.0,1.7634518146514893,0.0,0,26
drill_4mm_15_batch_01_collet_1_06-02-2025,2,0.0,1.7634518146514893,0.0,0,26
drill_4mm_15_batch_01_collet_1_06-02-2025,3,0.0,1.7634518146514893,0.0,0,26
drill_4mm_15_batch_01_collet_1_06-02-2025,4,0.0,1.7634518146514893,0.0,0,26
drill_4mm_15_batch_01_collet_1_06-02-2025,5,0.0,1.7634518146514893,0.0,0,26
drill_4mm_15_batch_01_collet_1_06-02-2025,6,0.0,1.7634518146514893,0.0,0,26
drill_4mm_15_batch_01_collet_1_06-02-2025,7,0.0,1.7634518146514893,0.0,0,26
drill_4mm_15_batch_01_collet_1_06-02-2025,8,0.0,1.7634518146514893,0.0,0,26
drill_4mm_15_batch_01_collet_1_06-02-2025,9,0.0,1.7634518146514893,0.0,0,26
drill_4mm_15_batch_01_collet_1_06-02-2025,10,1.7634518146514893,1.7634518146514893,0.0,0,26
drill_4mm_15_batch_01_collet_1_06-02-2025,11,2.204139232635498,1.7634518146514893,0.0,0,26
drill_4mm_15_batch_01_collet_1_06-02-2025,12,2.8019142150878906,1.7634518146514893,0.0,0,26
drill_4mm_15_batch_01_collet_1_06-02-2025,13,4.22648286819458,1.7634518146514893,0.0,0,26
drill_4mm_15_batch_01_collet_1_06-02-2025,14,13.166890144348145,1.7634518146514893,0.0,0,26
drill_4mm_15_batch_01_collet_1_06-02-2025,15,10.859825134277344,1.7634518146514893,0.0,0,26
drill_4mm_15_batch_01_collet_1_06-02-2025,16,9.688070297241211,1.7634518146514893,0.0,0,26
drill_4mm_15_batch_01_collet_1_06-02-2025,17,11.861655235290527,1.7634518146514893,0.0,0,26
drill_4mm_15_batch_01_collet_1_06-02-2025,18,14.379483222961426,1.7634518146514893,1.0,0,26
drill_4mm_15_batch_01_collet_1_06-02-2025,19,16.102197647094727,1.7634518146514893,1.0,0,26
drill_4mm_15_batch_01_collet_1_06-02-2025,20,16.944013595581055,1.7634518146514893,1.0,0,26
drill_4mm_15_batch_01_collet_1_06-02-2025,21,16.602603912353516,1.7634518146514893,1.0,0,26
drill_4mm_15_batch_01_collet_1_06-02-2025,22,19.54983901977539,1.7634518146514893,1.0,0,26
drill_4mm_15_batch_01_collet_1_06-02-2025,23,91.5819091796875,1.7634518146514893,1.0,0,26
drill_4mm_15_batch_01_collet_1_06-02-2025,24,99.49375915527344,1.7634518146514893,1.0,0,26
drill_4mm_15_batch_01_collet_1_06-02-2025,25,142.08042907714844,1.7634518146514893,1.0,0,26
drill_4mm_15_batch_01_collet_1_06-02-2025,26,192.76739501953125,1.7634518146514893,1.0,0,26
drill_4mm_15_batch_01_collet_1_06-02-2025,27,212.875,1.7634518146514893,1.0,0,26
drill_4mm_15_batch_01_collet_1_06-02-2025,28,200.76072692871094,1.7634518146514893,1.0,0,26
drill_4mm_15_batch_01_collet_1_06-02-2025,29,167.9391326904297,1.7634518146514893,1.0,0,26
drill_4mm_15_batch_01_collet_1_06-02-2025,30,185.43612670898438,1.7634518146514893,1.0,0,26
drill_4mm_15_batch_01_collet_1_06-02-2025,31,24.66511344909668,1.7634518146514893,1.0,0,26
drill_4mm_15_batch_01_collet_1_06-02-2025,32,43.16413879394531,1.7634518146514893,1.0,0,26
drill_4mm_15_batch_01_collet_1_06-02-2025,33,73.00737762451172,1.7634518146514893,1.0,0,26
drill_4mm_15_batch_01_collet_1_06-02-2025,34,100.80480194091797,1.7634518146514893,1.0,0,26
drill_4mm_15_batch_01_collet_1_06-02-2025,35,150.20742797851562,1.7634518146514893,1.0,0,26
drill_4mm_15_batch_01_collet_1_06-02-2025,36,118.16136169433594,1.7634518146514893,1.0,0,26
drill_4mm_15_batch_01_collet_1_06-02-2025,37,109.13691711425781,1.7634518146514893,1.0,1,26
drill_4mm_15_batch_01_collet_1_06-02-2025,38,77.76834869384766,1.7634518146514893,1.0,1,26
drill_4mm_15_batch_01_collet_1_06-02-2025,39,73.53580474853516,1.7634518146514893,1.0,1,26
drill_4mm_15_batch_01_collet_1_06-02-2025,40,33.244205474853516,1.7634518146514893,1.0,1,26
drill_4mm_15_batch_01_collet_1_06-02-2025,41,34.820064544677734,1.7634518146514893,1.0,1,26
drill_4mm_15_batch_01_collet_1_06-02-2025,42,18.835098266601562,1.7634518146514893,1.0,1,26
drill_4mm_15_batch_01_collet_1_06-02-2025,43,11.574919700622559,1.7634518146514893,1.0,1,26
drill_4mm_15_batch_01_collet_1_06-02-2025,44,13.482903480529785,1.7634518146514893,1.0,1,26
drill_4mm_16_batch_01_collet_1_06-02-2025,1,0.0,1.7839622497558594,0.0,0,20
drill_4mm_16_batch_01_collet_1_06-02-2025,2,0.0,1.7839622497558594,0.0,0,20
drill_4mm_16_batch_01_collet_1_06-02-2025,3,0.0,1.7839622497558594,0.0,0,20
drill_4mm_16_batch_01_collet_1_06-02-2025,4,0.0,1.7839622497558594,0.0,0,20
drill_4mm_16_batch_01_collet_1_06-02-2025,5,0.0,1.7839622497558594,0.0,0,20
drill_4mm_16_batch_01_collet_1_06-02-2025,6,0.0,1.7839622497558594,0.0,0,20
drill_4mm_16_batch_01_collet_1_06-02-2025,7,0.0,1.7839622497558594,0.0,0,20
drill_4mm_16_batch_01_collet_1_06-02-2025,8,0.0,1.7839622497558594,0.0,0,20
drill_4mm_16_batch_01_collet_1_06-02-2025,9,0.0,1.7839622497558594,0.0,0,20
drill_4mm_16_batch_01_collet_1_06-02-2025,10,1.7839622497558594,1.7839622497558594,0.0,0,20
drill_4mm_16_batch_01_collet_1_06-02-2025,11,3.4000136852264404,1.7839622497558594,0.0,0,20
drill_4mm_16_batch_01_collet_1_06-02-2025,12,12.045166969299316,1.7839622497558594,0.0,0,20
drill_4mm_16_batch_01_collet_1_06-02-2025,13,43.99962615966797,1.7839622497558594,0.0,0,20
drill_4mm_16_batch_01_collet_1_06-02-2025,14,58.36935043334961,1.7839622497558594,0.0,0,20
drill_4mm_16_batch_01_collet_1_06-02-2025,15,214.57398986816406,1.7839622497558594,0.0,0,20
drill_4mm_16_batch_01_collet_1_06-02-2025,16,57.146297454833984,1.7839622497558594,0.0,0,20
drill_4mm_16_batch_01_collet_1_06-02-2025,17,43.4484748840332,1.7839622497558594,0.0,0,20
drill_4mm_16_batch_01_collet_1_06-02-2025,18,40.59432601928711,1.7839622497558594,1.0,0,20
drill_4mm_16_batch_01_collet_1_06-02-2025,19,64.242431640625,1.7839622497558594,1.0,0,20
drill_4mm_16_batch_01_collet_1_06-02-2025,20,117.92433166503906,1.7839622497558594,1.0,0,20
drill_4mm_16_batch_01_collet_1_06-02-2025,21,170.49420166015625,1.7839622497558594,1.0,0,20
drill_4mm_16_batch_01_collet_1_06-02-2025,22,92.72367858886719,1.7839622497558594,1.0,0,20
drill_4mm_16_batch_01_collet_1_06-02-2025,23,91.66146850585938,1.7839622497558594,1.0,0,20
drill_4mm_16_batch_01_collet_1_06-02-2025,24,64.34246063232422,1.7839622497558594,1.0,0,20
drill_4mm_16_batch_01_collet_1_06-02-2025,25,67.6811294555664,1.7839622497558594,1.0,0,20
drill_4mm_16_batch_01_collet_1_06-02-2025,26,156.15769958496094,1.7839622497558594,1.0,0,20
drill_4mm_16_batch_01_collet_1_06-02-2025,27,86.69660186767578,1.7839622497558594,1.0,0,20
drill_4mm_16_batch_01_collet_1_06-02-2025,28,118.37078094482422,1.7839622497558594,1.0,0,20
drill_4mm_16_batch_01_collet_1_06-02-2025,29,411.2465515136719,1.7839622497558594,1.0,0,20
drill_4mm_16_batch_01_collet_1_06-02-2025,30,133.946533203125,1.7839622497558594,1.0,0,20
drill_4mm_16_batch_01_collet_1_06-02-2025,31,43.10124588012695,1.7839622497558594,1.0,0,20
drill_4mm_16_batch_01_collet_1_06-02-2025,32,126.10594940185547,1.7839622497558594,1.0,1,20
drill_4mm_16_batch_01_collet_1_06-02-2025,33,80.41702270507812,1.7839622497558594,1.0,1,20
drill_4mm_16_batch_01_collet_1_06-02-2025,34,24.249370574951172,1.7839622497558594,1.0,1,20
drill_4mm_16_batch_01_collet_1_06-02-2025,35,19.63549041748047,1.7839622497558594,1.0,1,20
drill_4mm_16_batch_01_collet_1_06-02-2025,36,21.141252517700195,1.7839622497558594,1.0,1,20
drill_4mm_16_batch_01_collet_1_06-02-2025,37,18.245853424072266,1.7839622497558594,1.0,1,20
drill_4mm_16_batch_01_collet_1_06-02-2025,38,17.067838668823242,1.7839622497558594,1.0,1,20
drill_4mm_17_batch_01_collet_1_06-02-2025,1,0.0,1.110609769821167,0.0,0,0
drill_4mm_17_batch_01_collet_1_06-02-2025,2,0.0,1.110609769821167,0.0,0,0
drill_4mm_17_batch_01_collet_1_06-02-2025,3,0.0,1.110609769821167,0.0,0,0
drill_4mm_17_batch_01_collet_1_06-02-2025,4,0.0,1.110609769821167,0.0,0,0
drill_4mm_17_batch_01_collet_1_06-02-2025,5,0.0,1.110609769821167,0.0,0,0
drill_4mm_17_batch_01_collet_1_06-02-2025,6,0.0,1.110609769821167,0.0,0,0
drill_4mm_17_batch_01_collet_1_06-02-2025,7,0.0,1.110609769821167,0.0,0,0
drill_4mm_17_batch_01_collet_1_06-02-2025,8,0.0,1.110609769821167,0.0,0,0
drill_4mm_17_batch_01_collet_1_06-02-2025,9,0.0,1.110609769821167,0.0,0,0
drill_4mm_17_batch_01_collet_1_06-02-2025,10,1.110609769821167,1.110609769821167,0.0,0,0
drill_4mm_17_batch_01_collet_1_06-02-2025,11,1.0578616857528687,1.110609769821167,0.0,0,0
drill_4mm_17_batch_01_collet_1_06-02-2025,12,1.2562700510025024,1.110609769821167,0.0,0,0
drill_4mm_17_batch_01_collet_1_06-02-2025,13,1.921013355255127,1.110609769821167,0.0,0,0
drill_4mm_17_batch_01_collet_1_06-02-2025,14,2.375373363494873,1.110609769821167,0.0,0,0
drill_4mm_17_batch_01_collet_1_06-02-2025,15,2.430434226989746,1.110609769821167,0.0,0,0
drill_4mm_17_batch_01_collet_1_06-02-2025,16,5.654061317443848,1.110609769821167,0.0,0,0
drill_4mm_17_batch_01_collet_1_06-02-2025,17,5.8536858558654785,1.110609769821167,0.0,1,0
drill_4mm_17_batch_01_collet_1_06-02-2025,18,4.282405376434326,1.110609769821167,0.0,1,0
drill_4mm_17_batch_01_collet_1_06-02-2025,19,7.136301517486572,1.110609769821167,1.0,1,0
drill_4mm_18_batch_01_collet_1_07-02-2025,1,0.0,1.0882469415664673,0.0,0,63
drill_4mm_18_batch_01_collet_1_07-02-2025,2,0.0,1.0882469415664673,0.0,0,63
drill_4mm_18_batch_01_collet_1_07-02-2025,3,0.0,1.0882469415664673,0.0,0,63
drill_4mm_18_batch_01_collet_1_07-02-2025,4,0.0,1.0882469415664673,0.0,0,63
drill_4mm_18_batch_01_collet_1_07-02-2025,5,0.0,1.0882469415664673,0.0,0,63
drill_4mm_18_batch_01_collet_1_07-02-2025,6,0.0,1.0882469415664673,0.0,0,63
drill_4mm_18_batch_01_collet_1_07-02-2025,7,0.0,1.0882469415664673,0.0,0,63
drill_4mm_18_batch_01_collet_1_07-02-2025,8,0.0,1.0882469415664673,0.0,0,63
drill_4mm_18_batch_01_collet_1_07-02-2025,9,0.0,1.0882469415664673,0.0,0,63
drill_4mm_18_batch_01_collet_1_07-02-2025,10,1.0882469415664673,1.0882469415664673,0.0,0,63
drill_4mm_18_batch_01_collet_1_07-02-2025,11,1.6701985597610474,1.0882469415664673,0.0,0,63
drill_4mm_18_batch_01_collet_1_07-02-2025,12,4.613075256347656,1.0882469415664673,0.0,0,63
drill_4mm_18_batch_01_collet_1_07-02-2025,13,19.30954933166504,1.0882469415664673,0.0,0,63
drill_4mm_18_batch_01_collet_1_07-02-2025,14,40.604637145996094,1.0882469415664673,0.0,0,63
drill_4mm_18_batch_01_collet_1_07-02-2025,15,76.15391540527344,1.0882469415664673,0.0,0,63
drill_4mm_18_batch_01_collet_1_07-02-2025,16,203.64437866210938,1.0882469415664673,0.0,0,63
drill_4mm_18_batch_01_collet_1_07-02-2025,17,413.076416015625,1.0882469415664673,0.0,0,63
drill_4mm_18_batch_01_collet_1_07-02-2025,18,917.943603515625,1.0882469415664673,1.0,0,63
drill_4mm_18_batch_01_collet_1_07-02-2025,19,1449.6962890625,1.0882469415664673,1.0,0,63
drill_4mm_18_batch_01_collet_1_07-02-2025,20,1993.49609375,1.0882469415664673,1.0,0,63
drill_4mm_18_batch_01_collet_1_07-02-2025,21,2429.261962890625,1.0882469415664673,1.0,0,63
drill_4mm_18_batch_01_collet_1_07-02-2025,22,2308.50927734375,1.0882469415664673,1.0,0,63
drill_4mm_18_batch_01_collet_1_07-02-2025,23,2762.907958984375,1.0882469415664673,1.0,0,63
drill_4mm_18_batch_01_collet_1_07-02-2025,24,3115.108154296875,1.0882469415664673,1.0,0,63
drill_4mm_18_batch_01_collet_1_07-02-2025,25,3174.496826171875,1.0882469415664673,1.0,0,63
drill_4mm_18_batch_01_collet_1_07-02-2025,26,3104.62353515625,1.0882469415664673,1.0,0,63
drill_4mm_18_batch_01_collet_1_07-02-2025,27,3312.14111328125,1.0882469415664673,1.0,0,63
drill_4mm_18_batch_01_collet_1_07-02-2025,28,3024.171142578125,1.0882469415664673,1.0,0,63
drill_4mm_18_batch_01_collet_1_07-02-2025,29,1796.90576171875,1.0882469415664673,1.0,0,63
drill_4mm_18_batch_01_collet_1_07-02-2025,30,123.89186096191406,1.0882469415664673,1.0,0,63
drill_4mm_18_batch_01_collet_1_07-02-2025,31,225.9096221923828,1.0882469415664673,1.0,0,63
drill_4mm_18_batch_01_collet_1_07-02-2025,32,906.382080078125,1.0882469415664673,1.0,0,63
drill_4mm_18_batch_01_collet_1_07-02-2025,33,1691.2701416015625,1.0882469415664673,1.0,0,63
drill_4mm_18_batch_01_collet_1_07-02-2025,34,1953.3533935546875,1.0882469415664673,1.0,0,63
drill_4mm_18_batch_01_collet_1_07-02-2025,35,2074.33447265625,1.0882469415664673,1.0,0,63
drill_4mm_18_batch_01_collet_1_07-02-2025,36,2184.385009765625,1.0882469415664673,1.0,0,63
drill_4mm_18_batch_01_collet_1_07-02-2025,37,64.1440658569336,1.0882469415664673,1.0,0,63
drill_4mm_18_batch_01_collet_1_07-02-2025,38,13.292155265808105,1.0882469415664673,1.0,0,63
drill_4mm_18_batch_01_collet_1_07-02-2025,39,12.853203773498535,1.0882469415664673,1.0,0,63
drill_4mm_18_batch_01_collet_1_07-02-2025,40,13.920310020446777,1.0882469415664673,1.0,0,63
drill_4mm_18_batch_01_collet_1_07-02-2025,41,16.191118240356445,1.0882469415664673,1.0,0,63
drill_4mm_18_batch_01_collet_1_07-02-2025,42,19.29383087158203,1.0882469415664673,1.0,0,63
drill_4mm_18_batch_01_collet_1_07-02-2025,43,22.938190460205078,1.0882469415664673,1.0,0,63
drill_4mm_18_batch_01_collet_1_07-02-2025,44,26.773216247558594,1.0882469415664673,1.0,0,63
drill_4mm_18_batch_01_collet_1_07-02-2025,45,24.142480850219727,1.0882469415664673,1.0,0,63
drill_4mm_18_batch_01_collet_1_07-02-2025,46,27.84882164001465,1.0882469415664673,1.0,0,63
drill_4mm_18_batch_01_collet_1_07-02-2025,47,25.038373947143555,1.0882469415664673,1.0,0,63
drill_4mm_18_batch_01_collet_1_07-02-2025,48,26.43986701965332,1.0882469415664673,1.0,0,63
drill_4mm_18_batch_01_collet_1_07-02-2025,49,26.031143188476562,1.0882469415664673,1.0,0,63
drill_4mm_18_batch_01_collet_1_07-02-2025,50,25.749614715576172,1.0882469415664673,1.0,0,63
drill_4mm_18_batch_01_collet_1_07-02-2025,51,28.897018432617188,1.0882469415664673,1.0,0,63
drill_4mm_18_batch_01_collet_1_07-02-2025,52,26.486324310302734,1.0882469415664673,1.0,0,63
drill_4mm_18_batch_01_collet_1_07-02-2025,53,30.999094009399414,1.0882469415664673,1.0,0,63
drill_4mm_18_batch_01_collet_1_07-02-2025,54,29.668498992919922,1.0882469415664673,1.0,0,63
drill_4mm_18_batch_01_collet_1_07-02-2025,55,28.143163681030273,1.0882469415664673,1.0,0,63
drill_4mm_18_batch_01_collet_1_07-02-2025,56,30.499149322509766,1.0882469415664673,1.0,0,63
drill_4mm_18_batch_01_collet_1_07-02-2025,57,30.197633743286133,1.0882469415664673,1.0,0,63
drill_4mm_18_batch_01_collet_1_07-02-2025,58,26.911455154418945,1.0882469415664673,1.0,0,63
drill_4mm_18_batch_01_collet_1_07-02-2025,59,27.454946517944336,1.0882469415664673,1.0,0,63
drill_4mm_18_batch_01_collet_1_07-02-2025,60,34.27729034423828,1.0882469415664673,1.0,0,63
drill_4mm_18_batch_01_collet_1_07-02-2025,61,35.1336784362793,1.0882469415664673,1.0,0,63
drill_4mm_18_batch_01_collet_1_07-02-2025,62,31.90641212463379,1.0882469415664673,1.0,0,63
drill_4mm_18_batch_01_collet_1_07-02-2025,63,29.67134666442871,1.0882469415664673,1.0,0,63
drill_4mm_18_batch_01_collet_1_07-02-2025,64,31.004995346069336,1.0882469415664673,1.0,0,63
drill_4mm_18_batch_01_collet_1_07-02-2025,65,28.885509490966797,1.0882469415664673,1.0,0,63
drill_4mm_18_batch_01_collet_1_07-02-2025,66,31.397132873535156,1.0882469415664673,1.0,1,63
drill_4mm_18_batch_01_collet_1_07-02-2025,67,33.67744064331055,1.0882469415664673,1.0,1,63
drill_4mm_18_batch_01_collet_1_07-02-2025,68,42.89751052856445,1.0882469415664673,1.0,1,63
drill_4mm_18_batch_01_collet_1_07-02-2025,69,61.13697814941406,1.0882469415664673,1.0,1,63
drill_4mm_18_batch_01_collet_1_07-02-2025,70,88.1745376586914,1.0882469415664673,1.0,1,63
drill_4mm_18_batch_01_collet_1_07-02-2025,71,89.47322082519531,1.0882469415664673,1.0,1,63
drill_4mm_18_batch_01_collet_1_07-02-2025,72,44.65510177612305,1.0882469415664673,1.0,1,63
drill_4mm_18_batch_01_collet_1_07-02-2025,73,31.98177146911621,1.0882469415664673,1.0,1,63
drill_4mm_18_batch_01_collet_1_07-02-2025,74,32.93318176269531,1.0882469415664673,1.0,1,63
drill_4mm_18_batch_01_collet_1_07-02-2025,75,40.518028259277344,1.0882469415664673,1.0,1,63
drill_4mm_18_batch_01_collet_1_07-02-2025,76,45.09943389892578,1.0882469415664673,1.0,1,63
drill_4mm_18_batch_01_collet_1_07-02-2025,77,51.76072311401367,1.0882469415664673,1.0,1,63
drill_4mm_18_batch_01_collet_1_07-02-2025,78,74.4602279663086,1.0882469415664673,1.0,1,63
drill_4mm_18_batch_01_collet_1_07-02-2025,79,65.11933898925781,1.0882469415664673,1.0,1,63
drill_4mm_18_batch_01_collet_1_07-02-2025,80,108.04296875,1.0882469415664673,1.0,1,63
drill_4mm_18_batch_01_collet_1_07-02-2025,81,46.12345886230469,1.0882469415664673,1.0,1,63
drill_4mm_19_batch_02_collet_1_13-02-2025,1,0.0,1.258501648902893,0.0,0,35
drill_4mm_19_batch_02_collet_1_13-02-2025,2,0.0,1.258501648902893,0.0,0,35
drill_4mm_19_batch_02_collet_1_13-02-2025,3,0.0,1.258501648902893,0.0,0,35
drill_4mm_19_batch_02_collet_1_13-02-2025,4,0.0,1.258501648902893,0.0,0,35
drill_4mm_19_batch_02_collet_1_13-02-2025,5,0.0,1.258501648902893,0.0,0,35
drill_4mm_19_batch_02_collet_1_13-02-2025,6,0.0,1.258501648902893,0.0,0,35
drill_4mm_19_batch_02_collet_1_13-02-2025,7,0.0,1.258501648902893,0.0,0,35
drill_4mm_19_batch_02_collet_1_13-02-2025,8,0.0,1.258501648902893,0.0,0,35
drill_4mm_19_batch_02_collet_1_13-02-2025,9,0.0,1.258501648902893,0.0,0,35
drill_4mm_19_batch_02_collet_1_13-02-2025,10,1.258501648902893,1.258501648902893,0.0,0,35
drill_4mm_19_batch_02_collet_1_13-02-2025,11,1.9911640882492065,1.258501648902893,0.0,0,35
drill_4mm_19_batch_02_collet_1_13-02-2025,12,2.601050853729248,1.258501648902893,0.0,0,35
drill_4mm_19_batch_02_collet_1_13-02-2025,13,2.678666353225708,1.258501648902893,0.0,0,35
drill_4mm_19_batch_02_collet_1_13-02-2025,14,3.2144269943237305,1.258501648902893,0.0,0,35
drill_4mm_19_batch_02_collet_1_13-02-2025,15,3.3953166007995605,1.258501648902893,0.0,0,35
drill_4mm_19_batch_02_collet_1_13-02-2025,16,4.84425687789917,1.258501648902893,0.0,0,35
drill_4mm_19_batch_02_collet_1_13-02-2025,17,5.938142776489258,1.258501648902893,0.0,0,35
drill_4mm_19_batch_02_collet_1_13-02-2025,18,7.951046466827393,1.258501648902893,1.0,0,35
drill_4mm_19_batch_02_collet_1_13-02-2025,19,8.396560668945312,1.258501648902893,1.0,0,35
drill_4mm_19_batch_02_collet_1_13-02-2025,20,9.187111854553223,1.258501648902893,1.0,0,35
drill_4mm_19_batch_02_collet_1_13-02-2025,21,9.583327293395996,1.258501648902893,1.0,0,35
drill_4mm_19_batch_02_collet_1_13-02-2025,22,10.14207935333252,1.258501648902893,1.0,0,35
drill_4mm_19_batch_02_collet_1_13-02-2025,23,10.565176010131836,1.258501648902893,1.0,0,35
drill_4mm_19_batch_02_collet_1_13-02-2025,24,11.046537399291992,1.258501648902893,1.0,0,35
drill_4mm_19_batch_02_collet_1_13-02-2025,25,12.094852447509766,1.258501648902893,1.0,0,35
drill_4mm_19_batch_02_collet_1_13-02-2025,26,11.548042297363281,1.258501648902893,1.0,0,35
drill_4mm_19_batch_02_collet_1_13-02-2025,27,11.926486015319824,1.258501648902893,1.0,0,35
drill_4mm_19_batch_02_collet_1_13-02-2025,28,11.001773834228516,1.258501648902893,1.0,0,35
drill_4mm_19_batch_02_collet_1_13-02-2025,29,10.311924934387207,1.258501648902893,1.0,0,35
drill_4mm_19_batch_02_collet_1_13-02-2025,30,9.447263717651367,1.258501648902893,1.0,0,35
drill_4mm_19_batch_02_collet_1_13-02-2025,31,10.13675594329834,1.258501648902893,1.0,0,35
drill_4mm_19_batch_02_collet_1_13-02-2025,32,9.729350090026855,1.258501648902893,1.0,0,35
drill_4mm_19_batch_02_collet_1_13-02-2025,33,9.700857162475586,1.258501648902893,1.0,0,35
drill_4mm_19_batch_02_collet_1_13-02-2025,34,9.866573333740234,1.258501648902893,1.0,0,35
drill_4mm_19_batch_02_collet_1_13-02-2025,35,10.149881362915039,1.258501648902893,1.0,0,35
drill_4mm_19_batch_02_collet_1_13-02-2025,36,9.383089065551758,1.258501648902893,1.0,0,35
drill_4mm_19_batch_02_collet_1_13-02-2025,37,9.973846435546875,1.258501648902893,1.0,0,35
drill_4mm_19_batch_02_collet_1_13-02-2025,38,10.185300827026367,1.258501648902893,1.0,0,35
drill_4mm_19_batch_02_collet_1_13-02-2025,39,9.725114822387695,1.258501648902893,1.0,0,35
drill_4mm_19_batch_02_collet_1_13-02-2025,40,10.568857192993164,1.258501648902893,1.0,0,35
drill_4mm_19_batch_02_collet_1_13-02-2025,41,10.709320068359375,1.258501648902893,1.0,0,35
drill_4mm_19_batch_02_collet_1_13-02-2025,42,10.546208381652832,1.258501648902893,1.0,0,35
drill_4mm_19_batch_02_collet_1_13-02-2025,43,10.0665922164917,1.258501648902893,1.0,0,35
drill_4mm_19_batch_02_collet_1_13-02-2025,44,9.583115577697754,1.258501648902893,1.0,1,35
drill_4mm_19_batch_02_collet_1_13-02-2025,45,9.703859329223633,1.258501648902893,1.0,1,35
drill_4mm_19_batch_02_collet_1_13-02-2025,46,9.473267555236816,1.258501648902893,1.0,1,35
drill_4mm_19_batch_02_collet_1_13-02-2025,47,9.249773025512695,1.258501648902893,1.0,1,35
drill_4mm_19_batch_02_collet_1_13-02-2025,48,8.776988983154297,1.258501648902893,1.0,1,35
drill_4mm_19_batch_02_collet_1_13-02-2025,49,9.606674194335938,1.258501648902893,1.0,1,35
drill_4mm_19_batch_02_collet_1_13-02-2025,50,10.159907341003418,1.258501648902893,1.0,1,35
drill_4mm_19_batch_02_collet_1_13-02-2025,51,9.941486358642578,1.258501648902893,1.0,1,35
drill_4mm_19_batch_02_collet_1_13-02-2025,52,11.776962280273438,1.258501648902893,1.0,1,35
drill_4mm_19_batch_02_collet_1_13-02-2025,53,12.133354187011719,1.258501648902893,1.0,1,35
drill_4mm_20_batch_03_collet_1_13-02-2025,1,0.0,1.2767744064331055,0.0,0,17
drill_4mm_20_batch_03_collet_1_13-02-2025,2,0.0,1.2767744064331055,0.0,0,17
drill_4mm_20_batch_03_collet_1_13-02-2025,3,0.0,1.2767744064331055,0.0,0,17
drill_4mm_20_batch_03_collet_1_13-02-2025,4,0.0,1.2767744064331055,0.0,0,17
drill_4mm_20_batch_03_collet_1_13-02-2025,5,0.0,1.2767744064331055,0.0,0,17
drill_4mm_20_batch_03_collet_1_13-02-2025,6,0.0,1.2767744064331055,0.0,0,17
drill_4mm_20_batch_03_collet_1_13-02-2025,7,0.0,1.2767744064331055,0.0,0,17
drill_4mm_20_batch_03_collet_1_13-02-2025,8,0.0,1.2767744064331055,0.0,0,17
drill_4mm_20_batch_03_collet_1_13-02-2025,9,0.0,1.2767744064331055,0.0,0,17
drill_4mm_20_batch_03_collet_1_13-02-2025,10,1.2767744064331055,1.2767744064331055,0.0,0,17
drill_4mm_20_batch_03_collet_1_13-02-2025,11,1.4539746046066284,1.2767744064331055,0.0,0,17
drill_4mm_20_batch_03_collet_1_13-02-2025,12,2.6892921924591064,1.2767744064331055,0.0,0,17
drill_4mm_20_batch_03_collet_1_13-02-2025,13,3.770972490310669,1.2767744064331055,0.0,0,17
drill_4mm_20_batch_03_collet_1_13-02-2025,14,4.24817419052124,1.2767744064331055,0.0,0,17
drill_4mm_20_batch_03_collet_1_13-02-2025,15,4.18238639831543,1.2767744064331055,0.0,0,17
drill_4mm_20_batch_03_collet_1_13-02-2025,16,5.255636215209961,1.2767744064331055,0.0,0,17
drill_4mm_20_batch_03_collet_1_13-02-2025,17,6.157382965087891,1.2767744064331055,0.0,0,17
drill_4mm_20_batch_03_collet_1_13-02-2025,18,7.311634063720703,1.2767744064331055,1.0,0,17
drill_4mm_20_batch_03_collet_1_13-02-2025,19,7.920665740966797,1.2767744064331055,1.0,0,17
drill_4mm_20_batch_03_collet_1_13-02-2025,20,9.437430381774902,1.2767744064331055,1.0,0,17
drill_4mm_20_batch_03_collet_1_13-02-2025,21,13.10893440246582,1.2767744064331055,1.0,0,17
drill_4mm_20_batch_03_collet_1_13-02-2025,22,16.562959671020508,1.2767744064331055,1.0,0,17
drill_4mm_20_batch_03_collet_1_13-02-2025,23,19.703594207763672,1.2767744064331055,1.0,0,17
drill_4mm_20_batch_03_collet_1_13-02-2025,24,6.7546467781066895,1.2767744064331055,1.0,0,17
drill_4mm_20_batch_03_collet_1_13-02-2025,25,4.534805774688721,1.2767744064331055,1.0,0,17
drill_4mm_20_batch_03_collet_1_13-02-2025,26,5.11607551574707,1.2767744064331055,1.0,0,17
drill_4mm_20_batch_03_collet_1_13-02-2025,27,6.169961929321289,1.2767744064331055,1.0,0,17
drill_4mm_20_batch_03_collet_1_13-02-2025,28,6.891596794128418,1.2767744064331055,1.0,0,17
drill_4mm_20_batch_03_collet_1_13-02-2025,29,5.644040584564209,1.2767744064331055,1.0,1,17
drill_4mm_20_batch_03_collet_1_13-02-2025,30,6.714317321777344,1.2767744064331055,1.0,1,17
drill_4mm_20_batch_03_collet_1_13-02-2025,31,5.351661682128906,1.2767744064331055,1.0,1,17
drill_4mm_20_batch_03_collet_1_13-02-2025,32,5.52268123626709,1.2767744064331055,1.0,1,17
drill_4mm_20_batch_03_collet_1_13-02-2025,33,5.044519424438477,1.2767744064331055,1.0,1,17
drill_4mm_20_batch_03_collet_1_13-02-2025,34,4.992068767547607,1.2767744064331055,1.0,1,17
drill_4mm_20_batch_03_collet_1_13-02-2025,35,5.706214904785156,1.2767744064331055,1.0,1,17
drill_4mm_21_batch_02_collet_2_14-02-2025,1,0.0,1.5466207265853882,0.0,0,10
drill_4mm_21_batch_02_collet_2_14-02-2025,2,0.0,1.5466207265853882,0.0,0,10
drill_4mm_21_batch_02_collet_2_14-02-2025,3,0.0,1.5466207265853882,0.0,0,10
drill_4mm_21_batch_02_collet_2_14-02-2025,4,0.0,1.5466207265853882,0.0,0,10
drill_4mm_21_batch_02_collet_2_14-02-2025,5,0.0,1.5466207265853882,0.0,0,10
drill_4mm_21_batch_02_collet_2_14-02-2025,6,0.0,1.5466207265853882,0.0,0,10
drill_4mm_21_batch_02_collet_2_14-02-2025,7,0.0,1.5466207265853882,0.0,0,10
drill_4mm_21_batch_02_collet_2_14-02-2025,8,0.0,1.5466207265853882,0.0,0,10
drill_4mm_21_batch_02_collet_2_14-02-2025,9,0.0,1.5466207265853882,0.0,0,10
drill_4mm_21_batch_02_collet_2_14-02-2025,10,1.5466207265853882,1.5466207265853882,0.0,0,10
drill_4mm_21_batch_02_collet_2_14-02-2025,11,1.8252406120300293,1.5466207265853882,0.0,0,10
drill_4mm_21_batch_02_collet_2_14-02-2025,12,3.4224588871002197,1.5466207265853882,0.0,0,10
drill_4mm_21_batch_02_collet_2_14-02-2025,13,11.317835807800293,1.5466207265853882,0.0,0,10
drill_4mm_21_batch_02_collet_2_14-02-2025,14,11.752511978149414,1.5466207265853882,0.0,0,10
drill_4mm_21_batch_02_collet_2_14-02-2025,15,12.107253074645996,1.5466207265853882,0.0,0,10
drill_4mm_21_batch_02_collet_2_14-02-2025,16,7.4005584716796875,1.5466207265853882,0.0,0,10
drill_4mm_21_batch_02_collet_2_14-02-2025,17,9.742860794067383,1.5466207265853882,0.0,0,10
drill_4mm_21_batch_02_collet_2_14-02-2025,18,9.557909965515137,1.5466207265853882,1.0,0,10
drill_4mm_21_batch_02_collet_2_14-02-2025,19,9.37435245513916,1.5466207265853882,1.0,0,10
drill_4mm_21_batch_02_collet_2_14-02-2025,20,9.393709182739258,1.5466207265853882,1.0,0,10
drill_4mm_21_batch_02_collet_2_14-02-2025,21,9.503142356872559,1.5466207265853882,1.0,0,10
drill_4mm_21_batch_02_collet_2_14-02-2025,22,11.908644676208496,1.5466207265853882,1.0,0,10
drill_4mm_21_batch_02_collet_2_14-02-2025,23,10.444238662719727,1.5466207265853882,1.0,0,10
drill_4mm_21_batch_02_collet_2_14-02-2025,24,11.908010482788086,1.5466207265853882,1.0,1,10
drill_4mm_21_batch_02_collet_2_14-02-2025,25,11.496219635009766,1.5466207265853882,1.0,1,10
drill_4mm_21_batch_02_collet_2_14-02-2025,26,16.679216384887695,1.5466207265853882,1.0,1,10
drill_4mm_21_batch_02_collet_2_14-02-2025,27,10.787392616271973,1.5466207265853882,1.0,1,10
drill_4mm_21_batch_02_collet_2_14-02-2025,28,34.160831451416016,1.5466207265853882,1.0,1,10
drill_4mm_22_batch_03_collet_2_14-02-2025,1,0.0,1.05270254611969,0.0,0,6
drill_4mm_22_batch_03_collet_2_14-02-2025,2,0.0,1.05270254611969,0.0,0,6
drill_4mm_22_batch_03_collet_2_14-02-2025,3,0.0,1.05270254611969,0.0,0,6
drill_4mm_22_batch_03_collet_2_14-02-2025,4,0.0,1.05270254611969,0.0,0,6
drill_4mm_22_batch_03_collet_2_14-02-2025,5,0.0,1.05270254611969,0.0,0,6
drill_4mm_22_batch_03_collet_2_14-02-2025,6,0.0,1.05270254611969,0.0,0,6
drill_4mm_22_batch_03_collet_2_14-02-2025,7,0.0,1.05270254611969,0.0,0,6
drill_4mm_22_batch_03_collet_2_14-02-2025,8,0.0,1.05270254611969,0.0,0,6
drill_4mm_22_batch_03_collet_2_14-02-2025,9,0.0,1.05270254611969,0.0,0,6
drill_4mm_22_batch_03_collet_2_14-02-2025,10,1.05270254611969,1.05270254611969,0.0,0,6
drill_4mm_22_batch_03_collet_2_14-02-2025,11,2.0099220275878906,1.05270254611969,0.0,0,6
drill_4mm_22_batch_03_collet_2_14-02-2025,12,2.510247230529785,1.05270254611969,0.0,0,6
drill_4mm_22_batch_03_collet_2_14-02-2025,13,4.862262725830078,1.05270254611969,0.0,0,6
drill_4mm_22_batch_03_collet_2_14-02-2025,14,5.456324577331543,1.05270254611969,0.0,0,6
drill_4mm_22_batch_03_collet_2_14-02-2025,15,20.965967178344727,1.05270254611969,0.0,0,6
drill_4mm_22_batch_03_collet_2_14-02-2025,16,45.430564880371094,1.05270254611969,0.0,0,6
drill_4mm_22_batch_03_collet_2_14-02-2025,17,58.86468505859375,1.05270254611969,0.0,0,6
drill_4mm_22_batch_03_collet_2_14-02-2025,18,94.67212677001953,1.05270254611969,1.0,0,6
drill_4mm_22_batch_03_collet_2_14-02-2025,19,40.369991302490234,1.05270254611969,1.0,0,6
drill_4mm_22_batch_03_collet_2_14-02-2025,20,11.712160110473633,1.05270254611969,1.0,0,6
drill_4mm_22_batch_03_collet_2_14-02-2025,21,9.993081092834473,1.05270254611969,1.0,1,6
drill_4mm_22_batch_03_collet_2_14-02-2025,22,9.237548828125,1.05270254611969,1.0,1,6
drill_4mm_22_batch_03_collet_2_14-02-2025,23,13.281780242919922,1.05270254611969,1.0,1,6
drill_4mm_22_batch_03_collet_2_14-02-2025,24,53.6868782043457,1.05270254611969,1.0,1,6
drill_4mm_23_batch_01_collet_2_14-02-2025,1,0.0,3.69154691696167,0.0,0,22
drill_4mm_23_batch_01_collet_2_14-02-2025,2,0.0,3.69154691696167,0.0,0,22
drill_4mm_23_batch_01_collet_2_14-02-2025,3,0.0,3.69154691696167,0.0,0,22
drill_4mm_23_batch_01_collet_2_14-02-2025,4,0.0,3.69154691696167,0.0,0,22
drill_4mm_23_batch_01_collet_2_14-02-2025,5,0.0,3.69154691696167,0.0,0,22
drill_4mm_23_batch_01_collet_2_14-02-2025,6,0.0,3.69154691696167,0.0,0,22
drill_4mm_23_batch_01_collet_2_14-02-2025,7,0.0,3.69154691696167,0.0,0,22
drill_4mm_23_batch_01_collet_2_14-02-2025,8,0.0,3.69154691696167,0.0,0,22
drill_4mm_23_batch_01_collet_2_14-02-2025,9,0.0,3.69154691696167,0.0,0,22
drill_4mm_23_batch_01_collet_2_14-02-2025,10,3.69154691696167,3.69154691696167,0.0,0,22
drill_4mm_23_batch_01_collet_2_14-02-2025,11,6.530639171600342,3.69154691696167,0.0,0,22
drill_4mm_23_batch_01_collet_2_14-02-2025,12,13.727049827575684,3.69154691696167,0.0,0,22
drill_4mm_23_batch_01_collet_2_14-02-2025,13,20.79191017150879,3.69154691696167,0.0,0,22
drill_4mm_23_batch_01_collet_2_14-02-2025,14,26.259084701538086,3.69154691696167,0.0,0,22
drill_4mm_23_batch_01_collet_2_14-02-2025,15,19.49752426147461,3.69154691696167,0.0,0,22
drill_4mm_23_batch_01_collet_2_14-02-2025,16,50.30220413208008,3.69154691696167,0.0,0,22
drill_4mm_23_batch_01_collet_2_14-02-2025,17,44.27105712890625,3.69154691696167,0.0,0,22
drill_4mm_23_batch_01_collet_2_14-02-2025,18,20.669939041137695,3.69154691696167,1.0,0,22
drill_4mm_23_batch_01_collet_2_14-02-2025,19,107.17549133300781,3.69154691696167,1.0,0,22
drill_4mm_23_batch_01_collet_2_14-02-2025,20,184.97679138183594,3.69154691696167,1.0,0,22
drill_4mm_23_batch_01_collet_2_14-02-2025,21,269.1544494628906,3.69154691696167,1.0,0,22
drill_4mm_23_batch_01_collet_2_14-02-2025,22,351.3182678222656,3.69154691696167,1.0,0,22
drill_4mm_23_batch_01_collet_2_14-02-2025,23,410.1005859375,3.69154691696167,1.0,0,22
drill_4mm_23_batch_01_collet_2_14-02-2025,24,470.0725402832031,3.69154691696167,1.0,0,22
drill_4mm_23_batch_01_collet_2_14-02-2025,25,389.7594909667969,3.69154691696167,1.0,0,22
drill_4mm_23_batch_01_collet_2_14-02-2025,26,365.8171081542969,3.69154691696167,1.0,0,22
drill_4mm_23_batch_01_collet_2_14-02-2025,27,55.661624908447266,3.69154691696167,1.0,0,22
drill_4mm_23_batch_01_collet_2_14-02-2025,28,160.7603759765625,3.69154691696167,1.0,0,22
drill_4mm_23_batch_01_collet_2_14-02-2025,29,82.04454803466797,3.69154691696167,1.0,0,22
drill_4mm_23_batch_01_collet_2_14-02-2025,30,28.341001510620117,3.69154691696167,1.0,0,22
drill_4mm_23_batch_01_collet_2_14-02-2025,31,72.7474365234375,3.69154691696167,1.0,0,22
drill_4mm_23_batch_01_collet_2_14-02-2025,32,53.71955871582031,3.69154691696167,1.0,0,22
drill_4mm_23_batch_01_collet_2_14-02-2025,33,128.71617126464844,3.69154691696167,1.0,1,22
drill_4mm_23_batch_01_collet_2_14-02-2025,34,147.24671936035156,3.69154691696167,1.0,1,22
drill_4mm_23_batch_01_collet_2_14-02-2025,35,142.18789672851562,3.69154691696167,1.0,1,22
drill_4mm_23_batch_01_collet_2_14-02-2025,36,162.66331481933594,3.69154691696167,1.0,1,22
drill_4mm_23_batch_01_collet_2_14-02-2025,37,221.25804138183594,3.69154691696167,1.0,1,22
drill_4mm_23_batch_01_collet_2_14-02-2025,38,94.10236358642578,3.69154691696167,1.0,1,22
drill_4mm_23_batch_01_collet_2_14-02-2025,39,72.65679168701172,3.69154691696167,1.0,1,22
drill_4mm_23_batch_01_collet_2_14-02-2025,40,31.778743743896484,3.69154691696167,1.0,1,22
